-29.21 0 -4.0294 0 0 1 0
-29.21 -0 -13.1734 0 0 -1 1
-28.8671 0 -4.0294 -0.707107 0 0.707107 1
-28.8671 0 -13.1734 -0.707107 0 -0.707107 0
23.2513 0 -2.01155 0.171742 0 0.985142 0
-23.2817 0 -2.01498 -0.052336 0 0.99863 0
26.5811 0 -2.42893 1 0 0 1
-26.5811 0 -2.98165 -0.707107 0 0.707107 0
-28.6131 0 -2.98165 0 0 1 0
-28.8671 0 -13.9671 -1 0 0 0
-28.468 -4.7834 -8.6014 -0.78456 -0.620052 0 1
-20.2195 -20.6029 -8.6014 -0.270265 -0.962786 0 1
-4.24782 -28.5529 -8.6014 0.347263 -0.937768 0 1
13.3464 -25.5966 -8.6014 0.832148 -0.554554 0 1
25.8427 -12.8632 -8.6014 0.99918 0.0404799 0 1
28.468 4.7834 -8.6014 0.78456 0.620052 0 1
25.5966 13.3464 -8.6014 0.554554 0.832148 0 1
20.2195 20.6029 -8.6014 0.270265 0.962786 0 1
4.24782 28.5529 -8.6014 -0.347263 0.937768 0 1
-4.7834 28.468 -8.6014 -0.620052 0.78456 0 1
-25.8427 12.8632 -8.6014 -0.99918 -0.0404799 0 0
29.21 -0 -4.0294 0 0 1 0
37.7499 0 -16.7858 0.087156 0 0.996195 0
-40.0685 0 -19.3161 -1 0 0 1
30.48 0 -11.7764 0.707107 0 0.707107 1
-26.5811 0 -15.8086 -0.737277 0 0.67559 1
-40.0685 0 -23.572 -0.947755 0 -0.319 0
-20.6559 0 -20.1636 0.975899 0 -0.218224 1
-30.48 -0 -11.7764 -0.707107 0 0.707107 0
-29.21 1.09415 -13.0405 0 0.239316 -0.970942 0
-29.21 2.12471 -12.6497 0 0.464723 -0.885456 0
-29.21 3.0318 -12.0236 0 0.663123 -0.748511 0
-29.21 3.76268 -11.1986 0 0.822984 -0.568065 0
-29.21 4.27489 -10.2226 0 0.935016 -0.354605 0
-29.21 4.53866 -9.15249 0 0.992709 -0.120537 0
-29.21 4.53866 -8.0503 0 0.992709 0.120537 0
-29.21 3.0318 -5.1792 0 0.663123 0.748511 0
-29.21 2.12471 -4.55309 0 0.464723 0.885456 0
-29.21 1.09415 -4.16225 0 0.239316 0.970942 0
-29.0386 0 -4.0294 0 0 1 1
-28.8463 1.09558 -4.16265 -0.703406 0.195394 0.683404 1
-28.7074 3.03208 -5.17958 -0.679913 0.525238 0.511707 1
-28.6209 3.76202 -6.00323 -0.666262 0.64052 0.381874 1
-28.5489 4.27425 -6.97847 -0.655419 0.717694 0.235247 1
-28.5081 4.53861 -8.04946 -0.649467 0.756234 0.079391 1
-28.5081 4.53845 -9.15331 -0.649469 0.756232 -0.0793912 1
-28.5489 4.27428 -10.2243 -0.655419 0.717694 -0.235247 1
-28.6209 3.76202 -11.1996 -0.666263 0.640516 -0.38188 1
-28.8463 1.09562 -13.0402 -0.703406 0.195399 -0.683403 1
-28.7887 -2.12619 -12.6489 -0.69341 -0.374563 -0.615536 1
-28.7074 -3.03216 -12.0233 -0.679912 -0.525238 -0.511707 1
-28.5489 -4.27423 -6.97848 -0.65542 -0.717693 0.235249 1
-28.7887 -2.12622 -4.55388 -0.69341 -0.374564 0.615536 1
-29.21 -2.12471 -4.55309 0 -0.464723 0.885456 0
-29.21 -3.76268 -6.0042 0 -0.822984 0.568065 0
-29.21 -4.27489 -6.98014 0 -0.935016 0.354605 0
-29.21 -4.53866 -8.0503 0 -0.992709 0.120537 0
-29.21 -4.53866 -9.15249 0 -0.992709 -0.120537 0
-29.21 -4.27489 -10.2226 0 -0.935016 -0.354605 0
-29.21 -2.12471 -12.6497 0 -0.464723 -0.885456 0
-29.21 -1.09415 -13.0405 0 -0.239316 -0.970942 0
23.2215 -1.17766 -2.01155 0.171521 -0.008699 0.985142 0
23.1321 -2.3523 -2.01155 0.17086 -0.017375 0.985142 0
22.9832 -3.5209 -2.01155 0.169761 -0.026006 0.985142 0
22.5091 -5.82801 -2.01155 0.166259 -0.043047 0.985142 0
21.804 -8.07531 -2.01155 0.161051 -0.059647 0.985142 0
20.8752 -10.2398 -2.01155 0.15419 -0.075634 0.985142 0
18.3866 -14.2323 -2.01155 0.135809 -0.105124 0.985142 0
17.6421 -15.1453 -2.01155 0.13031 -0.111868 0.985142 0
12.2991 -19.7321 -2.01155 0.090845 -0.145747 0.985142 0
9.1693 -21.367 -2.01155 0.067727 -0.157823 0.985142 0
5.82801 -22.5091 -2.01155 0.043047 -0.166259 0.985142 0
4.68046 -22.7754 -2.01155 0.034571 -0.168226 0.985142 0
3.5209 -22.9832 -2.01155 0.026006 -0.169761 0.985142 0
1.17766 -23.2215 -2.01155 0.008699 -0.171521 0.985142 0
-1.17766 -23.2215 -2.01155 -0.008699 -0.171521 0.985142 0
-2.3523 -23.1321 -2.01155 -0.017375 -0.17086 0.985142 0
-6.96059 -22.185 -2.01155 -0.051413 -0.163865 0.985142 0
-9.1693 -21.367 -2.01155 -0.067727 -0.157823 0.985142 0
-11.2839 -20.3297 -2.01155 -0.083346 -0.150162 0.985142 0
-16.8524 -16.0194 -2.01155 -0.124477 -0.118324 0.985142 0
-17.6421 -15.1453 -2.01155 -0.13031 -0.111868 0.985142 0
-19.7321 -12.2991 -2.01155 -0.145747 -0.090845 0.985142 0
-20.8752 -10.2398 -2.01155 -0.15419 -0.075634 0.985142 0
-21.367 -9.1693 -2.01155 -0.157823 -0.067727 0.985142 0
-22.185 -6.96059 -2.01155 -0.163865 -0.051413 0.985142 0
-22.5091 -5.82801 -2.01155 -0.166259 -0.043047 0.985142 0
-23.2215 -1.17766 -2.01155 -0.171521 -0.008699 0.985142 0
4.6725 0 -0.080782 0.034513 0 0.999404 0
8.17352 0 -0.247211 0.060372 0 0.998176 0
9.33943 0 -0.322808 0.068984 0 0.997618 0
15.1568 0 -0.851359 0.111953 0 0.993714 0
17.4765 0 -1.1329 0.129087 0 0.991633 0
18.6344 0 -1.28867 0.137639 0 0.990482 0
19.7909 0 -1.45443 0.146182 0 0.989258 0
-23.2215 1.17766 -2.01155 -0.171521 0.008699 0.985142 0
-22.9832 3.5209 -2.01155 -0.169761 0.026006 0.985142 0
-22.7754 4.68046 -2.01155 -0.168226 0.034571 0.985142 0
-19.7321 12.2991 -2.01155 -0.145747 0.090845 0.985142 0
-19.0839 13.2828 -2.01155 -0.140959 0.09811 0.985142 0
-18.3866 14.2323 -2.01155 -0.135809 0.105124 0.985142 0
-17.6421 15.1453 -2.01155 -0.13031 0.111868 0.985142 0
-16.0194 16.8524 -2.01155 -0.118324 0.124477 0.985142 0
-15.1453 17.6421 -2.01155 -0.111868 0.13031 0.985142 0
-14.2323 18.3866 -2.01155 -0.105124 0.135809 0.985142 0
-12.2991 19.7321 -2.01155 -0.090845 0.145747 0.985142 0
-10.2398 20.8752 -2.01155 -0.075634 0.15419 0.985142 0
-9.1693 21.367 -2.01155 -0.067727 0.157823 0.985142 0
-6.96059 22.185 -2.01155 -0.051413 0.163865 0.985142 0
-4.68046 22.7754 -2.01155 -0.034571 0.168226 0.985142 0
-3.5209 22.9832 -2.01155 -0.026006 0.169761 0.985142 0
-2.3523 23.1321 -2.01155 -0.017375 0.17086 0.985142 0
3.5209 22.9832 -2.01155 0.026006 0.169761 0.985142 0
5.82801 22.5091 -2.01155 0.043047 0.166259 0.985142 0
9.1693 21.367 -2.01155 0.067727 0.157823 0.985142 0
13.2828 19.0839 -2.01155 0.09811 0.140959 0.985142 0
14.2323 18.3866 -2.01155 0.105124 0.135809 0.985142 0
15.1453 17.6421 -2.01155 0.111868 0.13031 0.985142 0
19.7321 12.2991 -2.01155 0.145747 0.090845 0.985142 0
20.3297 11.2839 -2.01155 0.150162 0.083346 0.985142 0
21.804 8.07531 -2.01155 0.161051 0.059647 0.985142 0
22.7754 4.68046 -2.01155 0.168226 0.034571 0.985142 0
22.9832 3.5209 -2.01155 0.169761 0.026006 0.985142 0
23.2215 1.17766 -2.01155 0.171521 0.008699 0.985142 0
-25.68 5.86129 -2.17528 -0.051024 0.011646 0.99863 0
-25.0512 8.13963 -2.17528 -0.049774 0.016173 0.99863 0
-24.6608 9.25535 -2.17528 -0.048999 0.0183895 0.99863 0
-23.1952 12.4819 -2.17528 -0.046087 0.0248 0.99863 0
-22.6119 13.51 -2.17528 -0.044928 0.026843 0.99863 0
-21.983 14.5108 -2.17528 -0.043678 0.028832 0.99863 0
-21.3098 15.4825 -2.17528 -0.042341 0.030762 0.99863 0
-20.5937 16.423 -2.17528 -0.040918 0.032631 0.99863 0
-19.0387 18.2029 -2.17528 -0.037828 0.036167 0.99863 0
-18.2029 19.0387 -2.17528 -0.036167 0.037828 0.99863 0
-17.3304 19.8362 -2.17528 -0.034434 0.039413 0.99863 0
-16.423 20.5937 -2.17528 -0.032631 0.040918 0.99863 0
-13.51 22.6119 -2.17528 -0.026843 0.044928 0.99863 0
-12.4819 23.1952 -2.17528 -0.0248 0.046087 0.99863 0
-11.4287 23.7319 -2.17528 -0.022708 0.047153 0.99863 0
-9.25535 24.6608 -2.17528 -0.0183895 0.048999 0.99863 0
-8.13963 25.0512 -2.17528 -0.016173 0.049774 0.99863 0
-7.00751 25.3912 -2.17528 -0.013923 0.05045 0.99863 0
-5.86129 25.68 -2.17528 -0.011646 0.051024 0.99863 0
-4.70326 25.9171 -2.17528 -0.009345 0.051495 0.99863 0
-3.53576 26.102 -2.17528 -0.007025 0.051862 0.99863 0
-2.36113 26.2344 -2.17528 -0.004691 0.052125 0.99863 0
0 26.3404 -2.17528 0 0.052336 0.99863 0
1.18176 26.3139 -2.17528 0.002348 0.052283 0.99863 0
2.36113 26.2344 -2.17528 0.004691 0.052125 0.99863 0
3.53576 26.102 -2.17528 0.007025 0.051862 0.99863 0
5.86129 25.68 -2.17528 0.011646 0.051024 0.99863 0
7.00751 25.3912 -2.17528 0.013923 0.05045 0.99863 0
10.3524 24.2207 -2.17528 0.020569 0.048124 0.99863 0
12.4819 23.1952 -2.17528 0.0248 0.046087 0.99863 0
13.51 22.6119 -2.17528 0.026843 0.044928 0.99863 0
16.423 20.5937 -2.17528 0.032631 0.040918 0.99863 0
18.2029 19.0387 -2.17528 0.036167 0.037828 0.99863 0
19.0387 18.2029 -2.17528 0.037828 0.036167 0.99863 0
21.983 14.5108 -2.17528 0.043678 0.028832 0.99863 0
22.6119 13.51 -2.17528 0.044928 0.026843 0.99863 0
23.1952 12.4819 -2.17528 0.046087 0.0248 0.99863 0
24.2207 10.3524 -2.17528 0.048124 0.020569 0.99863 0
25.0512 8.13963 -2.17528 0.049774 0.016173 0.99863 0
25.3912 7.00751 -2.17528 0.05045 0.013923 0.99863 0
26.102 3.53576 -2.17528 0.051862 0.007025 0.99863 0
26.3404 -0 -2.17528 0.052336 0 0.99863 0
26.3139 -1.18176 -2.17528 0.052283 -0.002348 0.99863 0
26.102 -3.53576 -2.17528 0.051862 -0.007025 0.99863 0
25.68 -5.86129 -2.17528 0.051024 -0.011646 0.99863 0
25.0512 -8.13963 -2.17528 0.049774 -0.016173 0.99863 0
24.6608 -9.25535 -2.17528 0.048999 -0.0183895 0.99863 0
24.2207 -10.3524 -2.17528 0.048124 -0.020569 0.99863 0
23.7319 -11.4287 -2.17528 0.047153 -0.022708 0.99863 0
21.983 -14.5108 -2.17528 0.043678 -0.028832 0.99863 0
20.5937 -16.423 -2.17528 0.040918 -0.032631 0.99863 0
19.8362 -17.3304 -2.17528 0.039413 -0.034434 0.99863 0
17.3304 -19.8362 -2.17528 0.034434 -0.039413 0.99863 0
15.4825 -21.3098 -2.17528 0.030762 -0.042341 0.99863 0
9.25535 -24.6608 -2.17528 0.0183895 -0.048999 0.99863 0
8.13963 -25.0512 -2.17528 0.016173 -0.049774 0.99863 0
5.86129 -25.68 -2.17528 0.011646 -0.051024 0.99863 0
3.53576 -26.102 -2.17528 0.007025 -0.051862 0.99863 0
2.36113 -26.2344 -2.17528 0.004691 -0.052125 0.99863 0
1.18176 -26.3139 -2.17528 0.002348 -0.052283 0.99863 0
-1.18176 -26.3139 -2.17528 -0.002348 -0.052283 0.99863 0
-4.70326 -25.9171 -2.17528 -0.009345 -0.051495 0.99863 0
-5.86129 -25.68 -2.17528 -0.011646 -0.051024 0.99863 0
-8.13963 -25.0512 -2.17528 -0.016173 -0.049774 0.99863 0
-10.3524 -24.2207 -2.17528 -0.020569 -0.048124 0.99863 0
-12.4819 -23.1952 -2.17528 -0.0248 -0.046087 0.99863 0
-14.5108 -21.983 -2.17528 -0.028832 -0.043678 0.99863 0
-15.4825 -21.3098 -2.17528 -0.030762 -0.042341 0.99863 0
-17.3304 -19.8362 -2.17528 -0.034434 -0.039413 0.99863 0
-19.8362 -17.3304 -2.17528 -0.039413 -0.034434 0.99863 0
-20.5937 -16.423 -2.17528 -0.040918 -0.032631 0.99863 0
-21.983 -14.5108 -2.17528 -0.043678 -0.028832 0.99863 0
-22.6119 -13.51 -2.17528 -0.044928 -0.026843 0.99863 0
-24.2207 -10.3524 -2.17528 -0.048124 -0.020569 0.99863 0
-25.3912 -7.00751 -2.17528 -0.05045 -0.013923 0.99863 0
-25.68 -5.86129 -2.17528 -0.051024 -0.011646 0.99863 0
-26.102 -3.53576 -2.17528 -0.051862 -0.007025 0.99863 0
-26.3139 -1.18176 -2.17528 -0.052283 -0.002348 0.99863 0
-25.3208 -0 -2.12185 -0.052336 0 0.99863 0
-23.2518 1.1792 -2.01498 -0.052269 0.002651 0.99863 0
-23.1622 2.35537 -2.01498 -0.052067 0.005295 0.99863 0
-23.0132 3.52549 -2.01498 -0.051732 0.007925 0.99863 0
-22.8051 4.68657 -2.01498 -0.051265 0.010535 0.99863 0
-22.214 6.96967 -2.01498 -0.049936 0.015667 0.99863 0
-21.8324 8.08585 -2.01498 -0.049078 0.018177 0.99863 0
-21.3949 9.18126 -2.01498 -0.0480945 0.020639 0.99863 0
-20.9024 10.2531 -2.01498 -0.046987 0.023048 0.99863 0
-18.4106 14.2509 -2.01498 -0.041386 0.032035 0.99863 0
-16.0403 16.8744 -2.01498 -0.036058 0.037933 0.99863 0
-9.18126 21.3949 -2.01498 -0.020639 0.0480945 0.99863 0
-8.08585 21.8324 -2.01498 -0.018177 0.049078 0.99863 0
-6.96967 22.214 -2.01498 -0.015667 0.049936 0.99863 0
-3.52549 23.0132 -2.01498 -0.007925 0.051732 0.99863 0
-2.35537 23.1622 -2.01498 -0.005295 0.052067 0.99863 0
-0 23.2817 -2.01498 0 0.052336 0.99863 0
1.1792 23.2518 -2.01498 0.002651 0.052269 0.99863 0
2.35537 23.1622 -2.01498 0.005295 0.052067 0.99863 0
4.68657 22.8051 -2.01498 0.010535 0.051265 0.99863 0
5.83561 22.5385 -2.01498 0.013118 0.050665 0.99863 0
6.96967 22.214 -2.01498 0.015667 0.049936 0.99863 0
8.08585 21.8324 -2.01498 0.018177 0.049078 0.99863 0
9.18126 21.3949 -2.01498 0.020639 0.0480945 0.99863 0
13.3001 19.1087 -2.01498 0.029898 0.042955 0.99863 0
14.2509 18.4106 -2.01498 0.032035 0.041386 0.99863 0
16.0403 16.8744 -2.01498 0.036058 0.037933 0.99863 0
17.6652 15.165 -2.01498 0.03971 0.03409 0.99863 0
18.4106 14.2509 -2.01498 0.041386 0.032035 0.99863 0
19.7579 12.3152 -2.01498 0.0444145 0.027684 0.99863 0
20.3563 11.2986 -2.01498 0.04576 0.025399 0.99863 0
20.9024 10.2531 -2.01498 0.046987 0.023048 0.99863 0
21.8324 8.08585 -2.01498 0.049078 0.018177 0.99863 0
23.0132 3.52549 -2.01498 0.051732 0.007925 0.99863 0
23.1622 2.35537 -2.01498 0.052067 0.005295 0.99863 0
23.2518 1.1792 -2.01498 0.052269 0.002651 0.99863 0
23.2518 -1.1792 -2.01498 0.052269 -0.002651 0.99863 0
23.0132 -3.52549 -2.01498 0.051732 -0.007925 0.99863 0
21.3949 -9.18126 -2.01498 0.0480945 -0.020639 0.99863 0
19.1087 -13.3001 -2.01498 0.042955 -0.029898 0.99863 0
16.8744 -16.0403 -2.01498 0.037933 -0.036058 0.99863 0
16.0403 -16.8744 -2.01498 0.036058 -0.037933 0.99863 0
15.165 -17.6652 -2.01498 0.03409 -0.03971 0.99863 0
10.2531 -20.9024 -2.01498 0.023048 -0.046987 0.99863 0
4.68657 -22.8051 -2.01498 0.010535 -0.051265 0.99863 0
3.52549 -23.0132 -2.01498 0.007925 -0.051732 0.99863 0
2.35537 -23.1622 -2.01498 0.005295 -0.052067 0.99863 0
-1.1792 -23.2518 -2.01498 -0.002651 -0.052269 0.99863 0
-2.35537 -23.1622 -2.01498 -0.005295 -0.052067 0.99863 0
-3.52549 -23.0132 -2.01498 -0.007925 -0.051732 0.99863 0
-11.2986 -20.3563 -2.01498 -0.025399 -0.04576 0.99863 0
-12.3152 -19.7579 -2.01498 -0.027684 -0.0444145 0.99863 0
-13.3001 -19.1087 -2.01498 -0.029898 -0.042955 0.99863 0
-15.165 -17.6652 -2.01498 -0.03409 -0.03971 0.99863 0
-16.0403 -16.8744 -2.01498 -0.036058 -0.037933 0.99863 0
-16.8744 -16.0403 -2.01498 -0.037933 -0.036058 0.99863 0
-17.6652 -15.165 -2.01498 -0.03971 -0.03409 0.99863 0
-19.1087 -13.3001 -2.01498 -0.042955 -0.029898 0.99863 0
-20.9024 -10.2531 -2.01498 -0.046987 -0.023048 0.99863 0
-21.3949 -9.18126 -2.01498 -0.0480945 -0.020639 0.99863 0
-22.214 -6.96967 -2.01498 -0.049936 -0.015667 0.99863 0
-22.5385 -5.83561 -2.01498 -0.050665 -0.013118 0.99863 0
-22.8051 -4.68657 -2.01498 -0.051265 -0.010535 0.99863 0
-23.1622 -2.35537 -2.01498 -0.052067 -0.005295 0.99863 0
-26.5551 -1.17577 -2.42893 -0.999021 -0.044233 0 0
-26.4771 -2.34924 -2.42893 -0.996087 -0.08838 0 0
-24.9331 -9.21396 -2.42893 -0.938 -0.346636 0 0
-24.5011 -10.3078 -2.42893 -0.921749 -0.387788 0 0
-24.0212 -11.3815 -2.42893 -0.903693 -0.42818 0 0
-23.4942 -12.4329 -2.42893 -0.883869 -0.467734 0 0
-22.9213 -13.4599 -2.42893 -0.862315 -0.506373 0 0
-21.642 -15.4331 -2.42893 -0.814187 -0.580603 0 0
-20.1933 -17.2854 -2.42893 -0.759687 -0.650289 0 0
-16.8344 -20.5708 -2.42893 -0.633324 -0.773887 0 0
-13.9637 -22.6179 -2.42893 -0.525325 -0.850902 0 0
-12.9496 -23.2134 -2.42893 -0.487173 -0.873306 0 0
-11.9101 -23.7635 -2.42893 -0.448067 -0.894 0 0
-9.76328 -24.7231 -2.42893 -0.367302 -0.930102 0 0
-8.66014 -25.1308 -2.42893 -0.325801 -0.945438 0 0
-6.40519 -25.7978 -2.42893 -0.240968 -0.970533 0 0
-4.10011 -26.263 -2.42893 -0.154249 -0.988032 0 0
-2.93439 -26.4186 -2.42893 -0.110394 -0.993888 0 0
-0.588029 -26.5746 -2.42893 -0.022122 -0.999755 0 0
1.76294 -26.5226 -2.42893 0.066323 -0.997798 0 0
5.25779 -26.0559 -2.42893 0.197802 -0.980242 0 0
6.40519 -25.7978 -2.42893 0.240968 -0.970533 0 0
8.66014 -25.1308 -2.42893 0.325801 -0.945438 0 0
11.9101 -23.7635 -2.42893 0.448067 -0.894 0 0
15.9081 -21.2953 -2.42893 0.598472 -0.801143 0 0
17.7279 -19.806 -2.42893 0.666936 -0.745115 0 0
18.5866 -19.0024 -2.42893 0.699242 -0.714885 0 0
20.9381 -16.3753 -2.42893 0.787708 -0.616049 0 0
22.9213 -13.4599 -2.42893 0.862315 -0.506373 0 0
23.4942 -12.4329 -2.42893 0.883869 -0.467734 0 0
25.3162 -8.10207 -2.42893 0.952415 -0.304806 0 0
25.6498 -6.97432 -2.42893 0.964965 -0.262379 0 0
25.9332 -5.83292 -2.42893 0.975626 -0.219439 0 0
26.1658 -4.68009 -2.42893 0.984378 -0.176069 0 0
26.5551 -1.17577 -2.42893 0.999021 -0.044233 0 0
-26.5811 0 -2.70529 -1 0 0 1
-26.5547 1.1841 -2.98165 -0.706405 0.0314995 0.707107 1
-26.4756 2.36586 -2.98165 -0.7043 0.062936 0.707107 1
-26.16 4.71294 -2.98165 -0.695903 0.125373 0.707107 1
-25.924 5.8736 -2.98165 -0.689628 0.156249 0.707107 1
-24.9099 9.27653 -2.98165 -0.662649 0.246773 0.707107 1
-24.4719 10.377 -2.98165 -0.650998 0.276047 0.707107 1
-23.4512 12.5139 -2.98165 -0.623844 0.332894 0.707107 1
-22.2443 14.5515 -2.98165 -0.591739 0.387098 0.707107 1
-19.3118 18.265 -2.98165 -0.51373 0.485882 0.707107 1
-18.479 19.1071 -2.98165 -0.491575 0.508285 0.707107 1
-17.6095 19.9113 -2.98165 -0.468445 0.529679 0.707107 1
-16.705 20.676 -2.98165 -0.444384 0.550021 0.707107 1
-12.7744 23.3103 -2.98165 -0.339823 0.620097 0.707107 1
-11.7233 23.8562 -2.98165 -0.311862 0.63462 0.707107 1
-8.43899 25.2059 -2.98165 -0.224493 0.670524 0.707107 1
-2.66065 26.4476 -2.98165 -0.0707786 0.703556 0.707107 1
-0.296118 26.5795 -2.98165 -0.00787717 0.707063 0.707107 1
2.07077 26.5003 -2.98165 0.0550864 0.704958 0.707107 1
12.2519 23.5891 -2.98165 0.325923 0.627514 0.707107 1
15.2867 21.7456 -2.98165 0.406654 0.578474 0.707107 1
16.2402 21.0431 -2.98165 0.43202 0.559785 0.707107 1
17.1615 20.2987 -2.98165 0.456528 0.539984 0.707107 1
18.0487 19.5141 -2.98165 0.480129 0.519111 0.707107 1
19.7139 17.8302 -2.98165 0.524427 0.474317 0.707107 1
21.9146 15.0435 -2.98165 0.582968 0.400185 0.707107 1
23.1665 13.0333 -2.98165 0.616273 0.346709 0.707107 1
26.5217 -1.77542 -2.98165 0.705528 -0.0472298 0.707107 1
26.4163 -2.95512 -2.98165 0.702723 -0.0786119 0.707107 1
26.2585 -4.12895 -2.98165 0.698524 -0.109838 0.707107 1
26.0485 -5.29458 -2.98165 0.692938 -0.140846 0.707107 1
25.7867 -6.4497 -2.98165 0.685976 -0.171574 0.707107 1
25.4738 -7.59202 -2.98165 0.677651 -0.201962 0.707107 1
25.1103 -8.71926 -2.98165 0.667982 -0.231949 0.707107 1
24.697 -9.82919 -2.98165 0.656986 -0.261475 0.707107 1
23.7241 -11.9883 -2.98165 0.631106 -0.318912 0.707107 1
23.1665 -13.0333 -2.98165 0.616273 -0.346709 0.707107 1
22.5629 -14.0523 -2.98165 0.600216 -0.373818 0.707107 1
21.2227 -16.0048 -2.98165 0.564562 -0.425757 0.707107 1
19.7139 -17.8302 -2.98165 0.524427 -0.474317 0.707107 1
18.9001 -18.6907 -2.98165 0.502778 -0.497207 0.707107 1
18.0487 -19.5141 -2.98165 0.480129 -0.519111 0.707107 1
15.2867 -21.7456 -2.98165 0.406654 -0.578474 0.707107 1
11.1889 -24.1115 -2.98165 0.297646 -0.64141 0.707107 1
8.99845 -25.0117 -2.98165 0.239375 -0.665356 0.707107 1
7.87533 -25.3877 -2.98165 0.209499 -0.675359 0.707107 1
5.58444 -25.9879 -2.98165 0.148557 -0.691326 0.707107 1
3.24922 -26.3818 -2.98165 0.0864353 -0.701804 0.707107 1
2.07077 -26.5003 -2.98165 0.0550864 -0.704958 0.707107 1
0.888207 -26.5663 -2.98165 0.023628 -0.706712 0.707107 1
-1.47985 -26.5399 -2.98165 -0.0393668 -0.70601 0.707107 1
-2.66065 -26.4476 -2.98165 -0.0707786 -0.703556 0.707107 1
-3.83617 -26.3028 -2.98165 -0.102049 -0.699704 0.707107 1
-5.00407 -26.1058 -2.98165 -0.133118 -0.694464 0.707107 1
-7.30776 -25.5568 -2.98165 -0.1944 -0.679859 0.707107 1
-9.55345 -24.805 -2.98165 -0.25414 -0.659858 0.707107 1
-10.649 -24.3548 -2.98165 -0.283282 -0.647882 0.707107 1
-13.8001 -22.7181 -2.98165 -0.367109 -0.604344 0.707107 1
-14.7984 -22.0808 -2.98165 -0.393666 -0.58739 0.707107 1
-15.7674 -21.3996 -2.98165 -0.419442 -0.56927 0.707107 1
-20.1063 -17.3866 -2.98165 -0.534864 -0.462515 0.707107 1
-21.574 -15.528 -2.98165 -0.573908 -0.413073 0.707107 1
-22.2443 -14.5515 -2.98165 -0.591739 -0.387098 0.707107 1
-22.8704 -13.5462 -2.98165 -0.608396 -0.360354 0.707107 1
-23.9853 -11.4568 -2.98165 -0.638054 -0.304773 0.707107 1
-24.4719 -10.377 -2.98165 -0.650998 -0.276047 0.707107 1
-24.9099 -9.27653 -2.98165 -0.662649 -0.246773 0.707107 1
-25.6367 -7.0226 -2.98165 -0.681983 -0.186814 0.707107 1
-26.4756 -2.36586 -2.98165 -0.7043 -0.062936 0.707107 1
-26.5547 -1.1841 -2.98165 -0.706405 -0.0314995 0.707107 0
26.5551 1.17577 -2.42893 0.999021 0.044233 0 0
26.4771 2.34924 -2.42893 0.996087 0.08838 0 0
26.3473 3.51811 -2.42893 0.991203 0.132354 0 0
26.1658 4.68009 -2.42893 0.984378 0.176069 0 0
25.6498 6.97432 -2.42893 0.964965 0.262379 0 0
25.3162 8.10207 -2.42893 0.952415 0.304806 0 0
23.4942 12.4329 -2.42893 0.883869 0.467734 0 0
22.9213 13.4599 -2.42893 0.862315 0.506373 0 0
20.9381 16.3753 -2.42893 0.787708 0.616049 0 0
20.1933 17.2854 -2.42893 0.759687 0.650289 0 0
17.7279 19.806 -2.42893 0.666936 0.745115 0 0
13.9637 22.6179 -2.42893 0.525325 0.850902 0 0
12.9496 23.2134 -2.42893 0.487173 0.873306 0 0
11.9101 23.7635 -2.42893 0.448067 0.894 0 0
9.76328 24.7231 -2.42893 0.367302 0.930102 0 0
8.66014 25.1308 -2.42893 0.325801 0.945438 0 0
2.93439 26.4186 -2.42893 0.110394 0.993888 0 0
-2.93439 26.4186 -2.42893 -0.110394 0.993888 0 0
-4.10011 26.263 -2.42893 -0.154249 0.988032 0 0
-5.25779 26.0559 -2.42893 -0.197802 0.980242 0 0
-6.40519 25.7978 -2.42893 -0.240968 0.970533 0 0
-10.8473 24.2671 -2.42893 -0.408084 0.912944 0 0
-12.9496 23.2134 -2.42893 -0.487173 0.873306 0 0
-13.9637 22.6179 -2.42893 -0.525325 0.850902 0 0
-16.8344 20.5708 -2.42893 -0.633324 0.773887 0 0
-17.7279 19.806 -2.42893 -0.666936 0.745115 0 0
-20.1933 17.2854 -2.42893 -0.759687 0.650289 0 0
-21.642 15.4331 -2.42893 -0.814187 0.580603 0 0
-24.5011 10.3078 -2.42893 -0.921749 0.387788 0 0
-25.3162 8.10207 -2.42893 -0.952415 0.304806 0 0
-25.6498 6.97432 -2.42893 -0.964965 0.262379 0 0
-28.2229 4.70956 -2.98165 0 0 1 0
-26.6557 10.4011 -2.98165 0 0 1 0
-26.2031 11.4938 -2.98165 0 0 1 0
-25.7058 12.5668 -2.98165 0 0 1 0
-24.5802 14.6466 -2.98165 0 0 1 0
-22.5798 17.5745 -2.98165 0 0 1 0
-21.0513 19.3791 -2.98165 0 0 1 0
-17.5745 22.5798 -2.98165 0 0 1 0
-16.6264 23.2867 -2.98165 0 0 1 0
-14.6466 24.5802 -2.98165 0 0 1 0
-12.5668 25.7058 -2.98165 0 0 1 0
-11.4938 26.2031 -2.98165 0 0 1 0
-8.16435 27.4236 -2.98165 0 0 1 0
-5.87185 28.0041 -2.98165 0 0 1 0
-1.18244 28.5887 -2.98165 0 0 1 0
1.18244 28.5887 -2.98165 0 0 1 0
2.36285 28.5154 -2.98165 0 0 1 0
8.16435 27.4236 -2.98165 0 0 1 0
10.4011 26.6557 -2.98165 0 0 1 0
13.6183 25.1645 -2.98165 0 0 1 0
18.4926 21.8342 -2.98165 0 0 1 0
21.0513 19.3791 -2.98165 0 0 1 0
21.8342 18.4926 -2.98165 0 0 1 0
22.5798 17.5745 -2.98165 0 0 1 0
23.2867 16.6264 -2.98165 0 0 1 0
24.5802 14.6466 -2.98165 0 0 1 0
25.7058 12.5668 -2.98165 0 0 1 0
26.2031 11.4938 -2.98165 0 0 1 0
27.0628 9.29066 -2.98165 0 0 1 0
28.0041 5.87185 -2.98165 0 0 1 0
28.2229 4.70956 -2.98165 0 0 1 0
28.3934 3.53923 -2.98165 0 0 1 0
28.5154 2.36285 -2.98165 0 0 1 0
28.5154 -2.36285 -2.98165 0 0 1 0
28.3934 -3.53923 -2.98165 0 0 1 0
28.2229 -4.70956 -2.98165 0 0 1 0
28.0041 -5.87185 -2.98165 0 0 1 0
27.7375 -7.0241 -2.98165 0 0 1 0
27.4236 -8.16435 -2.98165 0 0 1 0
27.0628 -9.29066 -2.98165 0 0 1 0
26.6557 -10.4011 -2.98165 0 0 1 0
26.2031 -11.4938 -2.98165 0 0 1 0
25.1645 -13.6183 -2.98165 0 0 1 0
22.5798 -17.5745 -2.98165 0 0 1 0
21.8342 -18.4926 -2.98165 0 0 1 0
20.2325 -20.2325 -2.98165 0 0 1 0
19.3791 -21.0513 -2.98165 0 0 1 0
18.4926 -21.8342 -2.98165 0 0 1 0
17.5745 -22.5798 -2.98165 0 0 1 0
15.6499 -23.9539 -2.98165 0 0 1 0
12.5668 -25.7058 -2.98165 0 0 1 0
11.4938 -26.2031 -2.98165 0 0 1 0
9.29066 -27.0628 -2.98165 0 0 1 0
8.16435 -27.4236 -2.98165 0 0 1 0
7.0241 -27.7375 -2.98165 0 0 1 0
5.87185 -28.0041 -2.98165 0 0 1 0
2.36285 -28.5154 -2.98165 0 0 1 0
0 -28.6131 -2.98165 0 0 1 0
-1.18244 -28.5887 -2.98165 0 0 1 0
-2.36285 -28.5154 -2.98165 0 0 1 0
-5.87185 -28.0041 -2.98165 0 0 1 0
-7.0241 -27.7375 -2.98165 0 0 1 0
-8.16435 -27.4236 -2.98165 0 0 1 0
-11.4938 -26.2031 -2.98165 0 0 1 0
-12.5668 -25.7058 -2.98165 0 0 1 0
-16.6264 -23.2867 -2.98165 0 0 1 0
-17.5745 -22.5798 -2.98165 0 0 1 0
-19.3791 -21.0513 -2.98165 0 0 1 0
-20.2325 -20.2325 -2.98165 0 0 1 0
-22.5798 -17.5745 -2.98165 0 0 1 0
-25.1645 -13.6183 -2.98165 0 0 1 0
-25.7058 -12.5668 -2.98165 0 0 1 0
-27.0628 -9.29066 -2.98165 0 0 1 0
-27.7375 -7.0241 -2.98165 0 0 1 0
-28.2229 -4.70956 -2.98165 0 0 1 0
-28.3934 -3.53923 -2.98165 0 0 1 0
28.5887 1.18244 -14.2211 0 0 -1 0
28.5154 2.36285 -14.2211 0 0 -1 0
28.0041 5.87185 -14.2211 0 0 -1 0
26.2031 11.4938 -14.2211 0 0 -1 0
25.7058 12.5668 -14.2211 0 0 -1 0
24.5802 14.6466 -14.2211 0 0 -1 0
23.2867 16.6264 -14.2211 0 0 -1 0
22.5798 17.5745 -14.2211 0 0 -1 0
21.8342 18.4926 -14.2211 0 0 -1 0
21.0513 19.3791 -14.2211 0 0 -1 0
20.2325 20.2325 -14.2211 0 0 -1 0
18.4926 21.8342 -14.2211 0 0 -1 0
17.5745 22.5798 -14.2211 0 0 -1 0
16.6264 23.2867 -14.2211 0 0 -1 0
15.6499 23.9539 -14.2211 0 0 -1 0
13.6183 25.1645 -14.2211 0 0 -1 0
11.4938 26.2031 -14.2211 0 0 -1 0
10.4011 26.6557 -14.2211 0 0 -1 0
7.0241 27.7375 -14.2211 0 0 -1 0
4.70956 28.2229 -14.2211 0 0 -1 0
2.36285 28.5154 -14.2211 0 0 -1 0
1.18244 28.5887 -14.2211 0 0 -1 0
-5.87185 28.0041 -14.2211 0 0 -1 0
-8.16435 27.4236 -14.2211 0 0 -1 0
-10.4011 26.6557 -14.2211 0 0 -1 0
-12.5668 25.7058 -14.2211 0 0 -1 0
-13.6183 25.1645 -14.2211 0 0 -1 0
-14.6466 24.5802 -14.2211 0 0 -1 0
-16.6264 23.2867 -14.2211 0 0 -1 0
-17.5745 22.5798 -14.2211 0 0 -1 0
-18.4926 21.8342 -14.2211 0 0 -1 0
-19.3791 21.0513 -14.2211 0 0 -1 0
-20.2325 20.2325 -14.2211 0 0 -1 0
-23.2867 16.6264 -14.2211 0 0 -1 0
-23.9539 15.6499 -14.2211 0 0 -1 0
-27.0628 9.29066 -14.2211 0 0 -1 0
-28.3934 3.53923 -14.2211 0 0 -1 0
-28.5154 2.36285 -14.2211 0 0 -1 0
-28.5887 1.18244 -14.2211 0 0 -1 0
-28.6131 0 -14.2211 0 0 -1 0
-27.7375 -7.0241 -14.2211 0 0 -1 0
-27.4236 -8.16435 -14.2211 0 0 -1 0
-25.7058 -12.5668 -14.2211 0 0 -1 0
-23.2867 -16.6264 -14.2211 0 0 -1 0
-21.0513 -19.3791 -14.2211 0 0 -1 0
-20.2325 -20.2325 -14.2211 0 0 -1 0
-18.4926 -21.8342 -14.2211 0 0 -1 0
-16.6264 -23.2867 -14.2211 0 0 -1 0
-14.6466 -24.5802 -14.2211 0 0 -1 0
-13.6183 -25.1645 -14.2211 0 0 -1 0
-8.16435 -27.4236 -14.2211 0 0 -1 0
-5.87185 -28.0041 -14.2211 0 0 -1 0
-4.70956 -28.2229 -14.2211 0 0 -1 0
-3.53923 -28.3934 -14.2211 0 0 -1 0
-2.36285 -28.5154 -14.2211 0 0 -1 0
-0 -28.6131 -14.2211 0 0 -1 0
3.53923 -28.3934 -14.2211 0 0 -1 0
9.29066 -27.0628 -14.2211 0 0 -1 0
13.6183 -25.1645 -14.2211 0 0 -1 0
16.6264 -23.2867 -14.2211 0 0 -1 0
17.5745 -22.5798 -14.2211 0 0 -1 0
18.4926 -21.8342 -14.2211 0 0 -1 0
19.3791 -21.0513 -14.2211 0 0 -1 0
21.8342 -18.4926 -14.2211 0 0 -1 0
22.5798 -17.5745 -14.2211 0 0 -1 0
23.2867 -16.6264 -14.2211 0 0 -1 0
23.9539 -15.6499 -14.2211 0 0 -1 0
26.6557 -10.4011 -14.2211 0 0 -1 0
27.0628 -9.29066 -14.2211 0 0 -1 0
27.4236 -8.16435 -14.2211 0 0 -1 0
28.2229 -4.70956 -14.2211 0 0 -1 0
28.3934 -3.53923 -14.2211 0 0 -1 0
28.5154 -2.36285 -14.2211 0 0 -1 0
-26.5547 1.1841 -14.2211 -0.706405 0.0314995 -0.707107 1
-26.16 4.71294 -14.2211 -0.695903 0.125373 -0.707107 1
-24.4719 10.377 -14.2211 -0.650998 0.276047 -0.707107 1
-23.4512 12.5139 -14.2211 -0.623844 0.332894 -0.707107 1
-22.8704 13.5462 -14.2211 -0.608396 0.360354 -0.707107 1
-21.574 15.528 -14.2211 -0.573908 0.413073 -0.707107 1
-19.3118 18.265 -14.2211 -0.51373 0.485882 -0.707107 1
-17.6095 19.9113 -14.2211 -0.468445 0.529679 -0.707107 1
-15.7674 21.3996 -14.2211 -0.419442 0.56927 -0.707107 1
-14.7984 22.0808 -14.2211 -0.393666 0.58739 -0.707107 1
-13.8001 22.7181 -14.2211 -0.367109 0.604344 -0.707107 1
-12.7744 23.3103 -14.2211 -0.339823 0.620097 -0.707107 1
-9.55345 24.805 -14.2211 -0.25414 0.659858 -0.707107 1
-5.00407 26.1058 -14.2211 -0.133118 0.694464 -0.707107 1
-3.83617 26.3028 -14.2211 -0.102049 0.699704 -0.707107 1
-2.66065 26.4476 -14.2211 -0.0707786 0.703556 -0.707107 1
-1.47985 26.5399 -14.2211 -0.0393668 0.70601 -0.707107 1
2.07077 26.5003 -14.2211 0.0550864 0.704958 -0.707107 1
3.24922 26.3818 -14.2211 0.0864353 0.701804 -0.707107 1
4.42122 26.2108 -14.2211 0.117612 0.697257 -0.707107 1
5.58444 25.9879 -14.2211 0.148557 0.691326 -0.707107 1
6.73657 25.7133 -14.2211 0.179206 0.684022 -0.707107 1
7.87533 25.3877 -14.2211 0.209499 0.675359 -0.707107 1
10.1037 24.586 -14.2211 0.268778 0.654033 -0.707107 1
11.1889 24.1115 -14.2211 0.297646 0.64141 -0.707107 1
12.2519 23.5891 -14.2211 0.325923 0.627514 -0.707107 1
13.2905 23.0199 -14.2211 0.353553 0.612372 -0.707107 1
17.1615 20.2987 -14.2211 0.456528 0.539984 -0.707107 1
18.0487 19.5141 -14.2211 0.480129 0.519111 -0.707107 1
18.9001 18.6907 -14.2211 0.502778 0.497207 -0.707107 1
21.2227 16.0048 -14.2211 0.564562 0.425757 -0.707107 1
23.1665 13.0333 -14.2211 0.616273 0.346709 -0.707107 1
23.7241 11.9883 -14.2211 0.631106 0.318912 -0.707107 1
25.1103 8.71926 -14.2211 0.667982 0.231949 -0.707107 1
26.0485 5.29458 -14.2211 0.692938 0.140846 -0.707107 1
26.2585 4.12895 -14.2211 0.698524 0.109838 -0.707107 1
26.5217 1.77542 -14.2211 0.705528 0.0472298 -0.707107 1
26.4163 -2.95512 -14.2211 0.702723 -0.0786119 -0.707107 1
26.2585 -4.12895 -14.2211 0.698524 -0.109838 -0.707107 1
26.0485 -5.29458 -14.2211 0.692938 -0.140846 -0.707107 1
25.7867 -6.4497 -14.2211 0.685976 -0.171574 -0.707107 1
25.1103 -8.71926 -14.2211 0.667982 -0.231949 -0.707107 1
24.697 -9.82919 -14.2211 0.656986 -0.261475 -0.707107 1
22.5629 -14.0523 -14.2211 0.600216 -0.373818 -0.707107 1
21.9146 -15.0435 -14.2211 0.582968 -0.400185 -0.707107 1
20.4886 -16.9343 -14.2211 0.545036 -0.450484 -0.707107 1
18.9001 -18.6907 -14.2211 0.502778 -0.497207 -0.707107 1
18.0487 -19.5141 -14.2211 0.480129 -0.519111 -0.707107 1
16.2402 -21.0431 -14.2211 0.43202 -0.559785 -0.707107 1
15.2867 -21.7456 -14.2211 0.406654 -0.578474 -0.707107 1
10.1037 -24.586 -14.2211 0.268778 -0.654033 -0.707107 1
8.99845 -25.0117 -14.2211 0.239375 -0.665356 -0.707107 1
5.58444 -25.9879 -14.2211 0.148557 -0.691326 -0.707107 1
4.42122 -26.2108 -14.2211 0.117612 -0.697257 -0.707107 1
2.07077 -26.5003 -14.2211 0.0550864 -0.704958 -0.707107 1
0.888207 -26.5663 -14.2211 0.023628 -0.706712 -0.707107 1
-0.296118 -26.5795 -14.2211 -0.00787717 -0.707063 -0.707107 1
-1.47985 -26.5399 -14.2211 -0.0393668 -0.70601 -0.707107 1
-2.66065 -26.4476 -14.2211 -0.0707786 -0.703556 -0.707107 1
-5.00407 -26.1058 -14.2211 -0.133118 -0.694464 -0.707107 1
-6.16204 -25.857 -14.2211 -0.163921 -0.687844 -0.707107 1
-10.649 -24.3548 -14.2211 -0.283282 -0.647882 -0.707107 1
-11.7233 -23.8562 -14.2211 -0.311862 -0.63462 -0.707107 1
-12.7744 -23.3103 -14.2211 -0.339823 -0.620097 -0.707107 1
-14.7984 -22.0808 -14.2211 -0.393666 -0.58739 -0.707107 1
-15.7674 -21.3996 -14.2211 -0.419442 -0.56927 -0.707107 1
-16.705 -20.676 -14.2211 -0.444384 -0.550021 -0.707107 1
-18.479 -19.1071 -14.2211 -0.491575 -0.508285 -0.707107 1
-22.8704 -13.5462 -14.2211 -0.608396 -0.360354 -0.707107 1
-23.9853 -11.4568 -14.2211 -0.638054 -0.304773 -0.707107 1
-24.4719 -10.377 -14.2211 -0.650998 -0.276047 -0.707107 1
-25.6367 -7.0226 -14.2211 -0.681983 -0.186814 -0.707107 1
-26.16 -4.71294 -14.2211 -0.695903 -0.125373 -0.707107 1
-26.3439 -3.54291 -14.2211 -0.700797 -0.0942482 -0.707107 1
-26.5547 -1.1841 -14.2211 -0.706405 -0.0314995 -0.707107 0
28.8431 1.17745 -13.9671 0.999168 0.040789 0 0
28.771 2.35294 -13.9671 0.996673 0.081509 0 0
28.4835 4.69022 -13.9671 0.986712 0.162476 0 0
28.2685 5.84811 -13.9671 0.979264 0.202588 0 0
28.0065 6.99628 -13.9671 0.970186 0.242362 0 0
27.343 9.25579 -13.9671 0.947203 0.320634 0 0
26.4976 11.4537 -13.9671 0.917917 0.396773 0 0
24.9009 14.6032 -13.9671 0.862605 0.505877 0 0
24.2845 15.6067 -13.9671 0.841254 0.540641 0 0
21.4261 19.345 -13.9671 0.742234 0.670141 0 0
20.6193 20.2029 -13.9671 0.714282 0.699858 0 0
19.7781 21.0271 -13.9671 0.685142 0.72841 0 0
18.9039 21.8163 -13.9671 0.654861 0.75575 0 0
17.0628 23.2846 -13.9671 0.591081 0.806612 0 0
15.1081 24.5979 -13.9671 0.523368 0.852107 0 0
14.0922 25.1936 -13.9671 0.488176 0.872745 0 0
13.0529 25.7475 -13.9671 0.452172 0.891931 0 0
11.9918 26.2584 -13.9671 0.415415 0.909632 0 0
10.9108 26.7257 -13.9671 0.377967 0.925819 0 0
9.81162 27.1485 -13.9671 0.339889 0.940465 0 0
7.56611 27.8579 -13.9671 0.262102 0.96504 0 0
6.42353 28.1433 -13.9671 0.222521 0.974928 0 0
5.27026 28.3819 -13.9671 0.18257 0.983193 0 0
4.10822 28.5733 -13.9671 0.142315 0.989821 0 0
2.93933 28.7171 -13.9671 0.101823 0.994803 0 0
1.76556 28.8131 -13.9671 0.061162 0.998128 0 0
0.588847 28.8611 -13.9671 0.020399 0.999792 0 0
-5.27026 28.3819 -13.9671 -0.18257 0.983193 0 0
-6.42353 28.1433 -13.9671 -0.222521 0.974928 0 0
-7.56611 27.8579 -13.9671 -0.262102 0.96504 0 0
-8.6961 27.5261 -13.9671 -0.301246 0.953546 0 0
-10.9108 26.7257 -13.9671 -0.377967 0.925819 0 0
-13.0529 25.7475 -13.9671 -0.452172 0.891931 0 0
-17.0628 23.2846 -13.9671 -0.591081 0.806612 0 0
-18.9039 21.8163 -13.9671 -0.654861 0.75575 0 0
-19.7781 21.0271 -13.9671 -0.685142 0.72841 0 0
-21.4261 19.345 -13.9671 -0.742234 0.670141 0 0
-24.9009 14.6032 -13.9671 -0.862605 0.505877 0 0
-25.4758 13.5754 -13.9671 -0.882522 0.470272 0 0
-26.0084 12.525 -13.9671 -0.900969 0.433884 0 0
-26.4976 11.4537 -13.9671 -0.917917 0.396773 0 0
-26.9427 10.3634 -13.9671 -0.933336 0.359003 0 0
-27.343 9.25579 -13.9671 -0.947203 0.320634 0 0
-28.2685 5.84811 -13.9671 -0.979264 0.202588 0 0
-28.4835 4.69022 -13.9671 -0.986712 0.162476 0 0
-28.771 2.35294 -13.9671 -0.996673 0.081509 0 0
-28.8671 0 -3.63252 -1 0 0 0
-28.8428 1.18514 -3.23565 -0.999157 0.041055 0 0
-28.6483 3.54743 -3.23565 -0.992421 0.122888 0 0
-28.2607 5.8858 -3.23565 -0.978993 0.203893 0 0
-27.9952 7.04108 -3.23565 -0.969797 0.243914 0 0
-26.9178 10.428 -3.23565 -0.932472 0.361242 0 0
-25.9715 12.6012 -3.23565 -0.899692 0.436525 0 0
-24.8501 14.6894 -3.23565 -0.860847 0.508865 0 0
-24.2261 15.6973 -3.23565 -0.839229 0.543778 0 0
-22.8566 17.6319 -3.23565 -0.791788 0.610796 0 0
-22.1135 18.5554 -3.23565 -0.766044 0.642788 0 0
-19.6656 21.1323 -3.23565 -0.681247 0.732053 0 0
-18.7815 21.9218 -3.23565 -0.650618 0.759405 0 0
-17.8656 22.6744 -3.23565 -0.618892 0.785476 0 0
-15.9452 24.0637 -3.23565 -0.552365 0.833602 0 0
-14.9438 24.698 -3.23565 -0.517676 0.855577 0 0
-13.9172 25.2907 -3.23565 -0.482114 0.876109 0 0
-11.7954 26.3472 -3.23565 -0.408612 0.912708 0 0
-8.46826 27.5971 -3.23565 -0.293353 0.956004 0 0
-7.32812 27.9215 -3.23565 -0.253857 0.967242 0 0
-3.84136 28.6104 -3.23565 -0.13307 0.991107 0 0
-2.66352 28.744 -3.23565 -0.092268 0.995734 0 0
2.07279 28.7926 -3.23565 0.071805 0.997419 0 0
4.42797 28.5255 -3.23565 0.153392 0.988165 0 0
9.03309 27.4174 -3.23565 0.31292 0.949779 0 0
10.1511 27.0234 -3.23565 0.351649 0.936132 0 0
11.252 26.5839 -3.23565 0.389786 0.920906 0 0
13.395 25.5711 -3.23565 0.464024 0.885823 0 0
18.3274 22.3028 -3.23565 0.634889 0.772603 0 0
20.0954 20.724 -3.23565 0.696134 0.717912 0 0
20.9293 19.8815 -3.23565 0.725021 0.688727 0 0
22.4898 18.0975 -3.23565 0.779081 0.626924 0 0
23.8987 16.1914 -3.23565 0.827888 0.560894 0 0
24.5433 15.1966 -3.23565 0.850217 0.526432 0 0
26.2248 12.0653 -3.23565 0.908465 0.41796 0 0
26.698 10.9785 -3.23565 0.924859 0.380311 0 0
27.1262 9.87313 -3.23565 0.939693 0.34202 0 0
27.5087 8.75114 -3.23565 0.952942 0.303153 0 0
28.1339 6.4648 -3.23565 0.9746 0.223951 0 0
28.3756 5.30432 -3.23565 0.982973 0.18375 0 0
28.7151 2.95848 -3.23565 0.994734 0.102486 0 0
28.861 0.592695 -3.23565 0.999789 0.020532 0 0
28.861 -0.592695 -3.23565 0.999789 -0.020532 0 0
28.8123 -1.77709 -3.23565 0.998103 -0.061561 0 0
28.3756 -5.30432 -3.23565 0.982973 -0.18375 0 0
27.8448 -7.61439 -3.23565 0.964585 -0.263774 0 0
27.1262 -9.87313 -3.23565 0.939693 -0.34202 0 0
26.698 -10.9785 -3.23565 0.924859 -0.380311 0 0
24.5433 -15.1966 -3.23565 0.850217 -0.526432 0 0
23.8987 -16.1914 -3.23565 0.827888 -0.560894 0 0
23.2138 -17.1589 -3.23565 0.804162 -0.59441 0 0
20.0954 -20.724 -3.23565 0.696134 -0.717912 0 0
19.2276 -21.5316 -3.23565 0.666073 -0.745886 0 0
18.3274 -22.3028 -3.23565 0.634889 -0.772603 0 0
16.4359 -23.7312 -3.23565 0.569364 -0.822086 0 0
15.4477 -24.386 -3.23565 0.535133 -0.844768 0 0
14.4336 -24.9996 -3.23565 0.5 -0.866025 0 0
13.395 -25.5711 -3.23565 0.464024 -0.885823 0 0
10.1511 -27.0234 -3.23565 0.351649 -0.936132 0 0
9.03309 -27.4174 -3.23565 0.31292 -0.949779 0 0
6.7533 -28.066 -3.23565 0.233944 -0.97225 0 0
4.42797 -28.5255 -3.23565 0.153392 -0.988165 0 0
2.07279 -28.7926 -3.23565 0.071805 -0.997419 0 0
0.888964 -28.8534 -3.23565 0.030795 -0.999526 0 0
-1.48119 -28.8291 -3.23565 -0.051311 -0.998683 0 0
-3.84136 -28.6104 -3.23565 -0.13307 -0.991107 0 0
-5.01272 -28.4285 -3.23565 -0.173648 -0.984808 0 0
-6.17563 -28.1988 -3.23565 -0.213933 -0.976848 0 0
-8.46826 -27.5971 -3.23565 -0.293353 -0.956004 0 0
-10.7038 -26.8093 -3.23565 -0.370796 -0.928714 0 0
-12.8672 -25.8408 -3.23565 -0.445738 -0.895163 0 0
-13.9172 -25.2907 -3.23565 -0.482114 -0.876109 0 0
-14.9438 -24.698 -3.23565 -0.517676 -0.855577 0 0
-16.9197 -23.3888 -3.23565 -0.586123 -0.810222 0 0
-18.7815 -21.9218 -3.23565 -0.650618 -0.759405 0 0
-19.6656 -21.1323 -3.23565 -0.681247 -0.732053 0 0
-20.5166 -20.3071 -3.23565 -0.710727 -0.703468 0 0
-24.8501 -14.6894 -3.23565 -0.860847 -0.508865 0 0
-25.4323 -13.6568 -3.23565 -0.881012 -0.473094 0 0
-25.9715 -12.6012 -3.23565 -0.899692 -0.436525 0 0
-27.9952 -7.04108 -3.23565 -0.969797 -0.243914 0 0
-28.2607 -5.8858 -3.23565 -0.978993 -0.203893 0 0
-28.6483 -3.54743 -3.23565 -0.992421 -0.122888 0 0
-28.7698 -2.36828 -3.23565 -0.996629 -0.082041 0 0
-28.771 -2.35294 -13.9671 -0.996673 -0.081509 0 0
-28.6511 -3.52451 -13.9671 -0.992519 -0.122094 0 0
-28.2685 -5.84811 -13.9671 -0.979264 -0.202588 0 0
-26.9427 -10.3634 -13.9671 -0.933336 -0.359003 0 0
-26.4976 -11.4537 -13.9671 -0.917917 -0.396773 0 0
-26.0084 -12.525 -13.9671 -0.900969 -0.433884 0 0
-23.6278 -16.5843 -13.9671 -0.818502 -0.574504 0 0
-22.1974 -18.455 -13.9671 -0.768951 -0.639308 0 0
-20.6193 -20.2029 -13.9671 -0.714282 -0.699858 0 0
-19.7781 -21.0271 -13.9671 -0.685142 -0.72841 0 0
-17.9983 -22.5692 -13.9671 -0.62349 -0.781831 0 0
-16.0989 -23.9611 -13.9671 -0.557689 -0.83005 0 0
-14.0922 -25.1936 -13.9671 -0.488176 -0.872745 0 0
-13.0529 -25.7475 -13.9671 -0.452172 -0.891931 0 0
-11.9918 -26.2584 -13.9671 -0.415415 -0.909632 0 0
-9.81162 -27.1485 -13.9671 -0.339889 -0.940465 0 0
-8.6961 -27.5261 -13.9671 -0.301246 -0.953546 0 0
-7.56611 -27.8579 -13.9671 -0.262102 -0.96504 0 0
-6.42353 -28.1433 -13.9671 -0.222521 -0.974928 0 0
-5.27026 -28.3819 -13.9671 -0.18257 -0.983193 0 0
-4.10822 -28.5733 -13.9671 -0.142315 -0.989821 0 0
5.27026 -28.3819 -13.9671 0.18257 -0.983193 0 0
6.42353 -28.1433 -13.9671 0.222521 -0.974928 0 0
7.56611 -27.8579 -13.9671 0.262102 -0.96504 0 0
10.9108 -26.7257 -13.9671 0.377967 -0.925819 0 0
13.0529 -25.7475 -13.9671 0.452172 -0.891931 0 0
15.1081 -24.5979 -13.9671 0.523368 -0.852107 0 0
16.0989 -23.9611 -13.9671 0.557689 -0.83005 0 0
17.9983 -22.5692 -13.9671 0.62349 -0.781831 0 0
18.9039 -21.8163 -13.9671 0.654861 -0.75575 0 0
22.1974 -18.455 -13.9671 0.768951 -0.639308 0 0
24.2845 -15.6067 -13.9671 0.841254 -0.540641 0 0
26.0084 -12.525 -13.9671 0.900969 -0.433884 0 0
26.9427 -10.3634 -13.9671 0.933336 -0.359003 0 0
27.343 -9.25579 -13.9671 0.947203 -0.320634 0 0
27.6978 -8.1328 -13.9671 0.959493 -0.281733 0 0
28.0065 -6.99628 -13.9671 0.970186 -0.242362 0 0
28.2685 -5.84811 -13.9671 0.979264 -0.202588 0 0
28.6511 -3.52451 -13.9671 0.992519 -0.122094 0 0
28.771 -2.35294 -13.9671 0.996673 -0.081509 0 0
28.8446 -1.13847 -4.17348 0.703113 -0.20297 0.681495 1
28.6079 -3.85953 -6.15044 0.664274 -0.655456 0.35933 1
28.5693 -4.13608 -10.5496 0.658437 -0.697198 -0.283504 1
28.6514 -3.5224 -11.5162 0.670992 -0.603331 -0.431 1
28.8179 -1.68475 -12.8517 0.698431 -0.298637 -0.650392 1
28.8614 -0.573875 -13.1371 0.706086 -0.102687 -0.700641 1
28.8614 0.5739 -13.1373 0.706086 0.102687 -0.700641 1
28.8179 1.68476 -12.8517 0.698431 0.298639 -0.650391 1
28.5692 4.13615 -10.5497 0.658437 0.697199 -0.283504 1
28.5157 4.49079 -9.45931 0.65056 0.749333 -0.123578 1
28.5378 4.3476 -7.18696 0.65379 0.72849 0.2046 1
28.6969 3.12994 -5.26871 0.678218 0.541024 0.497306 1
28.7828 2.20403 -4.59571 0.692415 0.387791 0.608424 1
28.8446 1.13848 -4.17344 0.703112 0.202973 0.681495 1
-28.0478 -6.82852 -4.73138 -0.806881 -0.446211 -0.387089 1
-26.7049 -10.9617 -4.73135 -0.915057 -0.113279 -0.38709 1
-26.3586 -11.7701 -5.4629 -0.947691 -0.048411 -0.315496 1
-26.082 -12.3708 -6.39656 -0.974878 0.000228221 -0.222737 1
-25.904 -12.7393 -7.46529 -0.992882 0.0303091 -0.11518 1
-25.8427 -12.8632 -8.60141 -0.99918 0.0404799 2.28191e-06 1
-25.9041 -12.7393 -9.73751 -0.992882 0.0303067 0.115182 1
-26.7048 -10.9618 -12.4716 -0.915054 -0.113277 0.387097 1
-27.0834 -9.9898 -12.9403 -0.881266 -0.190854 0.432372 1
-27.7828 -7.83729 -12.9404 -0.825139 -0.363592 0.432374 1
-25.3389 -13.8293 -6.39651 -0.572832 -0.788829 -0.22274 1
-24.0012 -16.0391 -4.26232 -0.672393 -0.600779 -0.43238 1
-23.354 -16.9677 -4.10054 -0.723336 -0.525533 -0.447885 1
-22.6708 -17.8702 -4.26232 -0.779156 -0.453833 -0.432379 1
-22.0105 -18.6775 -4.73135 -0.835266 -0.390503 -0.38709 1
-21.4313 -19.3393 -5.4629 -0.886348 -0.338894 -0.315497 1
-20.6029 -20.2195 -8.60141 -0.962786 -0.270265 2.28191e-06 1
-20.6996 -20.1206 -9.73751 -0.953652 -0.277994 0.115183 1
-21.4314 -19.3392 -11.7399 -0.886347 -0.338895 0.315498 1
-22.6709 -17.8701 -12.9403 -0.779156 -0.453839 0.432372 1
-24.0012 -16.0391 -12.9404 -0.672397 -0.600778 0.432374 1
-25.3389 -13.8293 -10.8063 -0.572831 -0.788829 0.222741 1
-20.1206 -20.6996 -7.4653 -0.277994 -0.953653 -0.115179 1
-19.8252 -20.9826 -6.39651 -0.301034 -0.927235 -0.22274 1
-19.3392 -21.4314 -5.46289 -0.338894 -0.886348 -0.315496 1
-17.8702 -22.6708 -4.26232 -0.453833 -0.779155 -0.43238 1
-16.0391 -24.0012 -4.26232 -0.600779 -0.672393 -0.43238 1
-15.1615 -24.5649 -4.73135 -0.673713 -0.629501 -0.38709 1
-13.8294 -25.3388 -6.39656 -0.788827 -0.572835 -0.222738 1
-13.4688 -25.5323 -7.46529 -0.821074 -0.559081 -0.11518 1
-13.3464 -25.5966 -8.60141 -0.832148 -0.554554 2.28191e-06 1
-13.8293 -25.3389 -10.8063 -0.788828 -0.572832 0.222742 1
-14.4063 -25.0154 -11.7399 -0.738242 -0.596205 0.315498 1
-16.0391 -24.0012 -12.9403 -0.600778 -0.672399 0.432372 1
-16.9677 -23.354 -13.1023 -0.525533 -0.723336 0.447884 1
-18.6775 -22.0104 -12.4715 -0.3905 -0.835264 0.387096 1
-19.8252 -20.9826 -10.8063 -0.301034 -0.927235 0.222741 1
-20.1205 -20.6996 -9.73749 -0.277994 -0.953652 0.11518 1
-12.7393 -25.9041 -7.4653 0.0303073 -0.992882 -0.115179 1
-11.7701 -26.3586 -5.46289 -0.048411 -0.947691 -0.315496 1
-10.9617 -26.7049 -4.73138 -0.11328 -0.915057 -0.387089 1
-9.98986 -27.0834 -4.26232 -0.190849 -0.881263 -0.43238 1
-5.971 -28.2428 -5.4629 -0.517874 -0.795153 -0.315496 1
-4.91969 -28.4448 -7.46529 -0.608122 -0.785443 -0.11518 1
-4.91976 -28.4448 -9.73751 -0.60812 -0.785445 0.115183 1
-5.32232 -28.3722 -10.8063 -0.573206 -0.788556 0.222742 1
-5.97101 -28.2428 -11.7399 -0.517873 -0.795153 0.315498 1
-6.82845 -28.0478 -12.4716 -0.446213 -0.806877 0.387097 1
-9.98983 -27.0834 -12.9404 -0.190853 -0.881265 0.432374 1
-11.7701 -26.3586 -11.7399 -0.0484111 -0.947691 0.315496 1
-12.3709 -26.082 -10.8063 0.00023106 -0.974878 0.222741 1
-4.11095 -28.5729 -7.4653 0.335641 -0.934922 -0.115179 1
-3.70568 -28.6283 -6.39651 0.301474 -0.927092 -0.22274 1
-3.04875 -28.7057 -5.46289 0.246811 -0.916268 -0.315496 1
-2.17294 -28.7852 -4.73138 0.175032 -0.905277 -0.387089 1
-1.13168 -28.8449 -4.26232 0.090817 -0.897106 -0.43238 1
2.17297 -28.7852 -4.73135 -0.175034 -0.905276 -0.38709 1
3.04876 -28.7057 -5.4629 -0.246811 -0.916268 -0.315496 1
4.11102 -28.5729 -7.46529 -0.335643 -0.934921 -0.11518 1
3.70567 -28.6283 -10.8063 -0.301473 -0.927092 0.222742 1
3.04874 -28.7057 -11.7399 -0.24681 -0.916267 0.315498 1
-6e-06 -28.8671 -13.1023 1.11845e-06 -0.894092 0.447884 1
-3.70568 -28.6283 -10.8063 0.301474 -0.927092 0.222741 1
4.91976 -28.4448 -7.4653 0.608121 -0.785445 -0.115179 1
5.97101 -28.2428 -5.46289 0.517873 -0.795154 -0.315496 1
6.82852 -28.0478 -4.73138 0.446211 -0.806881 -0.387089 1
7.83727 -27.7828 -4.26232 0.363594 -0.825135 -0.43238 1
11.7701 -26.3586 -5.4629 0.048411 -0.947691 -0.315496 1
12.7393 -25.9041 -9.73751 -0.0303067 -0.992882 0.115182 1
12.3709 -26.082 -10.8063 -0.000231061 -0.974877 0.222742 1
10.9618 -26.7048 -12.4716 0.113277 -0.915054 0.387097 1
7.83729 -27.7828 -12.9404 0.363592 -0.825139 0.432374 1
6.82844 -28.0479 -12.4715 0.446213 -0.806877 0.387096 1
13.4689 -25.5323 -7.4653 0.821073 -0.559082 -0.115179 1
15.1616 -24.5649 -4.73138 0.673712 -0.629503 -0.387089 1
16.9677 -23.354 -4.10054 0.525533 -0.723336 -0.447885 1
17.8702 -22.6708 -4.26232 0.453833 -0.779156 -0.432379 1
18.6775 -22.0105 -4.73135 0.390503 -0.835266 -0.38709 1
19.8252 -20.9827 -6.39656 0.301037 -0.927235 -0.222737 1
19.8252 -20.9826 -10.8063 0.301034 -0.927235 0.222742 1
19.3392 -21.4314 -11.7399 0.338895 -0.886347 0.315498 1
18.6775 -22.0104 -12.4716 0.3905 -0.835264 0.387097 1
16.9677 -23.354 -13.1023 0.525535 -0.723334 0.447884 1
16.0391 -24.0012 -12.9404 0.600778 -0.672397 0.432374 1
15.1615 -24.565 -12.4715 0.673713 -0.629498 0.387096 1
14.4063 -25.0154 -11.7399 0.738243 -0.596204 0.315496 1
21.4314 -19.3392 -5.46289 0.886348 -0.338894 -0.315496 1
22.6708 -17.8702 -4.26232 0.779155 -0.453833 -0.43238 1
24.0012 -16.0391 -4.26232 0.672393 -0.600779 -0.43238 1
24.5649 -15.1615 -4.73135 0.629501 -0.673713 -0.38709 1
25.5323 -13.4688 -7.46529 0.559081 -0.821074 -0.11518 1
25.5323 -13.4689 -9.73751 0.559083 -0.821072 0.115182 1
25.3389 -13.8293 -10.8063 0.572832 -0.788828 0.222742 1
24.565 -15.1615 -12.4716 0.629498 -0.673712 0.387097 1
23.354 -16.9677 -13.1023 0.723336 -0.525533 0.447884 1
22.6708 -17.8701 -12.9404 0.779156 -0.453837 0.432374 1
22.0104 -18.6775 -12.4715 0.835264 -0.3905 0.387096 1
21.4313 -19.3393 -11.7399 0.886348 -0.338894 0.315497 1
20.6996 -20.1205 -9.73749 0.953652 -0.277994 0.11518 1
25.9041 -12.7393 -7.4653 0.992882 0.0303073 -0.115179 1
26.082 -12.3709 -6.39651 0.974878 0.000231061 -0.22274 1
26.3586 -11.7701 -5.46289 0.947691 -0.048411 -0.315496 1
27.0834 -9.98986 -4.26232 0.881263 -0.190849 -0.43238 1
27.4542 -8.92042 -4.10054 0.850331 -0.27629 -0.447885 1
27.7829 -7.83726 -4.26232 0.825135 -0.363593 -0.43238 1
28.0478 -6.8285 -4.73135 0.80688 -0.446212 -0.38709 1
28.2428 -5.971 -5.4629 0.795153 -0.517874 -0.315496 1
28.3722 -5.32241 -6.39656 0.788559 -0.573203 -0.222738 1
28.468 -4.7834 -8.60141 0.78456 -0.620052 2.28191e-06 1
28.4448 -4.91976 -9.73751 0.785445 -0.60812 0.115183 1
28.3722 -5.32232 -10.8063 0.788556 -0.573206 0.222742 1
28.2428 -5.97101 -11.7399 0.795153 -0.517873 0.315498 1
27.7828 -7.83732 -12.9403 0.82514 -0.363591 0.432372 1
27.4542 -8.92043 -13.1023 0.850332 -0.276288 0.447885 1
27.0834 -9.98983 -12.9404 0.881265 -0.190853 0.432374 1
26.3586 -11.7701 -11.7399 0.947691 -0.0484111 0.315496 1
26.082 -12.3709 -10.8063 0.974878 0.00023106 0.222741 1
28.4448 4.91976 -7.4653 0.785445 0.608121 -0.115179 1
28.3722 5.32231 -6.39651 0.788557 0.573206 -0.22274 1
28.2428 5.97101 -5.46289 0.795154 0.517873 -0.315496 1
26.7049 10.9617 -4.73135 0.915057 0.113279 -0.38709 1
26.3586 11.7701 -5.4629 0.947691 0.048411 -0.315496 1
25.904 12.7393 -7.46529 0.992882 -0.0303091 -0.11518 1
25.8427 12.8632 -8.60141 0.99918 -0.0404799 2.28191e-06 1
26.3586 11.7701 -11.7399 0.94769 0.0484122 0.315498 1
26.7048 10.9618 -12.4716 0.915054 0.113277 0.387097 1
27.0834 9.9898 -12.9403 0.881266 0.190854 0.432372 1
28.0479 6.82844 -12.4715 0.806877 0.446213 0.387096 1
28.2428 5.971 -11.7399 0.795153 0.517874 0.315496 1
25.0154 14.4063 -5.46289 0.596204 0.738243 -0.315496 1
24.5649 15.1616 -4.73138 0.629503 0.673712 -0.387089 1
22.6708 17.8702 -4.26232 0.779156 0.453833 -0.432379 1
22.0105 18.6775 -4.73135 0.835266 0.390503 -0.38709 1
21.4313 19.3393 -5.4629 0.886348 0.338894 -0.315497 1
20.6996 20.1206 -9.73751 0.953652 0.277994 0.115183 1
20.9826 19.8252 -10.8063 0.927235 0.301034 0.222742 1
22.0104 18.6775 -12.4716 0.835264 0.3905 0.387097 1
25.0154 14.4063 -11.7399 0.596204 0.738243 0.315496 1
25.3389 13.8293 -10.8063 0.572831 0.788829 0.222741 1
25.5323 13.4689 -9.73749 0.559083 0.821072 0.11518 1
20.1206 20.6996 -7.4653 0.277994 0.953653 -0.115179 1
15.1615 24.5649 -4.73135 0.673713 0.629501 -0.38709 1
13.8294 25.3388 -6.39656 0.788827 0.572835 -0.222738 1
13.4688 25.5323 -7.46529 0.821074 0.559081 -0.11518 1
13.3464 25.5966 -8.60141 0.832148 0.554554 2.28191e-06 1
13.4689 25.5323 -9.73751 0.821072 0.559083 0.115182 1
13.8293 25.3389 -10.8063 0.788828 0.572832 0.222742 1
14.4063 25.0154 -11.7399 0.738242 0.596205 0.315498 1
15.1615 24.565 -12.4716 0.673712 0.629498 0.387097 1
16.9677 23.354 -13.1023 0.525533 0.723336 0.447884 1
18.6775 22.0104 -12.4715 0.3905 0.835264 0.387096 1
19.3393 21.4313 -11.7399 0.338894 0.886348 0.315497 1
12.7393 25.9041 -7.4653 -0.0303073 0.992882 -0.115179 1
8.92042 27.4542 -4.10054 0.27629 0.850331 -0.447885 1
5.971 28.2428 -5.4629 0.517874 0.795153 -0.315496 1
5.32241 28.3722 -6.39656 0.573203 0.788559 -0.222738 1
4.91969 28.4448 -7.46529 0.608122 0.785443 -0.11518 1
5.97101 28.2428 -11.7399 0.517873 0.795153 0.315498 1
6.82845 28.0478 -12.4716 0.446213 0.806877 0.387097 1
7.83732 27.7828 -12.9403 0.363591 0.82514 0.432372 1
8.92043 27.4542 -13.1023 0.276288 0.850332 0.447885 1
10.9618 26.7048 -12.4715 0.113276 0.915055 0.387096 1
11.7701 26.3586 -11.7399 0.0484111 0.947691 0.315496 1
12.3709 26.082 -10.8063 -0.00023106 0.974878 0.222741 1
12.7393 25.9041 -9.73749 -0.0303067 0.992882 0.11518 1
3.70568 28.6283 -6.39651 -0.301474 0.927092 -0.22274 1
3.04875 28.7057 -5.46289 -0.246811 0.916268 -0.315496 1
1.13168 28.8449 -4.26232 -0.090817 0.897106 -0.43238 1
-1.13169 28.8449 -4.26232 0.0908175 0.897106 -0.43238 1
-4.24782 28.5529 -8.60141 0.347263 0.937768 2.28191e-06 1
-3.70567 28.6283 -10.8063 0.301473 0.927092 0.222742 1
-3.04874 28.7057 -11.7399 0.24681 0.916267 0.315498 1
-2.17302 28.7852 -12.4716 0.175035 0.905273 0.387097 1
1.13166 28.8449 -12.9404 -0.090815 0.897109 0.432374 1
2.17303 28.7852 -12.4715 -0.175035 0.905273 0.387096 1
3.04876 28.7057 -11.7399 -0.246811 0.916268 0.315496 1
3.70568 28.6283 -10.8063 -0.301474 0.927092 0.222741 1
-4.91976 28.4448 -7.4653 -0.608121 0.785445 -0.115179 1
-5.97101 28.2428 -5.46289 -0.517873 0.795154 -0.315496 1
-6.82852 28.0478 -4.73138 -0.446211 0.806881 -0.387089 1
-12.3708 26.082 -6.39656 0.000228221 0.974878 -0.222737 1
-12.8632 25.8427 -8.60141 0.0404799 0.99918 2.28191e-06 1
-11.7701 26.3586 -11.7399 -0.0484122 0.94769 0.315498 1
-10.9618 26.7048 -12.4716 -0.113277 0.915054 0.387097 1
-9.9898 27.0834 -12.9403 -0.190854 0.881266 0.432372 1
-8.92042 27.4542 -13.1023 -0.276291 0.850331 0.447884 1
-5.971 28.2428 -11.7399 -0.517874 0.795153 0.315496 1
-4.91976 28.4448 -9.73749 -0.60812 0.785445 0.11518 1
-14.4063 25.0154 -5.46289 -0.738243 0.596204 -0.315496 1
-16.0391 24.0012 -4.26232 -0.600779 0.672393 -0.43238 1
-19.3393 21.4313 -5.4629 -0.338894 0.886348 -0.315497 1
-19.8252 20.9827 -6.39656 -0.301037 0.927235 -0.222737 1
-20.1206 20.6995 -7.46529 -0.277992 0.953653 -0.11518 1
-20.2195 20.6029 -8.60141 -0.270265 0.962786 2.28191e-06 1
-20.1206 20.6996 -9.73751 -0.277994 0.953652 0.115183 1
-19.8252 20.9826 -10.8063 -0.301034 0.927235 0.222742 1
-19.3392 21.4314 -11.7399 -0.338895 0.886347 0.315498 1
-15.1615 24.565 -12.4715 -0.673713 0.629498 0.387096 1
-14.4063 25.0154 -11.7399 -0.738243 0.596204 0.315496 1
-13.8293 25.3389 -10.8063 -0.788829 0.572831 0.222741 1
-13.4689 25.5323 -9.73749 -0.821072 0.559083 0.11518 1
-20.6996 20.1206 -7.4653 -0.953653 0.277994 -0.115179 1
-21.4314 19.3392 -5.46289 -0.886348 0.338894 -0.315496 1
-23.354 16.9677 -4.10054 -0.723334 0.525535 -0.447885 1
-24.0012 16.0391 -4.26232 -0.672393 0.600779 -0.43238 1
-24.5649 15.1615 -4.73135 -0.629501 0.673713 -0.38709 1
-25.0154 14.4063 -5.4629 -0.596204 0.738243 -0.315496 1
-25.3388 13.8294 -6.39656 -0.572835 0.788827 -0.222738 1
-25.5966 13.3464 -8.60141 -0.554554 0.832148 2.28191e-06 1
-25.5323 13.4689 -9.73751 -0.559083 0.821072 0.115182 1
-24.565 15.1615 -12.4716 -0.629498 0.673712 0.387097 1
-26.082 12.3709 -6.39651 -0.974878 -0.000231061 -0.22274 1
-26.3586 11.7701 -5.46289 -0.947691 0.048411 -0.315496 1
-27.0834 9.98986 -4.26232 -0.881263 0.190849 -0.43238 1
-27.4542 8.92042 -4.10054 -0.850331 0.27629 -0.447885 1
-27.7829 7.83726 -4.26232 -0.825135 0.363593 -0.43238 1
-28.0478 6.8285 -4.73135 -0.80688 0.446212 -0.38709 1
-28.3722 5.32241 -6.39656 -0.788559 0.573203 -0.222738 1
-28.468 4.7834 -8.60141 -0.78456 0.620052 2.28191e-06 1
-28.4448 4.91976 -9.73751 -0.785445 0.60812 0.115183 1
-28.2428 5.97101 -11.7399 -0.795153 0.517873 0.315498 1
-27.7828 7.83732 -12.9403 -0.82514 0.363591 0.432372 1
-27.0834 9.98983 -12.9404 -0.881265 0.190853 0.432374 1
-26.7048 10.9618 -12.4715 -0.915055 0.113276 0.387096 1
-26.3586 11.7701 -11.7399 -0.947691 0.0484111 0.315496 1
-25.9041 12.7393 -9.73749 -0.992882 -0.0303067 0.11518 0
-30.48 1.12935 -11.7043 -1 0 0 0
-30.48 2.85962 -10.2524 -1 0 0 0
-30.48 3.25183 -9.17478 -1 0 0 0
-30.48 3.25183 -8.02801 -1 0 0 0
-30.48 2.85962 -6.9504 -1 0 0 0
-30.48 2.12249 -6.07192 -1 0 0 0
-30.48 1.12935 -5.49853 -1 0 0 0
-30.48 -2.12249 -6.07192 -1 0 0 0
-30.48 -2.85962 -6.9504 -1 0 0 0
-30.48 -3.25183 -8.02801 -1 0 0 0
-30.48 -3.25183 -9.17478 -1 0 0 0
-30.48 -2.12249 -11.1309 -1 0 0 0
-30.48 -1.12935 -11.7043 -1 0 0 0
-30.108 -0 -12.8014 -0.707107 0 -0.707107 0
29.21 4.27489 -10.2226 0 0.935016 -0.354605 0
29.21 4.53866 -9.15249 0 0.992709 -0.120537 0
29.21 4.53866 -8.0503 0 0.992709 0.120537 0
29.21 1.09415 -4.16225 0 0.239316 0.970942 0
29.21 -1.09415 -4.16225 0 -0.239316 0.970942 0
29.21 -2.12471 -4.55309 0 -0.464723 0.885456 0
29.21 -3.0318 -5.1792 0 -0.663123 0.748511 0
29.21 -3.76268 -6.0042 0 -0.822984 0.568065 0
29.21 -3.76268 -11.1986 0 -0.822984 -0.568065 0
29.21 -3.0318 -12.0236 0 -0.663123 -0.748511 0
29.21 -2.12471 -12.6497 0 -0.464723 -0.885456 0
30.48 3.25183 -8.02801 1 0 0 0
30.48 0 -5.2994 1 0 0 0
30.48 -2.85962 -6.9504 1 0 0 0
30.48 -3.25183 -8.02801 1 0 0 0
30.48 -3.25183 -9.17478 1 0 0 0
30.48 -2.85962 -10.2524 1 0 0 0
30.48 -1.12935 -11.7043 1 0 0 0
28.79 -0 -14.144 0.707107 0 -0.707107 0
-26.5089 0 -2.25642 -0.725374 0 0.688355 0
37.6754 2.37033 -16.7858 0.086984 0.005473 0.996195 0
37.5823 3.55258 -16.7858 0.086769 0.008202 0.996195 0
37.4522 4.73131 -16.7858 0.086468 0.010924 0.996195 0
36.5639 9.38801 -16.7858 0.084418 0.021675 0.996195 0
36.251 10.5319 -16.7858 0.083695 0.024316 0.996195 0
35.9023 11.6654 -16.7858 0.08289 0.026933 0.996195 0
34.6451 14.9923 -16.7858 0.079988 0.034614 0.996195 0
34.1571 16.0731 -16.7858 0.078861 0.037109 0.996195 0
32.4929 19.2162 -16.7858 0.075019 0.044366 0.996195 0
31.2222 21.2186 -16.7858 0.072085 0.048989 0.996195 0
30.5403 22.1888 -16.7858 0.07051 0.051229 0.996195 0
25.8416 27.5185 -16.7858 0.059662 0.063534 0.996195 0
24.9644 28.3166 -16.7858 0.057637 0.065376 0.996195 0
24.0627 29.0868 -16.7858 0.055555 0.067155 0.996195 0
23.1372 29.8283 -16.7858 0.053418 0.068867 0.996195 0
19.2162 32.4929 -16.7858 0.044366 0.075019 0.996195 0
18.1861 33.0805 -16.7858 0.041988 0.076375 0.996195 0
17.1381 33.6354 -16.7858 0.039568 0.077656 0.996195 0
13.8967 35.0989 -16.7858 0.032084 0.081035 0.996195 0
12.7873 35.5181 -16.7858 0.029523 0.082003 0.996195 0
11.6654 35.9023 -16.7858 0.026933 0.08289 0.996195 0
10.5319 36.251 -16.7858 0.024316 0.083695 0.996195 0
9.38801 36.5639 -16.7858 0.021675 0.084418 0.996195 0
8.23488 36.8407 -16.7858 0.019012 0.085057 0.996195 0
4.73131 37.4522 -16.7858 0.010924 0.086468 0.996195 0
3.55258 37.5823 -16.7858 0.008202 0.086769 0.996195 0
0 37.7499 -16.7858 0 0.087156 0.996195 0
-3.55258 37.5823 -16.7858 -0.008202 0.086769 0.996195 0
-4.73131 37.4522 -16.7858 -0.010924 0.086468 0.996195 0
-5.90538 37.2851 -16.7858 -0.013634 0.086083 0.996195 0
-8.23488 36.8407 -16.7858 -0.019012 0.085057 0.996195 0
-9.38801 36.5639 -16.7858 -0.021675 0.084418 0.996195 0
-13.8967 35.0989 -16.7858 -0.032084 0.081035 0.996195 0
-14.9923 34.6451 -16.7858 -0.034614 0.079988 0.996195 0
-16.0731 34.1571 -16.7858 -0.037109 0.078861 0.996195 0
-17.1381 33.6354 -16.7858 -0.039568 0.077656 0.996195 0
-19.2162 32.4929 -16.7858 -0.044366 0.075019 0.996195 0
-23.1372 29.8283 -16.7858 -0.053418 0.068867 0.996195 0
-26.6932 26.6932 -16.7858 -0.061628 0.061628 0.996195 0
-29.0868 24.0627 -16.7858 -0.067155 0.055555 0.996195 0
-29.8283 23.1372 -16.7858 -0.068867 0.053418 0.996195 0
-30.5403 22.1888 -16.7858 -0.07051 0.051229 0.996195 0
-32.4929 19.2162 -16.7858 -0.075019 0.044366 0.996195 0
-35.9023 11.6654 -16.7858 -0.08289 0.026933 0.996195 0
-36.251 10.5319 -16.7858 -0.083695 0.024316 0.996195 0
-36.5639 9.38801 -16.7858 -0.084418 0.021675 0.996195 0
-36.8407 8.23488 -16.7858 -0.085057 0.019012 0.996195 0
-37.7312 -1.18575 -16.7858 -0.087113 -0.002738 0.996195 0
-37.6754 -2.37033 -16.7858 -0.086984 -0.005473 0.996195 0
-37.5823 -3.55258 -16.7858 -0.086769 -0.008202 0.996195 0
-36.8407 -8.23488 -16.7858 -0.085057 -0.019012 0.996195 0
-36.5639 -9.38801 -16.7858 -0.084418 -0.021675 0.996195 0
-36.251 -10.5319 -16.7858 -0.083695 -0.024316 0.996195 0
-35.9023 -11.6654 -16.7858 -0.08289 -0.026933 0.996195 0
-35.0989 -13.8967 -16.7858 -0.081035 -0.032084 0.996195 0
-34.6451 -14.9923 -16.7858 -0.079988 -0.034614 0.996195 0
-33.6354 -17.1381 -16.7858 -0.077656 -0.039568 0.996195 0
-31.8733 -20.2274 -16.7858 -0.073588 -0.0467 0.996195 0
-31.2222 -21.2186 -16.7858 -0.072085 -0.048989 0.996195 0
-30.5403 -22.1888 -16.7858 -0.07051 -0.051229 0.996195 0
-29.0868 -24.0627 -16.7858 -0.067155 -0.055555 0.996195 0
-26.6932 -26.6932 -16.7858 -0.061628 -0.061628 0.996195 0
-25.8416 -27.5185 -16.7858 -0.059662 -0.063534 0.996195 0
-24.0627 -29.0868 -16.7858 -0.055555 -0.067155 0.996195 0
-21.2186 -31.2222 -16.7858 -0.048989 -0.072085 0.996195 0
-20.2274 -31.8733 -16.7858 -0.0467 -0.073588 0.996195 0
-19.2162 -32.4929 -16.7858 -0.044366 -0.075019 0.996195 0
-17.1381 -33.6354 -16.7858 -0.039568 -0.077656 0.996195 0
-14.9923 -34.6451 -16.7858 -0.034614 -0.079988 0.996195 0
-12.7873 -35.5181 -16.7858 -0.029523 -0.082003 0.996195 0
-8.23488 -36.8407 -16.7858 -0.019012 -0.085057 0.996195 0
-7.07362 -37.0812 -16.7858 -0.016331 -0.085612 0.996195 0
-4.73131 -37.4522 -16.7858 -0.010924 -0.086468 0.996195 0
-3.55258 -37.5823 -16.7858 -0.008202 -0.086769 0.996195 0
-2.37033 -37.6754 -16.7858 -0.005473 -0.086984 0.996195 0
-1.18575 -37.7312 -16.7858 -0.002738 -0.087113 0.996195 0
-0 -37.7499 -16.7858 0 -0.087156 0.996195 0
4.73131 -37.4522 -16.7858 0.010924 -0.086468 0.996195 0
7.07362 -37.0812 -16.7858 0.016331 -0.085612 0.996195 0
8.23488 -36.8407 -16.7858 0.019012 -0.085057 0.996195 0
9.38801 -36.5639 -16.7858 0.021675 -0.084418 0.996195 0
11.6654 -35.9023 -16.7858 0.026933 -0.08289 0.996195 0
13.8967 -35.0989 -16.7858 0.032084 -0.081035 0.996195 0
17.1381 -33.6354 -16.7858 0.039568 -0.077656 0.996195 0
18.1861 -33.0805 -16.7858 0.041988 -0.076375 0.996195 0
20.2274 -31.8733 -16.7858 0.0467 -0.073588 0.996195 0
21.2186 -31.2222 -16.7858 0.048989 -0.072085 0.996195 0
22.1888 -30.5403 -16.7858 0.051229 -0.07051 0.996195 0
24.9644 -28.3166 -16.7858 0.057637 -0.065376 0.996195 0
27.5185 -25.8416 -16.7858 0.063534 -0.059662 0.996195 0
30.5403 -22.1888 -16.7858 0.07051 -0.051229 0.996195 0
33.6354 -17.1381 -16.7858 0.077656 -0.039568 0.996195 0
34.1571 -16.0731 -16.7858 0.078861 -0.037109 0.996195 0
34.6451 -14.9923 -16.7858 0.079988 -0.034614 0.996195 0
36.251 -10.5319 -16.7858 0.083695 -0.024316 0.996195 0
36.5639 -9.38801 -16.7858 0.084418 -0.021675 0.996195 0
37.2851 -5.90538 -16.7858 0.086083 -0.013634 0.996195 0
37.4522 -4.73131 -16.7858 0.086468 -0.010924 0.996195 0
37.7312 -1.18575 -16.7858 0.087113 -0.002738 0.996195 0
39.8954 -0 -18.3957 0.932182 0 0.361991 0
39.4011 -0 -17.6002 0.737277 0 0.67559 0
40.0512 1.17627 -19.3161 0.999569 0.029356 0 0
39.9994 2.35153 -19.3161 0.998276 0.058688 0 0
39.7925 4.69494 -19.3161 0.993112 0.117173 0 0
39.6375 5.86109 -19.3161 0.989244 0.146277 0 0
39.4484 7.02218 -19.3161 0.984523 0.175254 0 0
38.9683 9.32521 -19.3161 0.972541 0.232732 0 0
37.9969 12.717 -19.3161 0.948298 0.317382 0 0
37.6072 13.827 -19.3161 0.938572 0.345084 0 0
37.185 14.925 -19.3161 0.928037 0.372488 0 0
36.7309 16.0102 -19.3161 0.916702 0.399572 0 0
36.245 17.0816 -19.3161 0.904577 0.426311 0 0
35.728 18.1383 -19.3161 0.891672 0.452682 0 0
31.9962 24.119 -19.3161 0.798537 0.601945 0 0
31.2744 25.0479 -19.3161 0.780522 0.625128 0 0
28.124 28.5399 -19.3161 0.701897 0.712278 0 0
23.6467 32.3468 -19.3161 0.590158 0.807288 0 0
20.7096 34.3016 -19.3161 0.516855 0.856073 0 0
18.6608 35.4578 -19.3161 0.465723 0.884931 0 0
17.6119 35.9904 -19.3161 0.439544 0.898221 0 0
16.5477 36.4919 -19.3161 0.412986 0.910737 0 0
15.4693 36.9619 -19.3161 0.386072 0.922469 0 0
14.3776 37.4001 -19.3161 0.358825 0.933405 0 0
8.75215 39.101 -19.3161 0.21843 0.975853 0 0
6.44233 39.5472 -19.3161 0.160783 0.98699 0 0
4.11029 39.8571 -19.3161 0.102582 0.994725 0 0
1.76409 40.0296 -19.3161 0.044027 0.99903 0 0
0.588198 40.0642 -19.3161 0.01468 0.999892 0 0
-0.588198 40.0642 -19.3161 -0.01468 0.999892 0 0
-1.76409 40.0296 -19.3161 -0.044027 0.99903 0 0
-2.93846 39.9606 -19.3161 -0.073336 0.997307 0 0
-4.11029 39.8571 -19.3161 -0.102582 0.994725 0 0
-5.27858 39.7193 -19.3161 -0.131739 0.991284 0 0
-11.0318 38.5199 -19.3161 -0.275324 0.961352 0 0
-12.1579 38.1795 -19.3161 -0.303427 0.952855 0 0
-13.2734 37.8061 -19.3161 -0.331269 0.943536 0 0
-14.3776 37.4001 -19.3161 -0.358825 0.933405 0 0
-16.5477 36.4919 -19.3161 -0.412986 0.910737 0 0
-18.6608 35.4578 -19.3161 -0.465723 0.884931 0 0
-19.6937 34.8947 -19.3161 -0.4915 0.870877 0 0
-20.7096 34.3016 -19.3161 -0.516855 0.856073 0 0
-21.7076 33.6788 -19.3161 -0.541763 0.840531 0 0
-22.687 33.0271 -19.3161 -0.566205 0.824265 0 0
-23.6467 32.3468 -19.3161 -0.590158 0.807288 0 0
-27.274 29.3532 -19.3161 -0.680685 0.732576 0 0
-30.5256 25.9553 -19.3161 -0.761834 0.647772 0 0
-31.2744 25.0479 -19.3161 -0.780522 0.625128 0 0
-31.9962 24.119 -19.3161 -0.798537 0.601945 0 0
-32.6905 23.1694 -19.3161 -0.815864 0.578244 0 0
-33.9939 21.2109 -19.3161 -0.848394 0.529366 0 0
-35.728 18.1383 -19.3161 -0.891672 0.452682 0 0
-36.7309 16.0102 -19.3161 -0.916702 0.399572 0 0
-38.6777 10.4652 -19.3161 -0.96529 0.261182 0 0
-38.9683 9.32521 -19.3161 -0.972541 0.232732 0 0
-39.2252 8.17722 -19.3161 -0.978954 0.204081 0 0
-39.4484 7.02218 -19.3161 -0.984523 0.175254 0 0
-39.6375 5.86109 -19.3161 -0.989244 0.146277 0 0
-39.9994 2.35153 -19.3161 -0.998276 0.058688 0 0
-40.0512 -1.17627 -19.3161 -0.999569 -0.029356 0 0
-39.9994 -2.35153 -19.3161 -0.998276 -0.058688 0 0
-39.4484 -7.02218 -19.3161 -0.984523 -0.175254 0 0
-39.2252 -8.17722 -19.3161 -0.978954 -0.204081 0 0
-38.9683 -9.32521 -19.3161 -0.972541 -0.232732 0 0
-38.6777 -10.4652 -19.3161 -0.96529 -0.261182 0 0
-38.3538 -11.5961 -19.3161 -0.957206 -0.289407 0 0
-37.9969 -12.717 -19.3161 -0.948298 -0.317382 0 0
-37.6072 -13.827 -19.3161 -0.938572 -0.345084 0 0
-37.185 -14.925 -19.3161 -0.928037 -0.372488 0 0
-35.1801 -19.1793 -19.3161 -0.877999 -0.478663 0 0
-32.6905 -23.1694 -19.3161 -0.815864 -0.578244 0 0
-31.9962 -24.119 -19.3161 -0.798537 -0.601945 0 0
-31.2744 -25.0479 -19.3161 -0.780522 -0.625128 0 0
-30.5256 -25.9553 -19.3161 -0.761834 -0.647772 0 0
-28.9497 -27.702 -19.3161 -0.722505 -0.691366 0 0
-23.6467 -32.3468 -19.3161 -0.590158 -0.807288 0 0
-18.6608 -35.4578 -19.3161 -0.465723 -0.884931 0 0
-16.5477 -36.4919 -19.3161 -0.412986 -0.910737 0 0
-14.3776 -37.4001 -19.3161 -0.358825 -0.933405 0 0
-12.1579 -38.1795 -19.3161 -0.303427 -0.952855 0 0
-11.0318 -38.5199 -19.3161 -0.275324 -0.961352 0 0
-9.89625 -38.8272 -19.3161 -0.246983 -0.96902 0 0
-7.60051 -39.341 -19.3161 -0.189688 -0.981844 0 0
-4.11029 -39.8571 -19.3161 -0.102582 -0.994725 0 0
-2.93846 -39.9606 -19.3161 -0.073336 -0.997307 0 0
-1.76409 -40.0296 -19.3161 -0.044027 -0.99903 0 0
0.588198 -40.0642 -19.3161 0.01468 -0.999892 0 0
4.11029 -39.8571 -19.3161 0.102582 -0.994725 0 0
5.27858 -39.7193 -19.3161 0.131739 -0.991284 0 0
6.44233 -39.5472 -19.3161 0.160783 -0.98699 0 0
8.75215 -39.101 -19.3161 0.21843 -0.975853 0 0
9.89625 -38.8272 -19.3161 0.246983 -0.96902 0 0
14.3776 -37.4001 -19.3161 0.358825 -0.933405 0 0
15.4693 -36.9619 -19.3161 0.386072 -0.922469 0 0
17.6119 -35.9904 -19.3161 0.439544 -0.898221 0 0
18.6608 -35.4578 -19.3161 0.465723 -0.884931 0 0
19.6937 -34.8947 -19.3161 0.4915 -0.870877 0 0
21.7076 -33.6788 -19.3161 0.541763 -0.840531 0 0
22.687 -33.0271 -19.3161 0.566205 -0.824265 0 0
25.5043 -30.9033 -19.3161 0.636519 -0.771261 0 0
26.4006 -30.1412 -19.3161 0.658886 -0.752243 0 0
27.274 -29.3532 -19.3161 0.680685 -0.732576 0 0
30.5256 -25.9553 -19.3161 0.761834 -0.647772 0 0
31.2744 -25.0479 -19.3161 0.780522 -0.625128 0 0
31.9962 -24.119 -19.3161 0.798537 -0.601945 0 0
33.3565 -22.1997 -19.3161 0.832488 -0.554044 0 0
33.9939 -21.2109 -19.3161 0.848394 -0.529366 0 0
35.1801 -19.1793 -19.3161 0.877999 -0.478663 0 0
36.7309 -16.0102 -19.3161 0.916702 -0.399572 0 0
37.6072 -13.827 -19.3161 0.938572 -0.345084 0 0
37.9969 -12.717 -19.3161 0.948298 -0.317382 0 0
38.3538 -11.5961 -19.3161 0.957206 -0.289407 0 0
39.2252 -8.17722 -19.3161 0.978954 -0.204081 0 0
39.4484 -7.02218 -19.3161 0.984523 -0.175254 0 0
39.6375 -5.86109 -19.3161 0.989244 -0.146277 0 0
39.7925 -4.69494 -19.3161 0.993112 -0.117173 0 0
39.9132 -3.52475 -19.3161 0.996123 -0.087968 0 0
39.9994 -2.35153 -19.3161 0.998276 -0.058688 0 0
30.48 2.37652 -6.49598 0.707107 -0.529277 -0.468899 1
30.48 -2.81132 -10.0769 0.707107 0.626112 0.328609 1
30.48 0.981129 -11.621 0.707107 -0.218508 0.672499 1
30.48 3.0196 -9.58253 0.707107 -0.672499 0.218508 0
-27.698 -0 -15.9064 -0.087156 0 0.996195 0
-28.8149 -0 -16.0041 -0.087156 0 0.996195 0
-31.0486 -0 -16.1995 -0.087156 0 0.996195 0
-33.2824 -0 -16.3949 -0.087156 0 0.996195 0
-34.3992 -0 -16.4926 -0.087156 0 0.996195 0
-35.5161 -0 -16.5904 -0.087156 0 0.996195 0
-26.5547 1.1841 -15.8086 -0.736545 0.0328438 0.67559 1
-26.4756 2.36586 -15.8086 -0.734351 0.0656212 0.67559 1
-26.3439 3.54291 -15.8086 -0.730699 0.0982697 0.67559 1
-26.16 4.71294 -15.8086 -0.725596 0.130722 0.67559 1
-25.924 5.8736 -15.8086 -0.719052 0.162916 0.67559 1
-24.4719 10.377 -15.8086 -0.678774 0.287825 0.67559 1
-23.9853 11.4568 -15.8086 -0.665279 0.317777 0.67559 1
-22.2443 14.5515 -15.8086 -0.616987 0.403614 0.67559 1
-20.8608 16.4736 -15.8086 -0.578615 0.456928 0.67559 1
-19.3118 18.265 -15.8086 -0.53565 0.506613 0.67559 1
-15.7674 21.3996 -15.8086 -0.437338 0.59356 0.67559 1
-13.8001 22.7181 -15.8086 -0.382773 0.630129 0.67559 1
-11.7233 23.8562 -15.8086 -0.325168 0.661697 0.67559 1
-5.00407 26.1058 -15.8086 -0.138798 0.724094 0.67559 1
-3.83617 26.3028 -15.8086 -0.106403 0.729559 0.675591 1
-1.47985 26.5399 -15.8086 -0.0410463 0.736134 0.67559 1
3.24922 26.3818 -15.8086 0.0901235 0.731748 0.67559 1
5.58444 25.9879 -15.8086 0.154896 0.720823 0.67559 1
10.1037 24.586 -15.8086 0.280246 0.681939 0.67559 1
11.1889 24.1115 -15.8086 0.310346 0.668777 0.67559 1
12.2519 23.5891 -15.8086 0.339829 0.654288 0.675591 1
13.2905 23.0199 -15.8086 0.368639 0.638501 0.67559 1
14.3028 22.405 -15.8086 0.396716 0.621445 0.67559 1
15.2867 21.7456 -15.8086 0.424005 0.603156 0.67559 1
16.2402 21.0431 -15.8086 0.450453 0.583669 0.67559 1
20.4886 16.9343 -15.8086 0.568291 0.469705 0.67559 1
21.2227 16.0048 -15.8086 0.588651 0.443923 0.67559 1
23.7241 11.9883 -15.8086 0.658034 0.332519 0.67559 1
24.2346 10.9196 -15.8086 0.672193 0.302876 0.67559 1
25.1103 8.71926 -15.8086 0.696483 0.241845 0.67559 1
25.4738 7.59202 -15.8086 0.706565 0.210579 0.67559 1
25.7867 6.4497 -15.8086 0.715244 0.178895 0.67559 1
26.2585 4.12895 -15.8086 0.728328 0.114524 0.67559 1
26.4163 2.95512 -15.8086 0.732707 0.0819658 0.67559 1
26.2585 -4.12895 -15.8086 0.728328 -0.114524 0.67559 1
26.0485 -5.29458 -15.8086 0.722503 -0.146855 0.67559 1
25.7867 -6.4497 -15.8086 0.715244 -0.178895 0.67559 1
25.4738 -7.59202 -15.8086 0.706565 -0.210579 0.67559 1
24.2346 -10.9196 -15.8086 0.672193 -0.302876 0.67559 1
23.1665 -13.0333 -15.8086 0.642568 -0.361502 0.67559 1
22.5629 -14.0523 -15.8086 0.625826 -0.389768 0.67559 1
21.2227 -16.0048 -15.8086 0.588651 -0.443923 0.67559 1
20.4886 -16.9343 -15.8086 0.568291 -0.469705 0.67559 1
19.7139 -17.8302 -15.8086 0.546803 -0.494555 0.67559 1
18.0487 -19.5141 -15.8086 0.500615 -0.54126 0.675591 1
17.1615 -20.2987 -15.8086 0.476007 -0.563023 0.67559 1
15.2867 -21.7456 -15.8086 0.424005 -0.603156 0.67559 1
12.2519 -23.5891 -15.8086 0.339829 -0.654288 0.675591 1
11.1889 -24.1115 -15.8086 0.310346 -0.668777 0.67559 1
10.1037 -24.586 -15.8086 0.280246 -0.681939 0.67559 1
5.58444 -25.9879 -15.8086 0.154896 -0.720823 0.67559 1
-0.296118 -26.5795 -15.8086 -0.00821333 -0.737231 0.67559 1
-3.83617 -26.3028 -15.8086 -0.106403 -0.729559 0.675591 1
-5.00407 -26.1058 -15.8086 -0.138798 -0.724094 0.67559 1
-7.30776 -25.5568 -15.8086 -0.202694 -0.708867 0.675591 1
-8.43899 -25.2059 -15.8086 -0.234071 -0.699134 0.67559 1
-11.7233 -23.8562 -15.8086 -0.325168 -0.661697 0.67559 1
-12.7744 -23.3103 -15.8086 -0.354322 -0.646555 0.67559 1
-15.7674 -21.3996 -15.8086 -0.437338 -0.59356 0.67559 1
-17.6095 -19.9113 -15.8086 -0.488432 -0.552279 0.67559 1
-18.479 -19.1071 -15.8086 -0.512549 -0.529973 0.67559 1
-20.8608 -16.4736 -15.8086 -0.578615 -0.456928 0.67559 1
-23.9853 -11.4568 -15.8086 -0.665279 -0.317777 0.67559 1
-24.4719 -10.377 -15.8086 -0.678774 -0.287825 0.67559 1
-24.9099 -9.27653 -15.8086 -0.690922 -0.257302 0.67559 1
-25.6367 -7.0226 -15.8086 -0.711081 -0.194785 0.67559 1
-26.5811 0 -15.0149 -1 0 0 0
-40.0685 0 -19.7399 -1 0 0 1
-39.9988 2.36255 -20.1636 -0.954339 0.0563686 0.29336 1
-39.9117 3.54126 -20.1636 -0.952261 0.0844915 0.29336 1
-39.6335 5.8884 -20.1636 -0.945623 0.140492 0.29336 1
-39.2173 8.21506 -20.1636 -0.935694 0.196004 0.29336 1
-38.958 9.36817 -20.1636 -0.929505 0.223517 0.29336 1
-38.6647 10.5131 -20.1636 -0.922509 0.250835 0.29336 1
-38.3378 11.6489 -20.1636 -0.914709 0.277935 0.29336 1
-37.5842 13.8892 -20.1636 -0.89673 0.331385 0.29336 1
-37.1582 14.9917 -20.1636 -0.886566 0.357689 0.29336 1
-35.6879 18.217 -20.1636 -0.851484 0.434644 0.29336 1
-35.135 19.2617 -20.1636 -0.838294 0.459568 0.29336 1
-34.5517 20.2896 -20.1636 -0.824375 0.484094 0.29336 1
-31.9229 24.216 -20.1636 -0.761655 0.577773 0.29336 1
-31.1948 25.147 -20.1636 -0.744282 0.599987 0.29336 1
-28.8502 27.8056 -20.1636 -0.688343 0.663419 0.29336 1
-26.2799 30.2465 -20.1636 -0.627017 0.721658 0.29336 1
-24.4507 31.7435 -20.1636 -0.583374 0.757373 0.29336 1
-22.5365 33.1299 -20.1636 -0.537702 0.790453 0.29336 1
-21.5496 33.7802 -20.1636 -0.514155 0.805968 0.29336 1
-20.5439 34.4011 -20.1636 -0.49016 0.820782 0.29336 1
-19.5203 34.992 -20.1636 -0.465738 0.834882 0.29336 1
-15.2653 37.0467 -20.1636 -0.364217 0.883904 0.29336 1
-11.9314 38.2508 -20.1636 -0.284673 0.912634 0.29336 1
-8.50405 39.1557 -20.1636 -0.2029 0.934223 0.29336 1
-3.83549 39.8845 -20.1636 -0.0915113 0.951612 0.29336 1
-2.65746 39.9803 -20.1636 -0.0634047 0.953897 0.29336 1
-1.47712 40.0413 -20.1636 -0.0352431 0.955352 0.29336 1
2.06751 40.0151 -20.1636 0.0493289 0.954729 0.29336 1
3.24683 39.9367 -20.1636 0.0774669 0.952858 0.29336 1
5.59596 39.6758 -20.1636 0.133515 0.946633 0.29336 1
7.92563 39.2768 -20.1636 0.189099 0.937113 0.29336 1
11.3659 38.4227 -20.1636 0.271182 0.916734 0.29336 1
14.7172 37.2678 -20.1636 0.351141 0.889179 0.29336 1
15.81 36.8175 -20.1636 0.377214 0.878436 0.29336 1
17.9534 35.8212 -20.1636 0.428353 0.854666 0.29336 1
19.0021 35.2761 -20.1636 0.453374 0.84166 0.29336 1
22.0454 33.4587 -20.1636 0.525986 0.798298 0.29336 1
23.0227 32.7939 -20.1636 0.549303 0.782436 0.29336 1
25.8309 30.6308 -20.1636 0.616305 0.730827 0.29336 1
26.7231 29.8557 -20.1636 0.637592 0.712332 0.29336 1
28.437 28.228 -20.1636 0.678483 0.673499 0.29336 1
30.0519 26.5022 -20.1636 0.717015 0.632321 0.29336 1
32.2766 23.7425 -20.1636 0.770093 0.566477 0.29336 1
32.9628 22.7802 -20.1636 0.786466 0.543518 0.29336 1
34.2486 20.797 -20.1636 0.817145 0.496199 0.29336 1
35.9527 17.6887 -20.1636 0.857802 0.422038 0.29336 1
36.9331 15.5381 -20.1636 0.881194 0.370726 0.29336 1
37.3753 14.442 -20.1636 0.891745 0.344575 0.29336 1
38.5054 11.0822 -20.1636 0.918709 0.264413 0.29336 1
39.0919 8.79257 -20.1636 0.932701 0.209784 0.29336 1
39.716 5.30322 -20.1636 0.947592 0.126531 0.29336 1
39.8551 4.12952 -20.1636 0.950911 0.0985275 0.29336 1
39.9596 2.95223 -20.1636 0.953404 0.0704376 0.29336 1
40.0641 0.590959 -20.1636 0.955898 0.0140999 0.29336 1
40.0641 -0.590959 -20.1636 0.955898 -0.0140999 0.29336 1
40.0293 -1.77236 -20.1636 0.955066 -0.042287 0.29336 1
39.9596 -2.95223 -20.1636 0.953404 -0.0704376 0.29336 1
39.8551 -4.12952 -20.1636 0.950911 -0.0985275 0.29336 1
38.8155 -9.94173 -20.1636 0.926108 -0.237201 0.29336 1
38.1618 -12.2131 -20.1636 0.91051 -0.291395 0.29336 1
37.785 -13.3334 -20.1636 0.90152 -0.318123 0.29336 1
37.3753 -14.442 -20.1636 0.891745 -0.344575 0.29336 1
36.4587 -16.6206 -20.1636 0.869876 -0.396555 0.29336 1
35.9527 -17.6887 -20.1636 0.857802 -0.422038 0.29336 1
34.8471 -19.7778 -20.1636 0.831425 -0.471882 0.29336 1
34.2486 -20.797 -20.1636 0.817145 -0.496199 0.29336 1
33.6204 -21.7981 -20.1636 0.802155 -0.520085 0.29336 1
32.9628 -22.7802 -20.1636 0.786466 -0.543518 0.29336 1
31.5623 -24.6842 -20.1636 0.753051 -0.588944 0.29336 1
29.2572 -27.377 -20.1636 0.698053 -0.653194 0.29336 1
27.5921 -29.0545 -20.1636 0.658324 -0.693217 0.29336 1
25.8309 -30.6308 -20.1636 0.616305 -0.730827 0.29336 1
24.9162 -31.3794 -20.1636 0.594481 -0.748687 0.29336 1
23.9799 -32.1006 -20.1636 0.572141 -0.765895 0.29336 1
21.049 -34.0943 -20.1636 0.502212 -0.813464 0.29336 1
20.0343 -34.7003 -20.1636 0.478001 -0.827922 0.29336 1
19.0021 -35.2761 -20.1636 0.453374 -0.84166 0.29336 1
15.81 -36.8175 -20.1636 0.377214 -0.878436 0.29336 1
14.7172 -37.2678 -20.1636 0.351141 -0.889179 0.29336 1
13.6116 -37.6856 -20.1636 0.324762 -0.899149 0.29336 1
11.3659 -38.4227 -20.1636 0.271182 -0.916734 0.29336 1
10.2277 -38.7412 -20.1636 0.244025 -0.924333 0.29336 1
6.76374 -39.4935 -20.1636 0.161377 -0.942283 0.29336 1
3.24683 -39.9367 -20.1636 0.0774669 -0.952858 0.29336 1
2.06751 -40.0151 -20.1636 0.0493289 -0.954729 0.29336 1
0.886399 -40.0587 -20.1636 0.0211485 -0.955768 0.29336 1
-0.295488 -40.0674 -20.1636 -0.0070502 -0.955976 0.29336 1
-2.65746 -39.9803 -20.1636 -0.0634047 -0.953897 0.29336 1
-3.83549 -39.8845 -20.1636 -0.0915113 -0.951612 0.29336 1
-5.01019 -39.754 -20.1636 -0.119539 -0.948499 0.29336 1
-7.34548 -39.3894 -20.1636 -0.175257 -0.9398 0.29336 1
-8.50405 -39.1557 -20.1636 -0.2029 -0.934223 0.29336 1
-9.65521 -38.8878 -20.1636 -0.230366 -0.927832 0.29336 1
-10.798 -38.5861 -20.1636 -0.257631 -0.920634 0.29336 1
-11.9314 -38.2508 -20.1636 -0.284673 -0.912634 0.29336 1
-13.0543 -37.8823 -20.1636 -0.311466 -0.903841 0.29336 1
-14.166 -37.4808 -20.1636 -0.337989 -0.894262 0.29336 1
-15.2653 -37.0467 -20.1636 -0.364217 -0.883904 0.29336 1
-17.4231 -36.0821 -20.1636 -0.415701 -0.860891 0.29336 1
-18.4797 -35.5526 -20.1636 -0.440911 -0.848255 0.29336 1
-21.5496 -33.7802 -20.1636 -0.514155 -0.805968 0.29336 1
-22.5365 -33.1299 -20.1636 -0.537702 -0.790453 0.29336 1
-23.5038 -32.4508 -20.1636 -0.560782 -0.77425 0.29336 1
-26.2799 -30.2465 -20.1636 -0.627017 -0.721658 0.29336 1
-27.1605 -29.4583 -20.1636 -0.648028 -0.702851 0.29336 1
-28.8502 -27.8056 -20.1636 -0.688343 -0.663419 0.29336 1
-29.6578 -26.9426 -20.1636 -0.707611 -0.642827 0.29336 1
-30.4395 -26.0561 -20.1636 -0.726262 -0.621677 0.29336 1
-32.6232 -23.2639 -20.1636 -0.778365 -0.555057 0.29336 1
-33.2952 -22.2916 -20.1636 -0.794397 -0.531859 0.29336 1
-33.9382 -21.2999 -20.1636 -0.809738 -0.508197 0.29336 1
-34.5517 -20.2896 -20.1636 -0.824375 -0.484094 0.29336 1
-36.2096 -17.1565 -20.1636 -0.863933 -0.409341 0.29336 1
-37.5842 -13.8892 -20.1636 -0.89673 -0.331385 0.29336 1
-38.3378 -11.6489 -20.1636 -0.914709 -0.277935 0.29336 1
-39.2173 -8.21506 -20.1636 -0.935694 -0.196004 0.29336 1
-39.4425 -7.0548 -20.1636 -0.941067 -0.168322 0.29336 1
-39.7899 -4.71688 -20.1636 -0.949355 -0.112541 0.29336 1
-39.9988 -2.36255 -20.1636 -0.954339 -0.0563686 0.29336 1
-40.0511 -1.18179 -20.1636 -0.955586 -0.0281966 0.29336 0
-40.4576 0 -20.9766 -0.955954 0 0.293518 0
-40.5914 0 -21.8678 -1 0 0 0
-40.4576 0 -22.7591 -0.955954 0 -0.293518 1
-39.9988 2.36255 -23.572 -0.946106 0.0558821 -0.319 1
-39.9117 3.54126 -23.572 -0.944046 0.0837627 -0.319 1
-39.7899 4.71688 -23.572 -0.941165 0.11157 -0.319 1
-39.4425 7.0548 -23.572 -0.932949 0.16687 -0.319 1
-39.2173 8.21506 -23.572 -0.927621 0.194314 -0.319 1
-38.958 9.36817 -23.572 -0.921487 0.221589 -0.319 1
-38.6647 10.5131 -23.572 -0.91455 0.248671 -0.319 1
-38.3378 11.6489 -23.572 -0.906818 0.275537 -0.319 1
-37.9775 12.7746 -23.572 -0.898297 0.302163 -0.319 1
-37.1582 14.9917 -23.572 -0.878917 0.354603 -0.319 1
-36.6999 16.0811 -23.572 -0.868076 0.380372 -0.319 1
-36.2096 17.1565 -23.572 -0.85648 0.40581 -0.319 1
-35.6879 18.217 -23.572 -0.844138 0.430895 -0.319 1
-34.5517 20.2896 -23.572 -0.817263 0.479917 -0.319 1
-32.6232 23.2639 -23.572 -0.77165 0.550269 -0.319 1
-31.1948 25.147 -23.572 -0.737862 0.59481 -0.319 1
-30.4395 26.0561 -23.572 -0.719997 0.616314 -0.319 1
-28.8502 27.8056 -23.572 -0.682405 0.657695 -0.319 1
-28.0176 28.6444 -23.572 -0.66271 0.677536 -0.319 1
-27.1605 29.4583 -23.572 -0.642438 0.696788 -0.319 1
-26.2799 30.2465 -23.572 -0.621607 0.715432 -0.319 1
-25.3763 31.0085 -23.572 -0.600236 0.733455 -0.319 1
-24.4507 31.7435 -23.572 -0.578342 0.750839 -0.319 1
-21.5496 33.7802 -23.572 -0.50972 0.799015 -0.319 1
-15.2653 37.0467 -23.572 -0.361075 0.876278 -0.319 1
-14.166 37.4808 -23.572 -0.335073 0.886547 -0.319 1
-11.9314 38.2508 -23.572 -0.282217 0.904761 -0.319 1
-10.798 38.5861 -23.572 -0.255409 0.912691 -0.319 1
-6.18052 39.589 -23.572 -0.14619 0.936412 -0.319 1
-5.01019 39.754 -23.572 -0.118508 0.940316 -0.319 1
-2.65746 39.9803 -23.572 -0.0628578 0.945668 -0.319 1
-1.47712 40.0413 -23.572 -0.0349388 0.947111 -0.319 1
0.886399 40.0587 -23.572 0.0209661 0.947523 -0.319 1
2.06751 40.0151 -23.572 0.0489038 0.946492 -0.319 1
4.42332 39.8236 -23.572 0.104627 0.941962 -0.319 1
9.08062 39.026 -23.572 0.214787 0.923096 -0.319 1
11.3659 38.4227 -23.572 0.268842 0.908825 -0.319 1
13.6116 37.6856 -23.572 0.321961 0.891392 -0.319 1
16.889 36.3352 -23.572 0.399483 0.859449 -0.319 1
17.9534 35.8212 -23.572 0.424658 0.847293 -0.319 1
20.0343 34.7003 -23.572 0.473878 0.82078 -0.319 1
21.049 34.0943 -23.572 0.497879 0.806446 -0.319 1
22.0454 33.4587 -23.572 0.521448 0.791411 -0.319 1
23.0227 32.7939 -23.572 0.544564 0.775686 -0.319 1
28.437 28.228 -23.572 0.67263 0.667688 -0.319 1
29.2572 27.377 -23.572 0.692031 0.647559 -0.319 1
30.8205 25.6043 -23.572 0.729008 0.605629 -0.319 1
32.2766 23.7425 -23.572 0.76345 0.56159 -0.319 1
32.9628 22.7802 -23.572 0.779681 0.538829 -0.319 1
35.9527 17.6887 -23.572 0.850402 0.418397 -0.319 1
37.785 13.3334 -23.572 0.893742 0.315379 -0.319 1
38.5054 11.0822 -23.572 0.910783 0.262132 -0.319 1
38.8155 9.94173 -23.572 0.918118 0.235155 -0.319 1
39.0919 8.79257 -23.572 0.924655 0.207974 -0.319 1
39.3342 7.63576 -23.572 0.930386 0.180611 -0.319 1
39.5423 6.47231 -23.572 0.935309 0.153092 -0.319 1
39.716 5.30322 -23.572 0.939417 0.125439 -0.319 1
39.9596 2.95223 -23.572 0.945179 0.0698304 -0.319 1
40.0641 0.590959 -23.572 0.947652 0.0139779 -0.319 1
40.0641 -0.590959 -23.572 0.947652 -0.0139779 -0.319 1
40.0293 -1.77236 -23.572 0.946827 -0.0419223 -0.319 1
39.716 -5.30322 -23.572 0.939417 -0.125439 -0.319 1
39.3342 -7.63576 -23.572 0.930386 -0.180611 -0.319 1
39.0919 -8.79257 -23.572 0.924655 -0.207974 -0.319 1
38.5054 -11.0822 -23.572 0.910783 -0.262132 -0.319 1
38.1618 -12.2131 -23.572 0.902655 -0.288881 -0.319 1
37.785 -13.3334 -23.572 0.893742 -0.315379 -0.319 1
36.9331 -15.5381 -23.572 0.873592 -0.367528 -0.319 1
36.4587 -16.6206 -23.572 0.862372 -0.393134 -0.319 1
35.4153 -18.7414 -23.572 0.837691 -0.443297 -0.319 1
34.2486 -20.797 -23.572 0.810096 -0.491919 -0.319 1
33.6204 -21.7981 -23.572 0.795235 -0.515598 -0.319 1
32.2766 -23.7425 -23.572 0.76345 -0.56159 -0.319 1
31.5623 -24.6842 -23.572 0.746554 -0.583863 -0.319 1
30.0519 -26.5022 -23.572 0.710829 -0.626866 -0.319 1
27.5921 -29.0545 -23.572 0.652645 -0.687237 -0.319 1
23.9799 -32.1006 -23.572 0.567205 -0.759288 -0.319 1
23.0227 -32.7939 -23.572 0.544564 -0.775686 -0.319 1
22.0454 -33.4587 -23.572 0.521448 -0.791411 -0.319 1
21.049 -34.0943 -23.572 0.497879 -0.806446 -0.319 1
20.0343 -34.7003 -23.572 0.473878 -0.82078 -0.319 1
14.7172 -37.2678 -23.572 0.348112 -0.881509 -0.319 1
12.4942 -38.0707 -23.572 0.29553 -0.900501 -0.319 1
7.92563 -39.2768 -23.572 0.187468 -0.929029 -0.319 1
6.76374 -39.4935 -23.572 0.159985 -0.934154 -0.319 1
2.06751 -40.0151 -23.572 0.0489038 -0.946492 -0.319 1
-6.18052 -39.589 -23.572 -0.14619 -0.936412 -0.319 1
-7.34548 -39.3894 -23.572 -0.173745 -0.931693 -0.319 1
-8.50405 -39.1557 -23.572 -0.201149 -0.926163 -0.319 1
-10.798 -38.5861 -23.572 -0.255409 -0.912691 -0.319 1
-13.0543 -37.8823 -23.572 -0.308779 -0.896044 -0.319 1
-15.2653 -37.0467 -23.572 -0.361075 -0.876278 -0.319 1
-16.3513 -36.5803 -23.572 -0.386763 -0.865247 -0.319 1
-17.4231 -36.0821 -23.572 -0.412115 -0.853464 -0.319 1
-18.4797 -35.5526 -23.572 -0.437108 -0.840938 -0.319 1
-21.5496 -33.7802 -23.572 -0.50972 -0.799015 -0.319 1
-22.5365 -33.1299 -23.572 -0.533064 -0.783634 -0.319 1
-25.3763 -31.0085 -23.572 -0.600236 -0.733455 -0.319 1
-26.2799 -30.2465 -23.572 -0.621607 -0.715432 -0.319 1
-27.1605 -29.4583 -23.572 -0.642438 -0.696788 -0.319 1
-28.0176 -28.6444 -23.572 -0.66271 -0.677536 -0.319 1
-30.4395 -26.0561 -23.572 -0.719997 -0.616314 -0.319 1
-33.2952 -22.2916 -23.572 -0.787544 -0.52727 -0.319 1
-33.9382 -21.2999 -23.572 -0.802753 -0.503813 -0.319 1
-34.5517 -20.2896 -23.572 -0.817263 -0.479917 -0.319 1
-35.135 -19.2617 -23.572 -0.831062 -0.455604 -0.319 1
-36.6999 -16.0811 -23.572 -0.868076 -0.380372 -0.319 1
-37.1582 -14.9917 -23.572 -0.878917 -0.354603 -0.319 1
-37.9775 -12.7746 -23.572 -0.898297 -0.302163 -0.319 1
-38.6647 -10.5131 -23.572 -0.91455 -0.248671 -0.319 1
-38.958 -9.36817 -23.572 -0.921487 -0.221589 -0.319 1
-39.7899 -4.71688 -23.572 -0.941165 -0.11157 -0.319 1
-39.9117 -3.54126 -23.572 -0.944046 -0.0837627 -0.319 1
-39.9988 -2.36255 -23.572 -0.946106 -0.0558821 -0.319 1
-40.0511 -1.18179 -23.572 -0.947343 -0.0279532 -0.319 0
-39.8738 0 -24.6816 -0.957257 0 -0.28924 0
-39.4214 0 -25.7132 -0.861231 0 -0.508214 0
-38.737 0 -26.6079 -0.715967 0 -0.698134 0
-37.8414 1.18329 -27.3148 -0.52961 0.016561 -0.84808 0
-37.7859 2.36543 -27.3148 -0.528833 0.033105 -0.84808 0
-37.6936 3.54526 -27.3148 -0.52754 0.049618 -0.84808 0
-37.3984 5.89337 -27.3148 -0.52341 0.082481 -0.84808 0
-37.1959 7.05936 -27.3148 -0.520576 0.098799 -0.84808 0
-36.9571 8.21846 -27.3148 -0.517234 0.115021 -0.84808 0
-36.6822 9.36952 -27.3148 -0.513386 0.131131 -0.84808 0
-36.3715 10.5114 -27.3148 -0.509037 0.147113 -0.84808 0
-35.6437 12.7633 -27.3148 -0.498851 0.178629 -0.84808 0
-35.2273 13.8711 -27.3148 -0.493024 0.194133 -0.84808 0
-34.7766 14.9654 -27.3148 -0.486716 0.209448 -0.84808 0
-32.6387 19.1856 -27.3148 -0.456795 0.268512 -0.84808 0
-32.0231 20.1963 -27.3148 -0.44818 0.282658 -0.84808 0
-31.3763 21.1873 -27.3148 -0.439126 0.296528 -0.84808 0
-29.9912 23.1063 -27.3148 -0.419742 0.323384 -0.84808 0
-29.2544 24.0324 -27.3148 -0.40943 0.336345 -0.84808 0
-28.489 24.935 -27.3148 -0.398717 0.348977 -0.84808 0
-27.6957 25.8132 -27.3148 -0.387615 0.361268 -0.84808 0
-26.8754 26.6662 -27.3148 -0.376135 0.373207 -0.84808 0
-26.0288 27.4931 -27.3148 -0.364287 0.38478 -0.84808 0
-25.1568 28.2932 -27.3148 -0.352082 0.395978 -0.84808 0
-24.2603 29.0657 -27.3148 -0.339534 0.406789 -0.84808 0
-23.34 29.8097 -27.3148 -0.326654 0.417202 -0.84808 0
-22.3969 30.5246 -27.3148 -0.313455 0.427208 -0.84808 0
-16.3125 34.1654 -27.3148 -0.228301 0.478162 -0.84808 0
-14.146 35.1179 -27.3148 -0.19798 0.491492 -0.84808 0
-10.7953 36.2882 -27.3148 -0.151086 0.507872 -0.84808 0
-9.6559 36.6079 -27.3148 -0.135139 0.512346 -0.84808 0
-8.50702 36.8918 -27.3148 -0.11906 0.516319 -0.84808 0
-7.34983 37.1396 -27.3148 -0.102864 0.519788 -0.84808 0
-6.18545 37.3512 -27.3148 -0.086569 0.522749 -0.84808 0
-5.01504 37.5263 -27.3148 -0.070188 0.525199 -0.84808 0
-3.83972 37.6647 -27.3148 -0.053739 0.527136 -0.84808 0
-2.66065 37.7663 -27.3148 -0.037237 0.528558 -0.84808 0
-0.295869 37.8588 -27.3148 -0.004141 0.529852 -0.84808 0
4.42792 37.6001 -27.3148 0.061971 0.526232 -0.84808 0
5.60093 37.4433 -27.3148 0.078388 0.524038 -0.84808 0
7.92939 37.0202 -27.3148 0.110976 0.518117 -0.84808 0
9.08257 36.7543 -27.3148 0.127115 0.514395 -0.84808 0
10.2269 36.4525 -27.3148 0.14313 0.510171 -0.84808 0
11.3612 36.115 -27.3148 0.159005 0.505448 -0.84808 0
12.4844 35.7423 -27.3148 0.174725 0.500232 -0.84808 0
13.5954 35.3347 -27.3148 0.190274 0.494526 -0.84808 0
15.7765 34.4162 -27.3148 0.2208 0.481672 -0.84808 0
17.8959 33.3633 -27.3148 0.250463 0.466936 -0.84808 0
18.93 32.7876 -27.3148 0.264934 0.45888 -0.84808 0
22.8712 30.1709 -27.3148 0.320094 0.422256 -0.84808 0
24.7116 28.683 -27.3148 0.345851 0.401432 -0.84808 0
26.4554 27.083 -27.3148 0.370256 0.37904 -0.84808 0
28.0958 25.3772 -27.3148 0.393214 0.355166 -0.84808 0
28.8752 24.4867 -27.3148 0.404123 0.342703 -0.84808 0
30.3487 22.6347 -27.3148 0.424745 0.316784 -0.84808 0
31.0413 21.6751 -27.3148 0.434438 0.303354 -0.84808 0
32.9346 18.6731 -27.3148 0.460936 0.26134 -0.84808 0
34.0369 16.579 -27.3148 0.476364 0.232031 -0.84808 0
34.5384 15.5071 -27.3148 0.483383 0.217029 -0.84808 0
35.4398 13.3188 -27.3148 0.495998 0.186404 -0.84808 0
36.8242 8.79506 -27.3148 0.515373 0.123091 -0.84808 0
37.0811 7.63984 -27.3148 0.518968 0.106923 -0.84808 0
37.3017 6.47716 -27.3148 0.522056 0.090651 -0.84808 0
37.7444 2.95571 -27.3148 0.528251 0.041367 -0.84808 0
37.8553 -0.591719 -27.3148 0.529804 -0.008281 -0.84808 0
37.6335 -4.13394 -27.3148 0.5267 -0.057857 -0.84808 0
37.486 -5.30814 -27.3148 0.524635 -0.07429 -0.84808 0
37.0811 -7.63984 -27.3148 0.518968 -0.106923 -0.84808 0
36.8242 -8.79506 -27.3148 0.515373 -0.123091 -0.84808 0
35.8388 -12.2047 -27.3148 0.501582 -0.170811 -0.84808 0
35.0062 -14.42 -27.3148 0.48993 -0.201815 -0.84808 0
34.5384 -15.5071 -27.3148 0.483383 -0.217029 -0.84808 0
34.0369 -16.579 -27.3148 0.476364 -0.232031 -0.84808 0
31.7036 -20.6944 -27.3148 0.443707 -0.289628 -0.84808 0
28.8752 -24.4867 -27.3148 0.404123 -0.342703 -0.84808 0
26.4554 -27.083 -27.3148 0.370256 -0.37904 -0.84808 0
25.596 -27.8966 -27.3148 0.358228 -0.390427 -0.84808 0
24.7116 -28.683 -27.3148 0.345851 -0.401432 -0.84808 0
23.803 -29.4413 -27.3148 0.333135 -0.412046 -0.84808 0
22.8712 -30.1709 -27.3148 0.320094 -0.422256 -0.84808 0
21.9171 -30.871 -27.3148 0.30674 -0.432054 -0.84808 0
19.9455 -32.18 -27.3148 0.279147 -0.450375 -0.84808 0
18.93 -32.7876 -27.3148 0.264934 -0.45888 -0.84808 0
14.6931 -34.8925 -27.3148 0.205638 -0.488338 -0.84808 0
13.5954 -35.3347 -27.3148 0.190274 -0.494526 -0.84808 0
11.3612 -36.115 -27.3148 0.159005 -0.505448 -0.84808 0
10.2269 -36.4525 -27.3148 0.14313 -0.510171 -0.84808 0
9.08257 -36.7543 -27.3148 0.127115 -0.514395 -0.84808 0
6.76847 -37.25 -27.3148 0.094728 -0.521332 -0.84808 0
5.60093 -37.4433 -27.3148 0.078388 -0.524038 -0.84808 0
2.07007 -37.8033 -27.3148 0.028972 -0.529076 -0.84808 0
-0.295869 -37.8588 -27.3148 -0.004141 -0.529852 -0.84808 0
-1.47898 -37.831 -27.3148 -0.020699 -0.529464 -0.84808 0
-5.01504 -37.5263 -27.3148 -0.070188 -0.525199 -0.84808 0
-6.18545 -37.3512 -27.3148 -0.086569 -0.522749 -0.84808 0
-7.34983 -37.1396 -27.3148 -0.102864 -0.519788 -0.84808 0
-9.6559 -36.6079 -27.3148 -0.135139 -0.512346 -0.84808 0
-10.7953 -36.2882 -27.3148 -0.151086 -0.507872 -0.84808 0
-13.0415 -35.5428 -27.3148 -0.182522 -0.49744 -0.84808 0
-15.2367 -34.6586 -27.3148 -0.213245 -0.485064 -0.84808 0
-19.4401 -32.4878 -27.3148 -0.272074 -0.454683 -0.84808 0
-21.4319 -31.2097 -27.3148 -0.29995 -0.436796 -0.84808 0
-22.3969 -30.5246 -27.3148 -0.313455 -0.427208 -0.84808 0
-23.34 -29.8097 -27.3148 -0.326654 -0.417202 -0.84808 0
-25.1568 -28.2932 -27.3148 -0.352082 -0.395978 -0.84808 0
-27.6957 -25.8132 -27.3148 -0.387615 -0.361268 -0.84808 0
-28.489 -24.935 -27.3148 -0.398717 -0.348977 -0.84808 0
-29.9912 -23.1063 -27.3148 -0.419742 -0.323384 -0.84808 0
-30.6987 -22.1576 -27.3148 -0.429644 -0.310107 -0.84808 0
-31.3763 -21.1873 -27.3148 -0.439126 -0.296528 -0.84808 0
-32.0231 -20.1963 -27.3148 -0.44818 -0.282658 -0.84808 0
-33.7736 -17.1089 -27.3148 -0.472679 -0.239448 -0.84808 0
-35.2273 -13.8711 -27.3148 -0.493024 -0.194133 -0.84808 0
-36.3715 -10.5114 -27.3148 -0.509037 -0.147113 -0.84808 0
-36.6822 -9.36952 -27.3148 -0.513386 -0.131131 -0.84808 0
-36.9571 -8.21846 -27.3148 -0.517234 -0.115021 -0.84808 0
-37.1959 -7.05936 -27.3148 -0.520576 -0.098799 -0.84808 0
-37.5643 -4.72162 -27.3148 -0.525732 -0.066081 -0.84808 0
-37.6936 -3.54526 -27.3148 -0.52754 -0.049618 -0.84808 0
-35.7943 0 -28.4234 -0.414235 0 -0.91017 0
-34.7114 0 -28.8737 -0.353622 0 -0.935388 0
-28.9859 0 -30.0175 -0.032869 0 -0.99946 0
-27.8131 0 -30.0175 0.032869 0 -0.99946 0
-24.3301 0 -29.5568 0.228046 0 -0.97365 0
-21.0046 0 -28.4234 0.414235 0 -0.91017 0
-19.9536 0 -27.9031 0.473063 0 -0.881028 1
-18.6102 3.51409 -27.3148 0.658825 -0.124404 -0.741939 1
-18.3557 4.66428 -27.3148 0.649816 -0.165122 -0.741939 1
-18.0302 5.79643 -27.3148 0.638294 -0.205201 -0.741939 1
-17.635 6.90614 -27.3148 0.624302 -0.244487 -0.741939 1
-16.6416 9.04124 -27.3148 0.589135 -0.320072 -0.741939 1
-15.3909 11.0365 -27.3148 0.544861 -0.390709 -0.741939 1
-14.675 11.972 -27.3148 0.519516 -0.423827 -0.741939 1
-9.29895 16.499 -27.3148 0.329195 -0.584086 -0.741939 1
-6.07613 17.9379 -27.3148 0.215103 -0.635025 -0.741939 1
-2.64228 18.7538 -27.3148 0.0935405 -0.66391 -0.741939 1
2.05777 18.8269 -27.3148 -0.0728474 -0.666498 -0.741939 1
4.37825 18.426 -27.3148 -0.154996 -0.652305 -0.741939 1
6.63105 17.7402 -27.3148 -0.234749 -0.628028 -0.741939 1
7.72113 17.2937 -27.3148 -0.273339 -0.612219 -0.741939 1
8.78134 16.7802 -27.3148 -0.310871 -0.594041 -0.741939 1
9.80757 16.2018 -27.3148 -0.347201 -0.573566 -0.741939 1
11.7424 14.8595 -27.3148 -0.415696 -0.526045 -0.741939 1
12.6435 14.1007 -27.3148 -0.447596 -0.499183 -0.741939 1
13.4956 13.2874 -27.3148 -0.477764 -0.470391 -0.741939 1
14.2956 12.4226 -27.3148 -0.506084 -0.439778 -0.741939 1
16.3524 9.55441 -27.3148 -0.578896 -0.338239 -0.741939 1
16.9147 8.51931 -27.3148 -0.598804 -0.301595 -0.741939 1
18.2017 5.23288 -27.3148 -0.644367 -0.185252 -0.741939 1
18.4919 4.09117 -27.3148 -0.654637 -0.144833 -0.741939 1
18.8566 1.76472 -27.3148 -0.66755 -0.0624739 -0.741939 1
18.9299 0.589001 -27.3148 -0.670143 -0.0208516 -0.741939 1
18.8566 -1.76472 -27.3148 -0.66755 0.0624739 -0.741939 1
18.7104 -2.93362 -27.3148 -0.662375 0.103854 -0.741939 1
18.4919 -4.09117 -27.3148 -0.654637 0.144833 -0.741939 1
17.8412 -6.35436 -27.3148 -0.631603 0.224953 -0.741939 1
16.3524 -9.55441 -27.3148 -0.578896 0.338239 -0.741939 1
15.7267 -10.5526 -27.3148 -0.556748 0.373575 -0.741939 1
15.0403 -11.5099 -27.3148 -0.532446 0.407465 -0.741939 1
14.2956 -12.4226 -27.3148 -0.506084 0.439778 -0.741939 1
11.7424 -14.8595 -27.3148 -0.415696 0.526045 -0.741939 1
8.78134 -16.7802 -27.3148 -0.310871 0.594041 -0.741939 1
4.37825 -18.426 -27.3148 -0.154996 0.652305 -0.741939 1
3.22425 -18.6626 -27.3148 -0.114143 0.66068 -0.741939 1
2.05777 -18.8269 -27.3148 -0.0728474 0.666498 -0.741939 1
0.883324 -18.9184 -27.3148 -0.0312707 0.669738 -0.741939 1
-1.47126 -18.8818 -27.3148 0.0520842 0.668441 -0.741939 1
-2.64228 -18.7538 -27.3148 0.0935405 0.66391 -0.741939 1
-6.07613 -17.9379 -27.3148 0.215103 0.635025 -0.741939 1
-7.17957 -17.5254 -27.3148 0.254166 0.620424 -0.741939 1
-8.25523 -17.0452 -27.3148 0.292246 0.603422 -0.741939 1
-11.2746 -15.2174 -27.3148 0.399135 0.538719 -0.741939 1
-12.1988 -14.4871 -27.3148 0.431855 0.512862 -0.741939 1
-13.9024 -12.8612 -27.3148 0.492162 0.455305 -0.741939 1
-15.3909 -11.0365 -27.3148 0.544861 0.390709 -0.741939 1
-16.0473 -10.0583 -27.3148 0.568097 0.356079 -0.741939 1
-17.1715 -7.98914 -27.3148 0.607894 0.282827 -0.741939 1
-17.635 -6.90614 -27.3148 0.624302 0.244487 -0.741939 1
-18.0302 -5.79643 -27.3148 0.638294 0.205201 -0.741939 1
-18.3557 -4.66428 -27.3148 0.649816 0.165122 -0.741939 1
-18.6102 -3.51409 -27.3148 0.658825 0.124404 -0.741939 1
-18.9024 -1.17743 -27.3148 0.66917 0.0416828 -0.741939 0
-18.0584 0 -25.418 0.97737 0 -0.211538 0
-17.9521 0 -24.3713 0.999941 0 0.010874 0
-18.0811 0 -23.3271 0.972369 0 0.233448 0
-18.4402 0 -22.3382 0.895888 0 0.444279 0
-19.0102 0 -21.4538 0.774803 0 0.632203 0
-20.6222 1.17922 -20.1636 0.974307 -0.0557136 -0.218224 1
-20.5212 2.35459 -20.1636 0.969538 -0.111244 -0.218223 1
-20.3533 3.52229 -20.1636 0.961606 -0.166412 -0.218223 1
-19.8192 5.81943 -20.1636 0.936368 -0.274943 -0.218224 1
-19.4546 6.94139 -20.1636 0.919145 -0.32795 -0.218223 1
-17.986 10.1572 -20.1636 0.84976 -0.479882 -0.218224 1
-17.3768 11.1674 -20.1636 0.820978 -0.527611 -0.218224 1
-15.218 13.967 -20.1636 0.718985 -0.659878 -0.218223 1
-14.3959 14.813 -20.1636 0.680141 -0.699848 -0.218224 1
-13.5267 15.6107 -20.1636 0.639078 -0.737535 -0.218223 1
-12.6135 16.3574 -20.1636 0.595931 -0.772816 -0.218224 1
-11.6591 17.0508 -20.1636 0.550839 -0.805578 -0.218223 1
-9.63942 18.2687 -20.1636 0.45542 -0.863117 -0.218223 1
-8.58076 18.7892 -20.1636 0.405403 -0.887709 -0.218223 1
-7.49411 19.2485 -20.1636 0.354064 -0.909405 -0.218224 1
-6.38302 19.6449 -20.1636 0.301569 -0.928135 -0.218223 1
-5.2511 19.9773 -20.1636 0.248092 -0.943837 -0.218224 1
-4.10206 20.2445 -20.1636 0.193804 -0.956462 -0.218223 1
-2.93964 20.4456 -20.1636 0.138885 -0.965966 -0.218223 1
-1.76763 20.5801 -20.1636 0.0835129 -0.972319 -0.218223 1
-0.58985 20.6475 -20.1636 0.0278682 -0.975501 -0.218224 1
0.58985 20.6475 -20.1636 -0.0278682 -0.975501 -0.218224 1
1.76763 20.5801 -20.1636 -0.0835129 -0.972319 -0.218223 1
5.2511 19.9773 -20.1636 -0.248092 -0.943837 -0.218224 1
6.38302 19.6449 -20.1636 -0.301569 -0.928135 -0.218223 1
7.49411 19.2485 -20.1636 -0.354064 -0.909405 -0.218224 1
10.6666 17.6886 -20.1636 -0.503951 -0.83571 -0.218224 1
11.6591 17.0508 -20.1636 -0.550839 -0.805578 -0.218223 1
12.6135 16.3574 -20.1636 -0.595931 -0.772816 -0.218224 1
15.218 13.967 -20.1636 -0.718985 -0.659878 -0.218223 1
16.711 12.1412 -20.1636 -0.789519 -0.573619 -0.218224 1
17.3768 11.1674 -20.1636 -0.820978 -0.527611 -0.218224 1
18.5366 9.11381 -20.1636 -0.87577 -0.430586 -0.218224 1
19.0266 8.04072 -20.1636 -0.898923 -0.379888 -0.218224 1
19.4546 6.94139 -20.1636 -0.919145 -0.32795 -0.218223 1
19.8192 5.81943 -20.1636 -0.936368 -0.274943 -0.218224 1
20.1191 4.67849 -20.1636 -0.950537 -0.221037 -0.218224 1
20.3533 3.52229 -20.1636 -0.961606 -0.166412 -0.218223 1
20.5212 2.35459 -20.1636 -0.969538 -0.111244 -0.218223 1
20.3533 -3.52229 -20.1636 -0.961606 0.166412 -0.218223 1
19.0266 -8.04072 -20.1636 -0.898923 0.379888 -0.218224 1
18.5366 -9.11381 -20.1636 -0.87577 0.430586 -0.218224 1
17.986 -10.1572 -20.1636 -0.84976 0.479882 -0.218224 1
15.9906 -13.0754 -20.1636 -0.755484 0.617756 -0.218223 1
14.3959 -14.813 -20.1636 -0.680141 0.699848 -0.218224 1
13.5267 -15.6107 -20.1636 -0.639078 0.737535 -0.218223 1
12.6135 -16.3574 -20.1636 -0.595931 0.772816 -0.218224 1
8.58076 -18.7892 -20.1636 -0.405403 0.887709 -0.218223 1
7.49411 -19.2485 -20.1636 -0.354064 0.909405 -0.218224 1
6.38302 -19.6449 -20.1636 -0.301569 0.928135 -0.218223 1
5.2511 -19.9773 -20.1636 -0.248092 0.943837 -0.218224 1
4.10206 -20.2445 -20.1636 -0.193804 0.956462 -0.218223 1
0.58985 -20.6475 -20.1636 -0.0278682 0.975501 -0.218224 1
-1.76763 -20.5801 -20.1636 0.0835129 0.972319 -0.218223 1
-4.10206 -20.2445 -20.1636 0.193804 0.956462 -0.218223 1
-13.5267 -15.6107 -20.1636 0.639078 0.737535 -0.218223 1
-15.218 -13.967 -20.1636 0.718985 0.659878 -0.218223 1
-17.986 -10.1572 -20.1636 0.84976 0.479882 -0.218224 1
-19.0266 -8.04072 -20.1636 0.898923 0.379888 -0.218224 1
-20.1191 -4.67849 -20.1636 0.950537 0.221037 -0.218224 1
-20.5212 -2.35459 -20.1636 0.969538 0.111244 -0.218223 1
29.0386 -0 -4.0294 0 0 1 1
-30.48 1.14694 -11.562 -0.707107 -0.255437 0.659357 1
-30.48 2.13898 -10.9477 -0.707107 -0.476375 0.522558 1
-30.48 3.0538 -7.73252 -0.707107 -0.680114 -0.193509 1
-30.48 2.5337 -6.68803 -0.707107 -0.564283 -0.426127 1
-30.48 1.67142 -5.90196 -0.707107 -0.372244 -0.601194 1
-30.48 0.583405 -5.48046 -0.707107 -0.129931 -0.695067 1
-30.48 -2.5337 -6.68803 -0.707107 0.564283 -0.426127 1
-30.48 -3.0538 -7.73252 -0.707107 0.680114 -0.193509 1
-30.48 -2.84214 -10.0166 -0.707107 0.632976 0.315184 1
-30.48 -2.13898 -10.9477 -0.707107 0.476375 0.522558 1
29.3077 -0 -11.7764 0 0 1 0
25.7908 -0 -11.7764 0 0 1 0
24.6185 -0 -11.7764 0 0 1 0
23.4462 -0 -11.7764 0 0 1 0
21.1015 -0 -11.7764 0 0 1 0
19.9292 -0 -11.7764 0 0 1 0
18.7569 -0 -11.7764 0 0 1 0
17.5846 -0 -11.7764 0 0 1 0
9.37846 -0 -11.7764 0 0 1 0
8.20615 -0 -11.7764 0 0 1 0
7.03385 -0 -11.7764 0 0 1 0
5.86154 -0 -11.7764 0 0 1 0
3.51692 -0 -11.7764 0 0 1 0
1.17231 -0 -11.7764 0 0 1 0
0 -0 -11.7764 0 0 1 0
-1.17231 -0 -11.7764 0 0 1 0
-2.34462 -0 -11.7764 0 0 1 0
-3.51692 -0 -11.7764 0 0 1 0
-4.68923 -0 -11.7764 0 0 1 0
-5.86154 -0 -11.7764 0 0 1 0
-10.5508 -0 -11.7764 0 0 1 0
-15.24 -0 -11.7764 0 0 1 0
-18.7569 -0 -11.7764 0 0 1 0
-19.9292 -0 -11.7764 0 0 1 0
-23.4462 -0 -11.7764 0 0 1 0
-24.6185 -0 -11.7764 0 0 1 0
-26.9631 -0 -11.7764 0 0 1 0
-28.1354 -0 -11.7764 0 0 1 0
-29.0344 -0.441558 -4.05077 0 -0.096579 0.995325 0
-8.23025 -9.99958 -0.620871 -0.060791 -0.07386 0.995414 0
-7.63907 -10.9992 -0.663951 -0.056425 -0.081243 0.995096 0
-4.75022 -12.3342 -0.64673 -0.035087 -0.091104 0.995223 0
-3.58661 -13.4307 -0.715582 -0.026492 -0.099203 0.994714 0
-2.60356 -13.7484 -0.725052 -0.019231 -0.10155 0.994645 0
-0.206717 -13.4988 -0.674797 -0.001527 -0.099706 0.995016 0
4.30913 -12.475 -0.644857 0.031829 -0.092144 0.995237 0
4.96836 -12.8822 -0.705883 0.036698 -0.095152 0.994786 0
6.80933 -12.6801 -0.767213 0.050296 -0.093659 0.994333 0
3.47915 14.1517 -0.786623 0.025698 0.104529 0.99419 0
8.00452 11.4287 -0.720928 0.059124 0.084416 0.994675 0
9.76211 -11.238 -0.820861 0.072106 -0.083007 0.993937 0
10.5939 -10.6206 -0.833635 0.07825 -0.078447 0.993843 0
10.9838 -9.58585 -0.787204 0.08113 -0.070804 0.994185 0
10.5503 8.03825 -0.651272 0.077927 0.059373 0.99519 0
11.9792 -8.82748 -0.820244 0.088482 -0.065202 0.993941 0
11.7195 -7.54133 -0.719185 0.086564 -0.055703 0.994688 0
13.1173 -8.2515 -0.889839 0.096888 -0.060948 0.993427 0
13.3524 -7.08966 -0.846714 0.098625 -0.052366 0.993746 0
13.2379 -6.0385 -0.78413 0.097779 -0.044602 0.994208 0
13.3675 6.06553 -0.798156 0.098736 0.044802 0.994105 0
14.0691 -3.71422 -0.784246 0.103919 -0.027434 0.994207 0
12.5548 -1.17295 -0.588486 0.092734 -0.008664 0.995653 0
16.1897 0.954751 -0.974871 0.119582 0.007052 0.992799 0
20.7178 0.607972 -1.59597 0.153028 0.004491 0.988212 0
20.7145 -0.606562 -1.59546 0.153004 -0.00448 0.988215 0
-18.4478 -1.25535 -1.26863 -0.136261 -0.009272 0.99063 0
-18.2654 -3.4024 -1.28094 -0.134914 -0.025131 0.990539 0
-8.39303 10.4218 -0.662907 -0.061993 0.076979 0.995104 0
-17.4143 -5.56751 -1.24014 -0.128627 -0.041123 0.99084 0
-14.6231 -11.4556 -1.28043 -0.10801 -0.084614 0.990542 0
-8.46982 -16.6463 -1.29449 -0.062561 -0.122955 0.990438 0
-6.37965 -17.7441 -1.31954 -0.047122 -0.131063 0.990253 0
-5.46993 -18.0167 -1.3157 -0.040403 -0.133077 0.990282 0
-1.47219 -18.3084 -1.25172 -0.010874 -0.135231 0.990754 0
-0.576476 -18.7797 -1.31005 -0.004258 -0.138713 0.990323 0
3.48787 -19.0261 -1.38894 0.025762 -0.140532 0.989741 0
1.02241 18.3118 -1.248 0.007552 0.135256 0.990782 0
6.1113 -18.2674 -1.37733 0.04514 -0.134928 0.989827 0
7.27821 -17.9503 -1.39278 0.053759 -0.132586 0.989713 0
8.67845 16.844 -1.33254 0.064102 0.124415 0.990157 0
8.94833 -17.1581 -1.39013 0.066095 -0.126735 0.989732 0
4.06692 -7.67708 -0.279037 0.03004 -0.056705 0.997939 0
13.5487 -13.7753 -1.38585 0.100075 -0.101749 0.989764 0
14.8742 12.258 -1.37903 0.109865 0.090541 0.989814 0
15.0402 -12.2714 -1.39879 0.111092 -0.090641 0.989668 0
14.3688 -13.1054 -1.40409 0.106132 -0.0968 0.989629 0
15.4823 11.4226 -1.3741 0.114357 0.08437 0.989851 0
15.5901 -11.4658 -1.39028 0.115153 -0.08469 0.989731 0
16.2324 -10.7618 -1.40817 0.119898 -0.07949 0.989599 0
6.26184 -6.12436 -0.28363 0.046252 -0.045236 0.997905 0
16.69 -9.79574 -1.39027 0.123277 -0.072354 0.989731 0
17.132 8.78478 -1.37597 0.126542 0.064887 0.989837 0
17.465 7.7525 -1.35526 0.129002 0.057262 0.98999 0
17.4227 -7.80764 -1.35296 0.12869 -0.05767 0.990007 0
17.6878 6.72347 -1.32891 0.130648 0.049662 0.990184 0
7.06652 4.4814 -0.258837 0.052195 0.033101 0.998088 0
18.4786 6.53749 -1.42642 0.136489 0.048288 0.989464 0
18.4308 -6.55896 -1.42087 0.136135 -0.048446 0.989505 0
17.9775 5.81426 -1.32493 0.132787 0.042946 0.990214 0
17.9084 -5.82914 -1.31632 0.132277 -0.043056 0.990277 0
7.1319 2.31831 -0.207857 0.052678 0.017124 0.998465 0
17.4797 -2.75821 -1.16149 0.129111 -0.020373 0.991421 0
7.544 -1.70258 -0.22107 0.055722 -0.012576 0.998367 0
8.64063 -1.25785 -0.281869 0.063822 -0.009291 0.997918 0
20.0563 -3.26342 -1.53361 0.148142 -0.024105 0.988672 0
18.1873 1.8955 -1.24056 0.134337 0.014001 0.990837 0
18.1468 -1.87018 -1.23473 0.134038 -0.013814 0.99088 0
20.6817 1.8603 -1.60194 0.152761 0.013741 0.988168 0
19.8949 0.96404 -1.47322 0.146949 0.007121 0.989118 0
19.8862 -0.959991 -1.4719 0.146885 -0.007091 0.989128 0
17.3169 0.908911 -1.11513 0.127908 0.006713 0.991763 0
18.5386 0.959352 -1.2787 0.136932 0.007086 0.990555 0
18.5218 -0.949608 -1.2763 0.136807 -0.007014 0.990573 0
-16.4394 12.6647 -1.5999 -0.121426 0.093545 0.988183 0
-12.5368 13.7618 -1.286 -0.092601 0.101649 0.990501 0
-20.1148 4.89481 -1.59211 -0.148574 0.036155 0.98824 0
-20.6864 4.45501 -1.66392 -0.152796 0.032906 0.98771 0
-13.6223 0.886739 -0.689989 -0.100618 0.00655 0.994904 0
-10.8858 -1.93029 -0.452153 -0.080405 -0.014258 0.99666 0
-19.3485 -7.97779 -1.62741 -0.142914 -0.058926 0.987979 0
-14.0703 -5.64425 -0.851479 -0.103928 -0.04169 0.993711 0
-7.61257 -4.18523 -0.279 -0.056229 -0.030913 0.997939 0
-14.3395 -6.47848 -0.917505 -0.105916 -0.047852 0.993223 0
-0.914326 12.2073 -0.554567 -0.006753 0.090167 0.995904 0
-17.6947 -11.661 -1.66881 -0.130698 -0.086132 0.987674 0
-11.9043 -9.82463 -0.882718 -0.087929 -0.072568 0.99348 0
-8.45571 -14.1247 -1.00459 -0.062456 -0.104329 0.99258 0
-7.1588 -14.4538 -0.964252 -0.052877 -0.106761 0.992878 0
-6.24057 -20.0347 -1.63611 -0.046095 -0.147983 0.987915 0
-5.1662 -20.3398 -1.63634 -0.038159 -0.150236 0.987913 0
-5.41484 -15.6052 -1.01142 -0.039996 -0.115265 0.992529 0
-2.30977 -20.9145 -1.64514 -0.017061 -0.154481 0.987848 0
-3.6212 -10.2819 -0.439577 -0.026747 -0.075946 0.996753 0
-2.29858 -15.7011 -0.933181 -0.016978 -0.115973 0.993107 0
-0.384468 20.5697 -1.5723 -0.00284 0.151934 0.988387 0
-0.971293 -16.2244 -0.979182 -0.007174 -0.119839 0.992767 0
0.250931 -16.203 -0.973317 0.001853 -0.11968 0.992811 0
4.03602 -20.6657 -1.64743 0.029811 -0.152643 0.987832 0
0.943088 -15.8539 -0.934774 0.006966 -0.117102 0.993095 0
2.44083 17.1697 -1.11533 0.018029 0.126821 0.991762 0
2.91413 20.5884 -1.60635 0.021525 0.152072 0.988135 0
1.3696 -10.9606 -0.451356 0.010116 -0.080958 0.996666 0
1.69189 -16.0784 -0.968771 0.012497 -0.11876 0.992844 0
4.98862 20.211 -1.61008 0.036847 0.149285 0.988107 0
5.09898 -20.3336 -1.63282 0.037663 -0.15019 0.987939 0
6.10562 19.893 -1.60872 0.045098 0.146935 0.988118 0
6.26733 -19.981 -1.62932 0.046292 -0.147586 0.987965 0
-13.2473 6.54331 -0.80865 -0.097848 0.048331 0.994027 0
9.32254 18.7014 -1.62234 0.068859 0.138134 0.988017 0
7.25196 19.5471 -1.61497 0.053565 0.144381 0.988071 0
3.83033 -10.8983 -0.49373 0.028292 -0.080498 0.996353 0
10.89 18.7334 -1.7453 0.080437 0.138371 0.987109 0
8.5035 -19.1967 -1.63793 0.062809 -0.141793 0.987902 0
10.9506 -18.7375 -1.75084 0.080884 -0.138401 0.987068 0
18.9076 2.95709 -1.35942 0.139658 0.021842 0.989959 0
18.8634 -2.93606 -1.35272 0.139331 -0.021687 0.990008 0
6.79554 14.4197 -0.941728 0.050194 0.106508 0.993044 0
11.1266 -17.6813 -1.62151 0.082185 -0.130599 0.988023 0
1.44849 7.5784 -0.220033 0.010699 0.055976 0.998375 0
7.72419 -14.2647 -0.975346 0.057053 -0.105363 0.992796 0
12.9606 16.6516 -1.6545 0.095731 0.122994 0.987779 0
10.1836 18.2753 -1.62623 0.075219 0.134987 0.987988 0
10.2775 -18.3119 -1.63842 0.075913 -0.135257 0.987898 0
8.64903 -13.8346 -0.986723 0.063884 -0.102187 0.992712 0
6.37582 -9.87516 -0.511247 0.047094 -0.072941 0.996224 0
9.70498 -13.3977 -1.01456 0.071684 -0.098959 0.992506 0
12.0174 17.1404 -1.62817 0.088764 0.126604 0.987974 0
10.2467 12.987 -1.01446 0.075686 0.095926 0.992507 0
10.7757 -12.5331 -1.01274 0.079593 -0.092573 0.99252 0
19.2608 -4.72482 -1.4604 0.142266 -0.034899 0.989213 0
11.4814 4.55016 -0.564479 0.084805 0.033609 0.995831 0
7.75584 -9.03557 -0.524685 0.057287 -0.066739 0.996125 0
10.3731 5.19848 -0.498108 0.076619 0.038398 0.996321 0
10.6279 -3.39343 -0.460462 0.078501 -0.025065 0.996599 0
6.84984 9.85898 -0.533307 0.050595 0.072821 0.996061 0
15.752 -15.3944 -1.80361 0.116349 -0.113707 0.986678 0
11.5324 12.0878 -1.03475 0.085182 0.089284 0.992357 0
15.6364 14.4485 -1.68442 0.115495 0.106721 0.987558 0
12.5066 -11.0607 -1.03343 0.092378 -0.081698 0.992367 0
0.67378 -7.61104 -0.215785 0.004977 -0.056217 0.998406 0
17.5667 12.5047 -1.72819 0.129753 0.092364 0.987235 0
17.6012 -12.5096 -1.73318 0.130008 -0.0924 0.987198 0
14.7654 15.5077 -1.70405 0.109062 0.114544 0.987413 0
8.77669 7.21114 -0.477372 0.064827 0.053264 0.996474 0
18.0675 11.6381 -1.71668 0.133452 0.085963 0.98732 0
18.0895 -11.6513 -1.7208 0.133614 -0.08606 0.98729 0
16.2164 13.3526 -1.63958 0.119779 0.098626 0.98789 0
9.13333 -5.99019 -0.441312 0.067462 -0.044245 0.99674 0
16.8219 -12.6208 -1.64331 0.124252 -0.093221 0.987862 0
18.9421 9.5647 -1.67331 0.139912 0.070648 0.98764 0
13.7015 11.2177 -1.16305 0.101204 0.082857 0.991409 0
19.1525 8.4532 -1.62841 0.141466 0.062438 0.987972 0
17.7004 10.8534 -1.60159 0.13074 0.080166 0.98817 0
20.0908 -5.52882 -1.61322 0.148397 -0.040838 0.988084 0
14.269 -10.4168 -1.15763 0.105395 -0.076941 0.991449 0
14.1393 10.2796 -1.13334 0.104438 0.075928 0.991629 0
4.12098 -1.52251 -0.071298 0.030439 -0.011246 0.999473 0
14.9688 -9.79777 -1.18724 0.110564 -0.072369 0.991231 0
15.2311 8.83008 -1.1496 0.112502 0.065222 0.991509 0
15.5974 -8.22986 -1.15352 0.115207 -0.060788 0.99148 0
19.9881 -6.66818 -1.64977 0.147638 -0.049253 0.987814 0
15.683 -7.35676 -1.1128 0.115839 -0.054339 0.991781 0
15.7736 7.24156 -1.11716 0.116509 0.053488 0.991748 0
16.4755 -3.05165 -1.04086 0.121693 -0.02254 0.992312 0
20.3852 -4.41725 -1.61643 0.150571 -0.032627 0.988061 0
16.0932 -2.00142 -0.974799 0.118869 -0.014783 0.9928 0
-8.83531 19.5549 -1.71136 -0.06526 0.144439 0.987359 0
-4.74256 20.6329 -1.66554 -0.03503 0.152401 0.987698 0
17.1043 1.7249 -1.09588 0.126338 0.012741 0.991905 0
21.1831 1.33142 -1.6741 0.156465 0.009834 0.987635 0
21.1534 -3.66591 -1.71304 0.156246 -0.027078 0.987347 0
6.22136 10.8286 -0.577233 0.045953 0.079984 0.995736 0
12.951 0.957485 -0.624275 0.09566 0.007072 0.995389 0
12.1583 1.44745 -0.554812 0.089805 0.010691 0.995902 0
19.5922 -2.06797 -1.44109 0.144714 -0.015275 0.989356 0
13.7066 -0.594958 -0.69694 0.101241 -0.004395 0.994852 0
10.2916 2.20692 -0.409774 0.076017 0.016301 0.996973 0
22.2222 1.57283 -1.8455 0.16414 0.011617 0.986369 0
22.2194 -1.57158 -1.845 0.164119 -0.011608 0.986372 0
19.4471 3.84786 -1.45926 0.143642 0.028421 0.989222 0
-13.4679 10.6521 -1.09334 -0.099478 0.078679 0.991924 0
-11.9508 18.2388 -1.76754 -0.088272 0.134718 0.986944 0
-15.7298 15.6849 -1.83479 -0.116185 0.115853 0.986448 0
-14.396 12.0881 -1.31139 -0.106333 0.089287 0.990314 0
-15.2749 11.5201 -1.35864 -0.112825 0.085091 0.989965 0
-9.59188 17.465 -1.47432 -0.070849 0.129002 0.98911 0
-20.4933 8.01243 -1.8001 -0.15137 0.059182 0.986704 0
-21.8665 2.67773 -1.80436 -0.161512 0.019779 0.986673 0
-20.9156 6.68725 -1.79263 -0.154489 0.049394 0.986759 0
-9.69828 -6.15006 -0.487932 -0.071634 -0.045426 0.996396 0
-10.2761 17.8617 -1.57745 -0.075903 0.131932 0.988348 0
-21.6501 -2.6928 -1.76942 -0.159914 -0.01989 0.986931 0
-16.8341 -0.151553 -1.05076 -0.124342 -0.001119 0.992239 0
-12.1005 5.47947 -0.653219 -0.089378 0.040473 0.995175 0
-2.65651 -8.29609 -0.280535 -0.019622 -0.061277 0.997928 0
-1.25469 -6.53235 -0.163505 -0.009268 -0.04825 0.998792 0
-2.89646 8.48905 -0.297454 -0.021394 0.062703 0.997803 0
-18.2817 -5.84266 -1.36731 -0.135034 -0.043156 0.989901 0
-20.9419 -6.05527 -1.76662 -0.154683 -0.044726 0.986951 0
-8.69516 15.7427 -1.19982 -0.064225 0.11628 0.991138 0
-18.591 -11.7337 -1.79685 -0.137319 -0.086669 0.986728 0
-14.9127 -7.78822 -1.0494 -0.11015 -0.057526 0.992249 0
-2.57271 9.81231 -0.380561 -0.019003 0.072477 0.997189 0
-16.6337 -11.5765 -1.52536 -0.122862 -0.085508 0.988733 0
-12.0463 -6.83071 -0.710108 -0.088978 -0.050454 0.994755 0
-14.0677 4.20118 -0.798414 -0.103908 0.031031 0.994103 0
-12.4467 -7.72472 -0.794852 -0.091935 -0.057057 0.994129 0
-12.8868 -10.275 -1.00698 -0.095186 -0.075895 0.992562 0
-15.1783 1.82446 -0.865889 -0.112111 0.013476 0.993604 0
-11.0737 2.08914 -0.469815 -0.081794 0.015431 0.99653 0
-3.04329 14.7574 -0.841111 -0.022479 0.109002 0.993787 0
-14.9698 -12.819 -1.44217 -0.110571 -0.094685 0.989348 0
-17.478 -13.2153 -1.78494 -0.129098 -0.097612 0.986816 0
-13.9099 -14.3115 -1.47907 -0.102742 -0.105709 0.989075 0
-9.46903 -11.0874 -0.787428 -0.069941 -0.081895 0.994184 0
-10.6721 -14.203 -1.17069 -0.078827 -0.104908 0.991353 0
-12.304 -17.885 -1.75177 -0.090881 -0.132104 0.987061 0
-10.2815 -16.8119 -1.44191 -0.075942 -0.124178 0.98935 0
-9.37173 -17.1542 -1.41857 -0.069222 -0.126706 0.989522 0
-8.62031 -20.2401 -1.79933 -0.063672 -0.149499 0.98671 0
-8.05799 -18.2616 -1.4795 -0.059519 -0.134886 0.989072 0
-7.30708 -18.6911 -1.49569 -0.053972 -0.138058 0.988952 0
-4.42752 -13.5222 -0.749762 -0.032703 -0.099879 0.994462 0
-5.41778 -10.8851 -0.547091 -0.040017 -0.080401 0.995959 0
-10.8132 -19.0137 -1.77866 -0.07987 -0.140441 0.986862 0
-6.20642 -16.3314 -1.132 -0.045842 -0.120628 0.991639 0
-6.44613 -19.227 -1.52735 -0.047613 -0.142016 0.988719 0
1.53333 12.4838 -0.585508 0.011326 0.092209 0.995675 0
-2.52737 -21.7086 -1.77568 -0.018668 -0.160346 0.986884 0
-16.1226 2.19596 -0.981356 -0.119086 0.01622 0.992751 0
-4.98246 -21.1317 -1.75219 -0.036802 -0.156085 0.987058 0
-1.53857 -21.9649 -1.80253 -0.011364 -0.16224 0.986686 0
-2.86359 -19.5144 -1.44438 -0.021151 -0.144139 0.989331 0
-3.55877 -17.0319 -1.12276 -0.026286 -0.125803 0.991707 0
-2.66698 -17.4903 -1.16102 -0.019699 -0.129189 0.991424 0
-1.93237 -11.9809 -0.545011 -0.014273 -0.088495 0.995974 0
-14.1734 -2.56658 -0.768406 -0.104689 -0.018958 0.994324 0
-0.785067 -19.6611 -1.43753 -0.005799 -0.145223 0.989382 0
-6.49577 16.4882 -1.16487 -0.04798 0.121787 0.991396 0
-14.2187 7.24566 -0.943832 -0.105024 0.053519 0.993029 0
-9.50741 -2.93 -0.366027 -0.070225 -0.021642 0.997296 0
-0.101678 -16.971 -1.06794 -0.000751 -0.125353 0.992112 0
0.954406 -14.6895 -0.802657 0.00705 -0.108501 0.994071 0
0.760016 -17.4901 -1.13666 0.005614 -0.129187 0.991604 0
2.35135 10.9746 -0.466028 0.017368 0.081061 0.996558 0
2.48192 -21.6718 -1.76886 0.018332 -0.160074 0.986935 0
1.15996 -20.2605 -1.5296 0.008568 -0.14965 0.988702 0
-10.104 13.8812 -1.09307 -0.074631 0.102531 0.991926 0
20.8694 -2.70347 -1.64548 0.154148 -0.019969 0.987846 0
11.8222 18.1966 -1.75035 0.087322 0.134406 0.987071 0
5.42781 12.5939 -0.696354 0.040091 0.093023 0.994856 0
5.67006 20.8804 -1.74009 0.041881 0.154229 0.987147 0
5.76637 -20.9563 -1.75609 0.042592 -0.154789 0.987029 0
4.42162 16.5782 -1.09162 0.032659 0.122452 0.991937 0
3.11014 -19.998 -1.52123 0.022972 -0.147711 0.988764 0
4.99598 -12.1519 -0.639053 0.036902 -0.089758 0.99528 0
2.6974 -5.64924 -0.144812 0.019924 -0.041727 0.99893 0
6.81464 20.5788 -1.74677 0.050335 0.152001 0.987098 0
2.71175 -17.3612 -1.14516 0.02003 -0.128235 0.991542 0
6.51262 18.8791 -1.48106 0.048104 0.139447 0.98906 0
6.76097 -18.9726 -1.50659 0.049939 -0.140138 0.988872 0
4.27267 19.6168 -1.4969 0.031559 0.144896 0.988943 0
4.25538 -19.7733 -1.51936 0.031432 -0.146052 0.988777 0
8.14466 -20.3107 -1.78021 0.060159 -0.150021 0.986851 0
3.9604 -17.7618 -1.22862 0.029253 -0.131194 0.990925 0
7.61903 18.5178 -1.48899 0.056276 0.136778 0.989002 0
-13.1013 -2.48918 -0.658396 -0.096771 -0.018386 0.995137 0
-0.127251 11.3255 -0.474603 -0.00094 0.083654 0.996494 0
2.85462 -9.15344 -0.339954 0.021085 -0.06761 0.997489 0
5.27862 8.37283 -0.362296 0.03899 0.061844 0.997324 0
0.901333 13.1929 -0.64735 0.006658 0.097447 0.995218 0
5.35409 -11.5585 -0.600605 0.039547 -0.085375 0.995564 0
4.33766 -11.709 -0.577055 0.032039 -0.086487 0.995738 0
7.47434 -10.4273 -0.609242 0.055208 -0.077019 0.9955 0
14.5231 16.568 -1.80476 0.107272 0.122376 0.98667 0
14.5787 -16.5285 -1.80592 0.107682 -0.122085 0.986661 0
9.41748 17.3009 -1.44065 0.06956 0.12779 0.989359 0
7.85388 -18.6138 -1.51587 0.058011 -0.137487 0.988803 0
12.4426 -6.57088 -0.733212 0.091905 -0.048535 0.994584 0
8.65411 -9.95499 -0.644124 0.063922 -0.073531 0.995242 0
21.0808 5.35045 -1.75838 0.155709 0.03952 0.987012 0
21.0645 -5.35036 -1.7558 0.155588 -0.039519 0.987031 0
7.20533 -16.179 -1.16346 0.053221 -0.119503 0.991406 0
6.93096 16.0498 -1.1335 0.051194 0.118549 0.991628 0
9.17943 -15.1536 -1.16427 0.067802 -0.111929 0.9914 0
12.7742 -15.2178 -1.46586 0.094354 -0.112403 0.989173 0
8.23546 -15.7255 -1.16881 0.06083 -0.116154 0.991367 0
11.3692 -11.3841 -0.95939 0.083976 -0.084086 0.992914 0
11.2747 11.0922 -0.927038 0.083278 0.08193 0.993153 0
4.63995 -14.9607 -0.909175 0.034272 -0.110504 0.993285 0
16.6437 -14.0697 -1.76565 0.122936 -0.103923 0.986958 0
8.67881 9.05521 -0.582253 0.064104 0.066885 0.995699 0
10.104 -14.4677 -1.15499 0.074631 -0.106863 0.991469 0
-4.57475 -5.55959 -0.191579 -0.03379 -0.041065 0.998585 0
4.12621 -9.39534 -0.389442 0.030477 -0.069397 0.997123 0
-6.8384 7.79579 -0.397739 -0.050511 0.057582 0.997062 0
13.6633 17.097 -1.7807 0.100921 0.126284 0.986847 0
13.7206 -17.0537 -1.78104 0.101344 -0.125964 0.986845 0
15.3737 16.2094 -1.85595 0.113555 0.119727 0.986291 0
15.4161 -16.1821 -1.85753 0.113868 -0.119526 0.98628 0
11.7885 -10.2155 -0.90164 0.087074 -0.075455 0.99334 0
-10.6302 0.40916 -0.418595 -0.078518 0.003022 0.996908 0
8.83515 -3.67685 -0.338639 0.065259 -0.027158 0.997499 0
10.7205 -2.26096 -0.444057 0.079185 -0.0167 0.99672 0
9.8661 7.1075 -0.547162 0.072874 0.052498 0.995958 0
19.5713 10.8672 -1.86358 0.14456 0.080268 0.986235 0
8.76797 -12.9009 -0.90158 0.064763 -0.09529 0.993341 0
15.6039 4.51157 -0.977913 0.115255 0.033324 0.992777 0
11.0071 1.08678 -0.452567 0.081302 0.008027 0.996657 0
19.8563 9.97791 -1.83624 0.146664 0.0737 0.986437 0
19.8538 -9.98853 -1.83667 0.146646 -0.073778 0.986434 0
8.15278 13.0668 -0.878904 0.060219 0.096515 0.993508 0
17.4177 -14.2017 -1.87831 0.128653 -0.104898 0.986126 0
1.37613 17.5005 -1.14291 0.010165 0.129264 0.991558 0
20.0025 8.35851 -1.74692 0.147745 0.061738 0.987097 0
7.07864 13.3751 -0.848396 0.052285 0.098793 0.993733 0
14.2558 9.06032 -1.05785 0.105297 0.066922 0.992186 0
20.3054 7.59114 -1.74681 0.149982 0.05607 0.987098 0
20.7918 6.15705 -1.74784 0.153575 0.045478 0.98709 0
20.7743 -6.16018 -1.74526 0.153446 -0.045501 0.987109 0
10.4276 11.657 -0.906459 0.077021 0.086103 0.993305 0
10.4547 -11.6148 -0.904908 0.077222 -0.08579 0.993316 0
7.99852 6.55393 -0.395488 0.05908 0.048409 0.997079 0
8.16786 -6.765 -0.416042 0.06033 -0.049968 0.996927 0
-0.200368 18.4379 -1.26154 -0.00148 0.136188 0.990682 0
21.0931 7.11931 -1.84289 0.1558 0.052585 0.986388 0
15.044 -6.6993 -1.00533 0.11112 -0.049483 0.992574 0
15.1534 6.59184 -1.0123 0.111928 0.048689 0.992523 0
5.12342 -5.6204 -0.213775 0.037843 -0.041514 0.998421 0
15.2075 13.3206 -1.51793 0.112327 0.09839 0.988788 0
15.3417 -13.2942 -1.53061 0.113319 -0.098195 0.988694 0
11.6073 10.2122 -0.885627 0.085735 0.075431 0.993458 0
12.8143 -17.6076 -1.7629 0.09465 -0.130055 0.986979 0
9.87276 16.3911 -1.35903 0.072923 0.121069 0.989962 0
14.9503 -5.57155 -0.943395 0.110428 -0.041153 0.993032 0
11.1815 -16.3936 -1.46217 0.08259 -0.121088 0.9892 0
18.4868 12.4938 -1.85133 0.136549 0.092283 0.986326 0
18.5017 -12.4981 -1.85377 0.136659 -0.092314 0.986307 0
6.601 -3.73659 -0.212654 0.048757 -0.0276 0.998429 0
14.0702 1.78084 -0.744894 0.103927 0.013154 0.994498 0
-6.44042 19.6093 -1.58255 -0.047571 0.14484 0.988311 0
10.0177 -6.57156 -0.531154 0.073994 -0.04854 0.996077 0
21.5831 4.56054 -1.80928 0.159419 0.033686 0.986636 0
21.5711 -4.55874 -1.80729 0.159331 -0.033672 0.986651 0
-14.7398 -0.455716 -0.80554 -0.108872 -0.003366 0.99405 0
5.75865 4.58059 -0.200109 0.042535 0.033834 0.998522 0
9.56471 -2.61357 -0.363578 0.070648 -0.019305 0.997314 0
2.65908 -4.51526 -0.101446 0.019641 -0.033351 0.999251 0
15.5374 -2.79771 -0.92363 0.114764 -0.020665 0.993178 0
17.7749 9.83348 -1.53263 0.131291 0.072633 0.988679 0
17.7783 -9.87298 -1.53599 0.131316 -0.072925 0.988655 0
11.0012 -14.1492 -1.19159 0.081259 -0.104511 0.991198 0
13.323 -2.32271 -0.677166 0.098408 -0.017156 0.994998 0
9.10247 -4.85313 -0.393552 0.067234 -0.035847 0.997093 0
5.99668 -2.51232 -0.156207 0.044293 -0.018557 0.998846 0
18.1821 8.65059 -1.50566 0.134299 0.063896 0.988879 0
-3.68454 20.4336 -1.60162 -0.027215 0.150929 0.98817 0
5.18875 13.7584 -0.800887 0.038326 0.101624 0.994084 0
5.10174 11.4473 -0.581329 0.037683 0.084554 0.995706 0
18.5312 7.50219 -1.48425 0.136877 0.055413 0.989037 0
19.0552 5.85383 -1.47558 0.140747 0.043238 0.989101 0
-7.67864 20.5295 -1.78605 -0.056717 0.151637 0.986808 0
16.9214 5.84073 -1.18868 0.124987 0.043141 0.99122 0
16.8214 -5.86995 -1.17738 0.124248 -0.043357 0.991303 0
-12.6702 14.7105 -1.3993 -0.093586 0.108656 0.989664 0
13.1571 15.7563 -1.56524 0.097183 0.116381 0.988439 0
18.4811 3.87436 -1.32331 0.136507 0.028617 0.990226 0
18.4183 -3.85278 -1.31404 0.136043 -0.028458 0.990294 0
12.4639 10.1216 -0.955444 0.092062 0.074761 0.992943 0
11.4517 6.02353 -0.619743 0.084586 0.044492 0.995422 0
13.2499 9.60396 -0.992654 0.097868 0.070938 0.992668 0
-13.768 -4.64032 -0.781847 -0.101695 -0.034275 0.994225 0
14.4887 -14.3053 -1.5398 0.107018 -0.105663 0.988627 0
12.8377 11.8247 -1.12976 0.094823 0.087341 0.991655 0
14.9561 1.08888 -0.833047 0.11047 0.008043 0.993847 0
14.8675 -0.97188 -0.822327 0.109816 -0.007179 0.993926 0
-4.7302 21.7425 -1.84104 -0.034939 0.160597 0.986401 0
-13.0379 -5.6878 -0.749342 -0.096302 -0.042012 0.994465 0
0.505835 17.7478 -1.16928 0.003736 0.131091 0.991363 0
15.9583 12.3009 -1.50774 0.117873 0.090858 0.988863 0
5.98245 9.19671 -0.445274 0.044188 0.06793 0.996711 0
15.1717 10.5167 -1.26446 0.112063 0.077679 0.99066 0
-1.52161 20.4562 -1.563 -0.011239 0.151096 0.988455 0
6.19257 7.63074 -0.357141 0.04574 0.056363 0.997362 0
15.7317 9.71786 -1.26872 0.116199 0.071779 0.990629 0
14.5553 11.3086 -1.26058 0.10751 0.083528 0.990689 0
14.723 -11.382 -1.2851 0.108749 -0.084071 0.990508 0
3.02386 13.3044 -0.689242 0.022335 0.098271 0.994909 0
4.42675 14.5898 -0.861247 0.032697 0.107765 0.993639 0
16.165 8.85291 -1.26037 0.1194 0.06539 0.990691 0
19.0962 -6.84238 -1.52829 0.14105 -0.05054 0.988712 0
17.324 -5.06506 -1.20853 0.12796 -0.037412 0.991073 0
17.2106 -4.01263 -1.15834 0.127123 -0.029638 0.991444 0
21.9192 5.3128 -1.89183 0.161902 0.039242 0.986026 0
2.6671 -6.71375 -0.192875 0.0197 -0.04959 0.998575 0
16.7304 6.95913 -1.21808 0.123576 0.051402 0.991003 0
16.6566 -7.02659 -1.21241 0.123031 -0.051901 0.991045 0
6.16242 13.9292 -0.859537 0.045518 0.102886 0.993651 0
-1.36148 13.3321 -0.664917 -0.010056 0.098475 0.995089 0
14.9847 -1.95582 -0.846041 0.110682 -0.014446 0.993751 0
5.54489 10.2893 -0.505482 0.040956 0.076 0.996266 0
-1.90689 19.5464 -1.43202 -0.014085 0.144376 0.989423 0
2.00911 -8.23884 -0.265854 0.01484 -0.060855 0.998036 0
22.0908 3.91594 -1.87185 0.163169 0.028924 0.986174 0
3.29982 16.3261 -1.0285 0.024373 0.12059 0.992403 0
-3.67858 15.687 -0.962207 -0.027171 0.115869 0.992893 0
-10.8065 12.7506 -1.03567 -0.07982 0.09418 0.99235 0
-7.15023 1.51095 -0.197391 -0.052814 0.01116 0.998542 0
-6.81184 4.73311 -0.25434 -0.050314 0.03496 0.998121 0
-13.4363 16.5773 -1.69222 -0.099245 0.122445 0.987501 0
-12.0414 3.76233 -0.58905 -0.088942 0.02779 0.995649 0
-15.544 14.8326 -1.71571 -0.114813 0.109558 0.987327 0
-15.0059 9.94927 -1.20253 -0.110838 0.073488 0.991118 0
-3.5781 -6.5829 -0.207483 -0.026429 -0.048623 0.998467 0
-21.716 6.34372 -1.90365 -0.160401 0.046857 0.985939 0
-6.48955 6.06055 -0.291499 -0.047934 0.044765 0.997847 0
-21.9374 5.3355 -1.89573 -0.162036 0.03941 0.985998 0
-9.05261 -5.34184 -0.408655 -0.066865 -0.039456 0.996982 0
-15.9694 9.16929 -1.25818 -0.117955 0.067727 0.990707 0
-14.8538 7.95331 -1.05254 -0.109715 0.058746 0.992226 0
-5.0952 -6.96717 -0.27543 -0.037635 -0.051462 0.997966 0
-0.403004 10.554 -0.4126 -0.002977 0.077955 0.996952 0
-22.4868 0.432311 -1.88123 -0.166095 0.003193 0.986105 0
-18.858 4.03997 -1.38069 -0.139291 0.02984 0.989802 0
-7.04875 12.095 -0.725704 -0.052064 0.089337 0.99464 0
-22.4228 -1.94207 -1.88389 -0.165622 -0.014345 0.986085 0
-18.1505 4.70365 -1.30466 -0.134065 0.034743 0.990363 0
-16.9505 2.00453 -1.08027 -0.125202 0.014806 0.992021 0
-15.9685 -2.60086 -0.970189 -0.117948 -0.019211 0.992834 0
-15.5303 4.0261 -0.953979 -0.114712 0.029738 0.992954 0
-7.65304 17.9151 -1.40895 -0.056528 0.132326 0.989593 0
1.38958 14.8189 -0.820635 0.010264 0.109457 0.993939 0
-0.292826 6.4857 -0.155756 -0.002163 0.047905 0.99885 0
-20.2606 2.38061 -1.54576 -0.149651 0.017584 0.988583 0
-18.5947 -10.8347 -1.72144 -0.137346 -0.080028 0.987285 0
-20.9539 0.510995 -1.63234 -0.154772 0.003774 0.987943 0
-21.7012 -0.28334 -1.75088 -0.160292 -0.002093 0.987067 0
-11.1831 17.9842 -1.66661 -0.082602 0.132837 0.98769 0
-19.1491 -5.94074 -1.49281 -0.141441 -0.04388 0.988974 0
-20.1716 -7.05427 -1.69713 -0.148993 -0.052105 0.987464 0
-15.6942 -3.66174 -0.962589 -0.115922 -0.027047 0.99289 0
-20.2045 -8.11312 -1.76219 -0.149237 -0.059926 0.986984 0
-18.3705 -6.85086 -1.4272 -0.13569 -0.050603 0.989458 0
-18.274 -4.98108 -1.33146 -0.134977 -0.036792 0.990165 0
-18.4655 -7.85915 -1.49564 -0.136392 -0.05805 0.988953 0
-16.8029 6.96576 -1.22747 -0.124111 0.051451 0.990934 0
-16.2461 -14.5532 -1.7685 -0.119999 -0.107494 0.986937 0
-20.8854 -4.68344 -1.70267 -0.154266 -0.034593 0.987424 0
-16.7548 -15.0872 -1.89061 -0.123756 -0.111439 0.986035 0
-17.5914 -7.73322 -1.37067 -0.129935 -0.05712 0.989876 0
-22.0515 -4.31691 -1.87772 -0.162879 -0.031886 0.986131 0
-8.1775 18.6625 -1.54203 -0.060402 0.137847 0.98861 0
-17.637 -8.72295 -1.43745 -0.130272 -0.06443 0.989383 0
-14.3237 2.55906 -0.784174 -0.105799 0.018902 0.994208 0
-8.08706 -7.63435 -0.457557 -0.059733 -0.05639 0.99662 0
1.20849 -5.89539 -0.133818 0.008926 -0.043545 0.999012 0
-18.5259 -8.86209 -1.56663 -0.136838 -0.065458 0.988428 0
-11.0915 15.5959 -1.35946 -0.081925 0.115196 0.989959 0
-21.124 -7.20379 -1.8523 -0.156028 -0.053209 0.986318 0
-19.3451 -11.8057 -1.9103 -0.142888 -0.087201 0.98589 0
-17.8427 -12.3904 -1.75411 -0.131792 -0.09152 0.987044 0
-15.0545 -9.48639 -1.17445 -0.111197 -0.070069 0.991325 0
-14.1499 -7.40725 -0.945379 -0.104516 -0.054712 0.993017 0
-13.3493 -6.85143 -0.834071 -0.098602 -0.050607 0.993839 0
-14.0111 -8.43738 -0.991551 -0.10349 -0.062321 0.992676 0
-18.5994 -12.6431 -1.88102 -0.137381 -0.093386 0.986106 0
-7.43019 -2.82765 -0.233621 -0.054882 -0.020886 0.998274 0
-16.4494 4.85663 -1.0908 -0.1215 0.035873 0.991943 0
-13.5933 -11.9603 -1.21618 -0.100404 -0.088343 0.991017 0
-11.6348 -15.6362 -1.41022 -0.085938 -0.115493 0.989584 0
-4.9697 8.28528 -0.345173 -0.036708 0.061198 0.99745 0
-14.4185 -12.254 -1.32887 -0.106499 -0.090512 0.990185 0
-14.0761 -10.6851 -1.15836 -0.10397 -0.078923 0.991444 0
-0.088815 9.79933 -0.355137 -0.000656 0.072381 0.997377 0
-15.7036 -15.3109 -1.78831 -0.115991 -0.113091 0.986791 0
-13.4367 8.21545 -0.919169 -0.099248 0.060682 0.993211 0
-11.6088 16.3158 -1.48904 -0.085746 0.120514 0.989002 0
-10.008 -19.9359 -1.85035 -0.073922 -0.147252 0.986333 0
-15.22 -14.4844 -1.64026 -0.11242 -0.106986 0.987884 0
-4.7803 -21.9503 -1.87682 -0.035309 -0.162132 0.986137 0
-5.39409 10.3281 -0.502334 -0.039842 0.076286 0.99629 0
0.287333 14.5967 -0.789485 0.002122 0.107816 0.994169 0
-14.9553 -17.0663 -1.91523 -0.110465 -0.126057 0.985854 0
-11.4694 -8.12143 -0.731394 -0.084717 -0.059987 0.994598 0
-8.23965 -17.5555 -1.39615 -0.060861 -0.12967 0.989688 0
1.21283 9.53095 -0.341345 0.008958 0.070398 0.997479 0
-7.92218 9.39239 -0.558738 -0.058516 0.069375 0.995873 0
-6.79859 12.8575 -0.7835 -0.050216 0.094969 0.994213 0
-13.3215 13.9487 -1.381 -0.098397 0.103029 0.9898 0
-3.5561 12.9495 -0.667648 -0.026266 0.095649 0.995069 0
-13.2575 -18.2011 -1.88572 -0.0979241 -0.134439 0.986072 0
-10.2814 -6.82831 -0.563761 -0.075941 -0.050436 0.995836 0
-16.2197 0.99865 -0.978809 -0.119804 0.007376 0.99277 0
-10.0997 7.70397 -0.597226 -0.074599 0.056904 0.995589 0
-5.61277 -11.8558 -0.636952 -0.041458 -0.08757 0.995295 0
-5.42371 -18.7985 -1.42119 -0.040061 -0.138851 0.989503 0
3.35872 6.0349 -0.176282 0.024809 0.044576 0.998698 0
-3.93838 9.03928 -0.359524 -0.02909 0.066767 0.997344 0
-4.54825 -11.7208 -0.585019 -0.033595 -0.086574 0.995679 0
-7.17332 -9.62547 -0.533256 -0.052984 -0.071097 0.996061 0
-0.519505 -22.758 -1.92751 -0.003837 -0.168098 0.985763 0
-9.58515 0.390924 -0.3403 -0.070799 0.002887 0.997486 0
-11.2816 -4.54774 -0.547537 -0.08333 -0.033591 0.995956 0
-1.5073 -8.07792 -0.249609 -0.011133 -0.059666 0.998156 0
-13.7991 -16.2863 -1.6934 -0.101924 -0.120295 0.987492 0
-9.19809 -18.1188 -1.53357 -0.06794 -0.133831 0.988673 0
-9.23945 18.3361 -1.56602 -0.068245 0.135436 0.988433 0
-12.1618 1.70771 -0.55817 -0.089831 0.012614 0.995877 0
-3.65333 -21.2908 -1.73451 -0.026985 -0.157261 0.987188 0
-15.7326 -13.3251 -1.57907 -0.116206 -0.0984231 0.988337 0
-12.7469 -14.3726 -1.36991 -0.094153 -0.10616 0.989881 0
-8.64382 -6.6235 -0.438668 -0.063846 -0.048923 0.99676 0
-3.89527 9.91479 -0.419735 -0.028772 0.073234 0.9969 0
-1.72359 8.03013 -0.249347 -0.012731 0.059313 0.998158 0
-3.48902 -15.2656 -0.908652 -0.025771 -0.112756 0.993288 0
-6.70585 -15.3979 -1.04574 -0.049531 -0.113734 0.992276 0
-8.19724 3.7597 -0.300698 -0.060547 0.02777 0.997779 0
-3.42921 18.1121 -1.26083 -0.025329 0.133781 0.990687 0
1.5296 22.3479 -1.86596 0.011298 0.165068 0.986217 0
1.83098 -22.4417 -1.88549 0.013524 -0.165761 0.986073 0
-8.0215 7.35824 -0.438305 -0.059249 0.05435 0.996763 0
-3.40926 11.971 -0.573384 -0.025182 0.088421 0.995765 0
-9.30592 -1.75453 -0.331602 -0.068736 -0.01296 0.997551 0
-11.2714 -0.28786 -0.470316 -0.083254 -0.002126 0.996526 0
-7.94091 -12.5866 -0.820449 -0.058654 -0.092969 0.99394 0
-10.1641 2.97299 -0.414817 -0.075076 0.021959 0.996936 0
-9.76087 -16.2465 -1.33323 -0.072097 -0.120001 0.990152 0
2.8662 22.2332 -1.86881 0.021171 0.164221 0.986196 0
0.223662 8.90055 -0.293073 0.001652 0.065742 0.997835 0
-6.86117 -12.9971 -0.800082 -0.050679 -0.096 0.99409 0
3.75774 -13.352 -0.712428 0.027756 -0.098622 0.994738 0
-9.03896 14.5644 -1.08953 -0.066765 0.107577 0.991952 0
3.48887 11.6751 -0.549478 0.02577 0.086236 0.995941 0
4.04653 22.066 -1.87163 0.029889 0.162986 0.986176 0
4.10833 -22.1302 -1.88416 0.030345 -0.163461 0.986083 0
-15.0647 6.14492 -0.981151 -0.111272 0.045388 0.992753 0
-13.446 -3.65683 -0.718997 -0.099316 -0.02701 0.994689 0
8.99568 20.5467 -1.87091 0.066445 0.151764 0.986181 0
-3.13733 -9.65147 -0.380907 -0.023173 -0.071289 0.997186 0
-9.61997 -18.9978 -1.68518 -0.071056 -0.140323 0.987553 0
-4.19897 18.7164 -1.36572 -0.031015 0.138245 0.989912 0
-5.32916 -19.5656 -1.52729 -0.039363 -0.144518 0.988719 0
-10.2958 -17.5008 -1.53127 -0.076048 -0.129266 0.98869 0
-1.57955 -13.1331 -0.647753 -0.011667 -0.097005 0.995216 0
-4.57586 -17.5114 -1.21528 -0.033799 -0.129345 0.991023 0
-6.9322 -12.056 -0.716159 -0.051203 -0.089049 0.99471 0
-8.90732 -19.582 -1.72011 -0.065792 -0.144639 0.987295 0
-1.72856 14.727 -0.814474 -0.012768 0.108778 0.993984 0
9.75328 20.1432 -1.86262 0.072041 0.148784 0.986242 0
-3.57302 -17.8148 -1.22477 -0.026391 -0.131585 0.990954 0
-8.03043 -15.1179 -1.08659 -0.059315 -0.111665 0.991974 0
-3.18815 -20.3797 -1.58064 -0.023549 -0.15053 0.988325 0
-2.88448 -18.057 -1.24059 -0.021306 -0.133375 0.990837 0
-14.5338 0.73222 -0.784356 -0.107351 0.005408 0.994206 0
11.5917 19.248 -1.87752 0.08562 0.142171 0.986132 0
11.6223 -19.2435 -1.87952 0.085846 -0.142138 0.986117 0
-5.896 -14.7265 -0.932529 -0.04355 -0.108774 0.993112 0
-1.48516 -7.27997 -0.204029 -0.01097 -0.053772 0.998493 0
-7.34541 -20.4339 -1.75267 -0.054255 -0.150931 0.987054 0
-5.96784 -21.6775 -1.88004 -0.04408 -0.160116 0.986113 0
-5.37428 -9.2824 -0.425551 -0.039696 -0.068563 0.996857 0
-0.404721 -12.49 -0.577974 -0.002989 -0.092255 0.995731 0
4.20231 13.2537 -0.715852 0.03104 0.097896 0.994712 0
0.20271 -15.4386 -0.883296 0.001497 -0.114034 0.993476 0
-4.66461 -14.9541 -0.909298 -0.034454 -0.110456 0.993284 0
5.2112 -9.58146 -0.440056 0.038492 -0.070772 0.99675 0
-14.9741 3.10217 -0.866401 -0.110603 0.022914 0.9936 0
0.968417 -12.8795 -0.617496 0.007153 -0.095132 0.995439 0
6.324 21.554 -1.87644 0.046711 0.159204 0.98614 0
6.37522 -21.5879 -1.88437 0.047089 -0.159455 0.986081 0
-9.97611 1.70387 -0.378804 -0.073687 0.012585 0.997202 0
2.25699 15.7205 -0.934745 0.016671 0.116116 0.993096 0
-15.2274 -1.72041 -0.870072 -0.112474 -0.012707 0.993573 0
-1.33701 -14.1523 -0.748363 -0.009876 -0.104533 0.994472 0
5.63216 -15.5342 -1.01214 0.041601 -0.11474 0.992524 0
-9.72136 14.9482 -1.17939 -0.071805 0.110412 0.991289 0
21.9041 3.14582 -1.82073 0.161791 0.023236 0.986551 0
21.8961 -3.14305 -1.81935 0.161731 -0.023216 0.986562 0
-14.215 6.0331 -0.883569 -0.104996 0.044562 0.993474 0
-1.70608 -19.1786 -1.37615 -0.012602 -0.141659 0.989835 0
-13.7565 5.26354 -0.8036 -0.10161 0.038878 0.994064 0
5.43022 7.23357 -0.302481 0.040109 0.053429 0.997766 0
4.29091 7.79854 -0.292922 0.031694 0.057602 0.997836 0
-0.008215 21.3784 -1.69855 -6.1e-05 0.157907 0.987454 0
-6.90887 0.626232 -0.177849 -0.051031 0.004626 0.998686 0
1.11419 21.4404 -1.71313 0.00823 0.158365 0.987346 0
-0.381921 -17.9049 -1.18974 -0.002821 -0.132251 0.991212 0
0.408873 13.8964 -0.715695 0.00302 0.102643 0.994714 0
-15.0511 -3.12238 -0.875466 -0.111172 -0.023063 0.993534 0
-8.35502 -18.9659 -1.59565 -0.061713 -0.140088 0.988214 0
-14.378 -1.47836 -0.773756 -0.1062 -0.01092 0.994285 0
-0.562653 -10.5668 -0.414168 -0.004156 -0.078049 0.996941 0
14.365 17.4598 -1.90129 0.106104 0.128964 0.985957 0
14.3935 -17.4392 -1.90165 0.106315 -0.128811 0.985954 0
2.28374 21.4439 -1.72855 0.016868 0.158391 0.987232 0
0.29385 -19.2298 -1.37295 0.00217 -0.142037 0.989859 0
3.61925 17.4924 -1.18359 0.026733 0.129204 0.991258 0
-12.272 10.3329 -0.953866 -0.090645 0.076322 0.992954 0
-3.47212 -16.1763 -1.01472 -0.025646 -0.119483 0.992505 0
5.44838 -17.5056 -1.24713 0.040243 -0.129302 0.990788 0
3.88545 8.90954 -0.349367 0.028699 0.065809 0.997419 0
9.20828 -10.7131 -0.739033 0.068015 -0.07913 0.994541 0
6.69761 -17.2199 -1.26671 0.049471 -0.127192 0.990644 0
6.30814 17.085 -1.23057 0.046594 0.126195 0.990911 0
-11.5086 -1.96391 -0.504335 -0.085006 -0.014506 0.996275 0
-16.3564 -1.39532 -0.998906 -0.120813 -0.010306 0.992622 0
-0.987596 -20.6347 -1.58539 -0.007295 -0.152414 0.98829 0
-9.79902 9.93427 -0.721015 -0.072379 0.073378 0.994674 0
9.03582 9.81333 -0.65879 0.066741 0.072484 0.995134 0
6.9762 -13.6518 -0.870838 0.051528 -0.100837 0.993568 0
-0.89815 16.4568 -1.00693 -0.006634 0.121555 0.992563 0
15.1163 -16.936 -1.91676 0.111653 -0.125095 0.985842 0
-1.18399 18.0208 -1.20993 -0.008745 0.133107 0.991063 0
0.665518 -10.2894 -0.393207 0.004916 -0.076001 0.997096 0
-9.20692 -7.38005 -0.515187 -0.068005 -0.054511 0.996195 0
-0.675187 -21.4417 -1.7104 -0.004987 -0.158375 0.987366 0
16.1104 15.9149 -1.90739 0.118996 0.117552 0.985911 0
5.02941 17.3527 -1.2109 0.037149 0.128172 0.991056 0
9.05164 -16.1886 -1.27647 0.066858 -0.119574 0.990572 0
8.16504 15.8134 -1.17484 0.060309 0.116803 0.991322 0
9.70791 -18.0211 -1.55639 0.071706 -0.133109 0.988504 0
9.57488 17.934 -1.53512 0.070723 0.132466 0.988661 0
0.311006 19.9852 -1.48355 0.002297 0.147616 0.989042 0
-7.60149 16.4207 -1.21467 -0.056147 0.121289 0.991028 0
4.73793 9.61823 -0.425226 0.034996 0.071043 0.996859 0
-7.0497 -7.98883 -0.419897 -0.052071 -0.059008 0.996899 0
0.37228 -21.6278 -1.73919 0.00275 -0.159749 0.987154 0
2.12589 -19.5411 -1.43454 0.015702 -0.144337 0.989404 0
1.13698 -9.26543 -0.322208 0.008398 -0.068437 0.99762 0
4.90738 -6.91794 -0.265947 0.036247 -0.051098 0.998036 0
-11.2066 -6.46701 -0.619693 -0.082776 -0.047767 0.995423 0
-1.02512 -5.79761 -0.128077 -0.007572 -0.042823 0.999054 0
-14.0871 11.215 -1.20274 -0.104051 0.082837 0.991116 0
-6.1647 17.4773 -1.27445 -0.045534 0.129093 0.990587 0
-4.02398 22.1415 -1.88345 -0.029722 0.163544 0.986088 0
8.38838 -21.0744 -1.91363 0.061959 -0.155662 0.985865 0
-15.3154 0.542762 -0.87015 -0.113124 0.004009 0.993573 0
-12.034 -1.42956 -0.543474 -0.088887 -0.010559 0.995986 0
10.8056 6.96946 -0.611991 0.079814 0.051479 0.99548 0
7.9585 -16.8983 -1.2947 0.058784 -0.124816 0.990437 0
3.36676 10.8555 -0.47791 0.024868 0.080182 0.99647 0
-7.2435 10.3501 -0.590689 -0.053503 0.076449 0.995637 0
-6.30394 -3.71321 -0.19783 -0.046563 -0.027427 0.998539 0
-14.0456 0.002644 -0.730554 -0.103745 2e-05 0.994604 0
-16.6829 6.07996 -1.16944 -0.123225 0.044908 0.991362 0
-12.9373 -4.65829 -0.700088 -0.095559 -0.034408 0.994829 0
14.1727 -6.39628 -0.895889 0.104684 -0.047245 0.993383 0
14.2821 6.35818 -0.905658 0.105492 0.046963 0.993311 0
19.0993 -12.4515 -1.9336 0.141074 -0.091971 0.985718 0
-2.83065 17.4679 -1.16145 -0.020908 0.129023 0.991421 0
-5.26106 22.1083 -1.92097 -0.03886 0.163298 0.985811 0
-0.039052 5.74577 -0.121986 -0.000288 0.04244 0.999099 0
9.12278 15.9204 -1.24919 0.067384 0.117593 0.990773 0
8.29668 14.8583 -1.07381 0.061282 0.109748 0.992069 0
-10.7398 -0.934786 -0.429892 -0.079328 -0.006905 0.996825 0
3.1382 -7.41446 -0.239611 0.02318 -0.054765 0.99823 0
9.96951 -15.5822 -1.26973 0.073638 -0.115095 0.990621 0
7.50492 -15.2285 -1.0687 0.055434 -0.112482 0.992106 0
5.89424 -13.295 -0.783369 0.043537 -0.098201 0.994214 0
-3.18787 21.0488 -1.68427 -0.023547 0.155473 0.987559 0
4.6139 6.90111 -0.254748 0.03408 0.050974 0.998118 0
6.31658 11.6983 -0.654347 0.046656 0.086407 0.995167 0
3.99332 -7.12626 -0.246669 0.029496 -0.052637 0.998178 0
-3.40432 19.8788 -1.51064 -0.025145 0.146831 0.988842 0
12.8614 -3.11647 -0.648323 0.094998 -0.023019 0.995211 0
13.3115 3.57777 -0.70351 0.098323 0.026426 0.994804 0
11.984 -15.247 -1.39615 0.088518 -0.112619 0.989688 0
-6.17651 18.8895 -1.46661 -0.045622 0.139524 0.989167 0
9.62698 14.1356 -1.08457 0.071108 0.10441 0.991989 0
3.23848 -8.24082 -0.289849 0.02392 -0.060869 0.997859 0
2.21849 11.8861 -0.54102 0.016386 0.087794 0.996004 0
3.51919 19.2779 -1.42575 0.025994 0.142392 0.989469 0
2.38154 16.4621 -1.02567 0.017591 0.121594 0.992424 0
3.44145 2.42751 -0.065519 0.02542 0.01793 0.999516 0
-14.276 -3.69329 -0.805456 -0.105447 -0.02728 0.994051 0
2.5554 -18.4382 -1.28577 0.018875 -0.13619 0.990503 0
7.69198 12.3918 -0.787914 0.056815 0.09153 0.99418 0
21.6078 6.1244 -1.87584 0.159602 0.045237 0.986144 0
21.5992 -6.12567 -1.87451 0.159538 -0.045246 0.986154 0
13.361 4.42255 -0.733509 0.098688 0.032666 0.994582 0
20.8496 8.2522 -1.86984 0.154001 0.060953 0.986189 0
20.8423 -8.25804 -1.86907 0.153948 -0.060996 0.986194 0
6.48875 15.3146 -1.02556 0.047928 0.113118 0.992425 0
13.9232 -16.0977 -1.68343 0.102841 -0.118902 0.987566 0
11.5891 14.4181 -1.26971 0.085601 0.106497 0.990621 0
11.8086 -14.2661 -1.2726 0.087222 -0.105374 0.9906 0
7.89653 17.6384 -1.38637 0.058326 0.130282 0.98976 0
4.55198 2.87784 -0.107153 0.033622 0.021257 0.999209 0
7.34834 -11.7066 -0.707395 0.054277 -0.086468 0.994775 0
2.29354 14.0572 -0.751298 0.016941 0.103831 0.994451 0
2.06545 10.1036 -0.393333 0.015256 0.074628 0.997095 0
3.54692 -21.492 -1.76385 0.026199 -0.158747 0.986972 0
-7.49466 19.622 -1.63932 -0.055358 0.144934 0.987892 0
20.1636 10.5954 -1.92988 0.148934 0.078261 0.985745 0
6.95181 -7.11872 -0.366131 0.051348 -0.052581 0.997296 0
-0.52339 -7.17497 -0.191271 -0.003866 -0.052996 0.998587 0
3.71288 -4.37342 -0.121605 0.027424 -0.032303 0.999102 0
3.25711 -11.6685 -0.543108 0.024058 -0.086187 0.995988 0
10.6249 -13.5837 -1.10286 0.078479 -0.100333 0.991854 0
4.35891 12.3368 -0.633737 0.032196 0.091123 0.995319 0
-9.20726 -0.684205 -0.315177 -0.068008 -0.005054 0.997672 0
-5.80834 20.3326 -1.66159 -0.042902 0.150182 0.987727 0
19.2559 10.2736 -1.77077 0.14223 0.075884 0.986921 0
7.98813 -13.4793 -0.909731 0.059003 -0.099562 0.99328 0
19.6892 9.1102 -1.74952 0.14543 0.067291 0.987078 0
19.6807 -9.12559 -1.74932 0.145368 -0.067404 0.987079 0
-4.64542 11.2786 -0.550613 -0.034312 0.083307 0.995933 0
11.4533 13.3578 -1.14831 0.084598 0.098665 0.991518 0
-8.30667 -9.00928 -0.555733 -0.061356 -0.066545 0.995895 0
3.42975 15.2174 -0.901663 0.025333 0.1124 0.99334 0
-2.1376 18.9487 -1.34964 -0.015789 0.139961 0.990031 0
6.72589 -14.7973 -0.979268 0.049679 -0.109298 0.992767 0
-9.08645 13.6356 -0.995243 -0.067115 0.100717 0.992649 0
-15.6135 7.99217 -1.14102 -0.115326 0.059033 0.991572 0
-6.85612 21.3016 -1.86221 -0.050641 0.15734 0.986245 0
-4.96727 -8.22202 -0.341217 -0.03669 -0.06073 0.99748 0
-15.4568 13.7179 -1.58661 -0.114168 0.101325 0.988281 0
-11.0364 18.8678 -1.77622 -0.081518 0.139363 0.98688 0
-18.5302 10.1719 -1.66041 -0.136869 0.075133 0.987736 0
-7.62447 21.3381 -1.90971 -0.056317 0.15761 0.985894 0
-22.536 2.77523 -1.91768 -0.166458 0.020499 0.985835 0
-16.7843 -8.53607 -1.31591 -0.123974 -0.06305 0.99028 0
-18.0907 12.5487 -1.80222 -0.133623 0.092688 0.986688 0
-17.1722 14.3737 -1.86492 -0.126839 0.106168 0.986225 0
-11.2509 4.45073 -0.541727 -0.083102 0.032874 0.995999 0
-17.0635 11.4267 -1.56659 -0.126037 0.084401 0.988429 0
-5.59725 5.64673 -0.233663 -0.041343 0.041708 0.998274 0
-22.3788 1.69239 -1.87311 -0.165297 0.0125 0.986165 0
-2.41356 15.6369 -0.927715 -0.017827 0.115499 0.993148 0
-19.9473 6.90642 -1.65577 -0.147337 0.051013 0.98777 0
-7.37969 6.57639 -0.361335 -0.054509 0.048575 0.997331 0
-13.4184 11.8933 -1.19261 -0.099112 0.087847 0.991191 0
-17.7072 -2.53674 -1.18694 -0.130791 -0.018737 0.991233 0
-16.4943 7.88547 -1.24009 -0.121832 0.058244 0.99084 0
-7.21243 11.2171 -0.658403 -0.053273 0.082853 0.995137 0
-10.1704 8.85853 -0.673498 -0.075122 0.065432 0.995025 0
-13.6005 2.1082 -0.701362 -0.100457 0.015572 0.99482 0
-17.0926 8.72817 -1.36723 -0.126251 0.064469 0.989901 0
-19.9284 9.17212 -1.78923 -0.147198 0.067748 0.986784 0
-6.15538 14.4234 -0.911301 -0.045466 0.106536 0.993269 0
-20.969 -8.40451 -1.89805 -0.154883 -0.062078 0.985981 0
-18.0277 8.14317 -1.45296 -0.133158 0.060148 0.989268 0
-17.4052 4.13942 -1.1873 -0.12856 0.030575 0.99123 0
-15.62 -10.5068 -1.31516 -0.115374 -0.077607 0.990286 0
-20.5209 -9.53993 -1.90473 -0.151574 -0.070465 0.985931 0
-14.6751 15.9116 -1.74159 -0.108395 0.117528 0.987136 0
-20.1178 4.13746 -1.567 -0.148596 0.030561 0.988426 0
-15.0948 -5.67501 -0.963871 -0.111495 -0.041917 0.992881 0
-19.6522 11.2334 -1.90578 -0.145157 0.082973 0.985923 0
-12.1633 17.1293 -1.63995 -0.089842 0.126523 0.987887 0
-8.12905 13.5452 -0.924797 -0.060044 0.100049 0.993169 0
-8.55772 -2.88964 -0.301641 -0.06321 -0.021344 0.997772 0
-18.0055 0.169907 -1.20277 -0.132994 0.001255 0.991116 0
-13.5983 14.7171 -1.49104 -0.100441 0.108705 0.988987 0
-8.40263 -1.38025 -0.268053 -0.062064 -0.010195 0.99802 0
-8.00873 2.25553 -0.255908 -0.059155 0.01666 0.99811 0
-17.9129 1.67981 -1.20078 -0.13231 0.012408 0.991131 0
-6.09399 12.5389 -0.719715 -0.045012 0.092616 0.994684 0
-14.2415 9.65657 -1.09788 -0.105192 0.071326 0.991891 0
-16.7568 -9.56464 -1.38191 -0.123771 -0.070647 0.989793 0
-18.158 3.71295 -1.27459 -0.134121 0.027425 0.990585 0
-10.48 18.5598 -1.68831 -0.077409 0.137088 0.98753 0
-9.24469 2.77817 -0.344576 -0.068284 0.02052 0.997455 0
-21.4869 1.6475 -1.7261 -0.158708 0.012169 0.987251 0
-20.1248 -2.24936 -1.52301 -0.148648 -0.016614 0.988751 0
-7.21029 -10.4394 -0.595791 -0.053257 -0.077108 0.995599 0
-6.55096 -11.1284 -0.617266 -0.048387 -0.082198 0.995441 0
-16.8308 -2.24802 -1.06906 -0.124317 -0.016605 0.992104 0
-8.69703 17.6892 -1.44264 -0.064239 0.130658 0.989344 0
-19.9112 -3.64912 -1.5219 -0.14707 -0.026954 0.988759 0
-0.940777 -5.25775 -0.105403 -0.006949 -0.038835 0.999221 0
-8.67564 8.18095 -0.526169 -0.064081 0.060427 0.996114 0
-16.6775 -3.44214 -1.07524 -0.123185 -0.025425 0.992058 0
-13.3094 18.3394 -1.9098 -0.098307 0.13546 0.985894 0
-8.18712 16.9702 -1.31754 -0.060473 0.125347 0.990268 0
-20.8656 -2.45442 -1.64009 -0.15412 -0.018129 0.987886 0
-4.07555 8.21416 -0.310886 -0.030103 0.060672 0.997704 0
-16.8882 15.2257 -1.92314 -0.124741 0.112462 0.985795 0
-15.3117 16.6064 -1.89761 -0.113097 0.12266 0.985984 0
-12.7873 7.76191 -0.828925 -0.094451 0.057332 0.993877 0
-14.8668 -4.4536 -0.892462 -0.109811 -0.032896 0.993408 0
-3.3419 -5.78638 -0.165002 -0.024684 -0.04274 0.998781 0
-3.89763 -7.50224 -0.264226 -0.028789 -0.055414 0.998048 0
-11.2572 3.37298 -0.510995 -0.083149 0.024914 0.996226 0
-14.2692 1.62091 -0.763822 -0.105397 0.011973 0.994358 0
-6.3815 8.74829 -0.433739 -0.047136 0.064618 0.996796 0
-7.09803 18.8172 -1.5021 -0.052428 0.13899 0.988905 0
-10 15.7616 -1.29297 -0.073863 0.11642 0.99045 0
-2.34127 12.7039 -0.617686 -0.017293 0.093835 0.995438 0
-12.5094 4.59488 -0.657496 -0.092398 0.033939 0.995144 0
-6.00967 13.4527 -0.80414 -0.044389 0.099366 0.99406 0
-21.4007 3.73793 -1.75439 -0.158072 0.027609 0.987042 0
-11.6635 9.48336 -0.837134 -0.08615 0.070047 0.993817 0
-10.7569 3.13247 -0.464372 -0.079454 0.023137 0.99657 0
-13.8247 15.5517 -1.60861 -0.102114 0.114869 0.988118 0
-15.6783 10.5554 -1.32578 -0.115805 0.077966 0.990207 0
-1.56602 14.0004 -0.734949 -0.011567 0.103411 0.994571 0
-4.51045 16.3124 -1.06203 -0.033316 0.120488 0.992156 0
-14.331 10.4958 -1.1704 -0.105853 0.077525 0.991355 0
-8.37671 14.257 -1.01362 -0.061873 0.105307 0.992513 0
-4.39329 12.2627 -0.628091 -0.03245 0.090576 0.995361 0
-5.85508 -8.32325 -0.382999 -0.043247 -0.061478 0.997171 0
-1.26392 22.6663 -1.91688 -0.009336 0.167421 0.985841 0
-0.71804 7.43417 -0.20617 -0.005304 0.054911 0.998477 0
-11.7555 14.6406 -1.3083 -0.086829 0.10814 0.990337 0
-7.64411 -7.02758 -0.39878 -0.056462 -0.051908 0.997054 0
-15.4846 -11.7519 -1.40284 -0.114374 -0.086803 0.989638 0
-1.55638 6.64368 -0.172066 -0.011496 0.049072 0.998729 0
-11.8504 4.7812 -0.604413 -0.087531 0.035315 0.995536 0
-14.7214 4.97344 -0.894686 -0.108737 0.036735 0.993392 0
-6.36017 21.8504 -1.92637 -0.046978 0.161394 0.985771 0
-16.834 -12.6371 -1.64637 -0.124341 -0.093341 0.987839 0
-12.85 3.75767 -0.663592 -0.094914 0.027755 0.995098 0
-17.398 5.34208 -1.22885 -0.128507 0.039458 0.990923 0
-11.8786 2.72898 -0.549727 -0.087739 0.020157 0.99594 0
-9.23822 6.85544 -0.489644 -0.068236 0.050636 0.996383 0
12.3609 -8.02662 -0.804611 0.091301 -0.059287 0.994057 0
-0.429243 15.8032 -0.926186 -0.003171 0.116728 0.993159 0
-11.6684 -10.9762 -0.951108 -0.086186 -0.081074 0.992975 0
-6.38627 11.7684 -0.663737 -0.047171 0.086925 0.995097 0
-18.77 -2.4137 -1.32919 -0.138641 -0.017828 0.990182 0
-15.5693 6.54231 -1.05743 -0.115 0.048323 0.992189 0
-9.96003 -7.73672 -0.588709 -0.073568 -0.057146 0.995652 0
7.1899 11.8003 -0.707021 0.053107 0.08716 0.994778 0
-12.1979 -8.71529 -0.832582 -0.090098 -0.064374 0.99385 0
-13.9888 -9.46988 -1.05803 -0.103325 -0.069947 0.992185 0
-11.1424 17.2117 -1.56159 -0.082301 0.127131 0.988466 0
-5.11011 -14.0635 -0.829424 -0.037745 -0.103878 0.993874 0
-0.608455 -7.78606 -0.225444 -0.004494 -0.05751 0.998335 0
-6.4711 -10.4146 -0.556368 -0.047798 -0.076925 0.99589 0
-6.93382 3.14509 -0.214259 -0.051215 0.023231 0.998417 0
12.6638 7.47495 -0.801004 0.093539 0.055212 0.994084 0
12.6097 -7.50117 -0.797385 0.093139 -0.055406 0.99411 0
-9.21169 9.11105 -0.621383 -0.06804 0.067297 0.99541 0
-11.9884 15.4179 -1.4161 -0.08855 0.113881 0.98954 0
0.844917 14.3111 -0.761167 0.006241 0.105706 0.994378 0
-13.7771 -1.74975 -0.714181 -0.101762 -0.012924 0.994725 0
-10.8361 8.31376 -0.690679 -0.080039 0.061408 0.994898 0
-11.2051 -2.77344 -0.492993 -0.082764 -0.020485 0.996359 0
0.696374 7.10489 -0.18835 0.005144 0.052479 0.998609 0
-3.73058 16.4325 -1.05275 -0.027555 0.121376 0.992224 0
-12.6293 -1.71212 -0.601214 -0.093284 -0.012646 0.995559 0
-10.1099 -12.6646 -0.973321 -0.074674 -0.093544 0.992811 0
-4.87772 -8.80927 -0.374988 -0.036028 -0.065068 0.99723 0
-16.2142 -5.9909 -1.10802 -0.119763 -0.044251 0.991816 0
-14.9976 8.88666 -1.12704 -0.110777 0.06564 0.991675 0
-10.4408 16.7218 -1.44296 -0.077119 0.123512 0.989342 0
-5.89258 8.32004 -0.384433 -0.043524 0.061454 0.99716 0
-7.62403 5.35808 -0.321075 -0.056313 0.039576 0.997628 0
-5.58168 -7.55812 -0.326426 -0.041228 -0.055827 0.997589 0
10.3131 -17.4171 -1.52169 0.076175 -0.128648 0.98876 0
10.2194 17.3597 -1.50705 0.075484 0.128224 0.988868 0
-11.5503 -3.50375 -0.53911 -0.085314 -0.02588 0.996018 0
-8.92866 1.54562 -0.303585 -0.06595 0.011416 0.997758 0
-9.84944 12.9813 -0.984203 -0.072751 0.095884 0.99273 0
-15.7221 -7.16559 -1.10704 -0.116128 -0.052927 0.991823 0
9.54239 20.7382 -1.93849 0.070483 0.153179 0.985682 0
-4.80796 -3.04858 -0.119749 -0.035513 -0.022518 0.999115 0
1.16773 15.7965 -0.929774 0.008625 0.116677 0.993132 0
2.08888 -3.91869 -0.072847 0.015429 -0.028945 0.999462 0
13.5153 -18.0476 -1.89071 0.099828 -0.133305 0.986035 0
5.9061 -7.34718 -0.328584 0.043624 -0.054268 0.997573 0
13.4774 -14.7788 -1.48561 0.099548 -0.109161 0.989027 0
-8.50911 20.829 -1.88276 -0.062851 0.153849 0.986093 0
-2.19335 -5.83994 -0.143798 -0.016201 -0.043136 0.998938 0
-12.6491 18.9842 -1.93575 -0.09343 0.140223 0.985702 0
20.4467 -9.19453 -1.86911 0.151026 -0.067914 0.986194 0
-5.59791 -0.09461 -0.115813 -0.041348 -0.000699 0.999145 0
8.29348 -10.9298 -0.697003 0.061258 -0.080731 0.994852 0
-9.59681 20.3098 -1.87652 -0.070885 0.150014 0.986139 0
-16.0932 -15.9191 -1.90581 -0.118869 -0.117583 0.985923 0
-6.56782 -2.2911 -0.178813 -0.048512 -0.016923 0.998679 0
-4.38379 -18.3896 -1.32641 -0.03238 -0.135831 0.990203 0
8.04143 7.39872 -0.441704 0.059396 0.054649 0.996737 0
8.66915 1.44997 -0.285621 0.064033 0.01071 0.99789 0
-20.1419 -9.00568 -1.80991 -0.148774 -0.066519 0.986631 0
13.7994 -8.79415 -0.99252 0.101927 -0.064956 0.992669 0
9.82088 -1.41072 -0.364043 0.07254 -0.01042 0.997311 0
-1.89213 5.28975 -0.116612 -0.013976 0.039072 0.999139 0
3.48032 -14.5351 -0.827511 0.025707 -0.107361 0.993888 0
-14.6969 -13.6515 -1.49423 -0.108556 -0.100834 0.988963 0
-9.82173 -15.4658 -1.24536 -0.072546 -0.114235 0.990801 0
-6.91783 -5.52757 -0.289892 -0.051097 -0.040828 0.997859 0
-20.1043 -0.193984 -1.50117 -0.148497 -0.001433 0.988912 0
-1.94337 7.2875 -0.210246 -0.014354 0.053828 0.998447 0
-16.8929 -6.33085 -1.20732 -0.124776 -0.046762 0.991082 0
-1.77333 3.82854 -0.065763 -0.013098 0.028279 0.999514 0
-4.36375 2.30322 -0.089948 -0.032232 0.017012 0.999336 0
0.837976 5.13722 -0.100096 0.00619 0.037945 0.999261 0
2.90806 3.41936 -0.074433 0.02148 0.025256 0.99945 0
1.81037 -2.81771 -0.041432 0.013372 -0.020812 0.999694 0
0.535544 -4.23088 -0.067184 0.003956 -0.031251 0.999504 0
1.85866 5.17588 -0.111743 0.013729 0.038231 0.999175 0
0.076259 -5.43251 -0.109058 0.000563 -0.040126 0.999194 0
-7.00162 -3.86902 -0.236539 -0.051716 -0.028578 0.998253 0
-5.8058 -1.84886 -0.13718 -0.042883 -0.013656 0.998987 0
-1.27005 9.11694 -0.313289 -0.009381 0.06734 0.997686 0
1.11683 6.08991 -0.141649 0.008249 0.044982 0.998954 0
-3.4868 5.85716 -0.171708 -0.025755 0.043263 0.998732 0
2.72275 4.74011 -0.110404 0.020111 0.035012 0.999185 0
-6.56117 1.05815 -0.16322 -0.048463 0.007816 0.998794 0
1.56725 -5.03803 -0.102849 0.011576 -0.037212 0.99924 0
8.86172 3.93288 -0.347594 0.065455 0.029049 0.997433 0
-8.50279 6.19414 -0.409321 -0.062804 0.045752 0.996977 0
7.0529 -2.56407 -0.20815 0.052095 -0.018939 0.998463 0
14.5391 -4.70635 -0.865248 0.10739 -0.034763 0.993609 0
0.593119 4.33905 -0.07085 0.004381 0.03205 0.999477 0
-3.64394 0.920936 -0.052181 -0.026915 0.006802 0.999615 0
-4.55534 1.12758 -0.081357 -0.033647 0.008329 0.999399 0
-0.596635 5.11342 -0.097915 -0.004407 0.037769 0.999277 0
-5.39841 1.53482 -0.116379 -0.039874 0.011337 0.99914 0
-2.91726 3.76718 -0.083868 -0.021548 0.027826 0.999381 0
-5.67701 -4.84368 -0.205827 -0.041932 -0.035777 0.99848 0
8.44601 5.52167 -0.376575 0.062385 0.040785 0.997218 0
-1.18014 10.0938 -0.381955 -0.008717 0.074556 0.997179 0
2.02305 4.21296 -0.080689 0.014943 0.031118 0.999404 0
2.51483 -0.720397 -0.025276 0.018575 -0.005321 0.999813 0
2.02543 -7.38095 -0.216521 0.01496 -0.054518 0.998401 0
-4.07624 -2.24114 -0.079938 -0.030108 -0.016554 0.99941 0
-5.85443 3.28366 -0.166504 -0.043243 0.024254 0.99877 0
-8.03912 5.81361 -0.363989 -0.059379 0.042941 0.997311 0
0.912366 -8.45667 -0.267455 0.006739 -0.062464 0.998024 0
6.94054 -0.742909 -0.180061 0.051265 -0.005487 0.99867 0
2.10806 2.18533 -0.034054 0.015571 0.016142 0.999748 0
-2.3857 3.12182 -0.057025 -0.017622 0.023059 0.999579 0
4.25543 1.32807 -0.073412 0.031432 0.00981 0.999458 0
-0.67598 4.25586 -0.068597 -0.004993 0.031435 0.999493 0
1.79918 2.77429 -0.040386 0.013289 0.020492 0.999702 0
-3.43303 2.22922 -0.061893 -0.025357 0.016466 0.999543 0
-2.66832 -4.55464 -0.102948 -0.019709 -0.033642 0.99924 0
-1.57438 -2.53046 -0.032806 -0.011629 -0.018691 0.999758 0
6.88298 0.630334 -0.176547 0.05084 0.004656 0.998696 0
6.13505 -4.90474 -0.228042 0.045315 -0.036228 0.998316 0
7.69077 -0.729972 -0.22059 0.056806 -0.005392 0.998371 0
2.07734 0.896324 -0.018906 0.015344 0.006621 0.99986 0
2.72911 1.89037 -0.04071 0.020158 0.013963 0.999699 0
-0.832617 3.51026 -0.048076 -0.00615 0.025928 0.999645 0
3.17713 1.05873 -0.041425 0.023467 0.00782 0.999694 0
-4.07153 -4.9906 -0.153291 -0.030074 -0.036862 0.998868 0
-17.3705 17.3705 -2.08227 -0.037007 0.037007 0.99863 0
17.3705 -17.3705 -2.08227 0.037007 -0.037007 0.99863 0
-17.3705 -17.3705 -2.08227 -0.037007 -0.037007 0.99863 0
9.53741 23.7421 -2.13575 0.019509 0.048564 0.99863 0
23.7421 9.53741 -2.13575 0.048564 0.019509 0.99863 0
-9.53741 -23.7421 -2.13575 -0.019509 -0.048564 0.99863 0
-24.0962 0.630953 -2.0581 -0.052318 0.00137 0.99863 0
0.767452 -25.4145 -2.12736 0.00158 -0.052312 0.99863 0
-0.767452 -25.4145 -2.12736 -0.00158 -0.052312 0.99863 0
-24.0962 -0.630953 -2.0581 -0.052318 -0.00137 0.99863 0
-10.408 23.1404 -2.12459 -0.021468 0.04773 0.99863 0
10.408 23.1404 -2.12459 0.021468 0.04773 0.99863 0
23.1404 10.408 -2.12459 0.04773 0.021468 0.99863 0
10.408 -23.1404 -2.12459 0.021468 -0.04773 0.99863 0
-18.7138 17.3426 -2.13198 -0.038387 0.035574 0.99863 0
17.3426 18.7138 -2.13198 0.035574 0.038387 0.99863 0
18.7138 17.3426 -2.13198 0.038387 0.035574 0.99863 0
-24.4348 1.31551 -2.07727 -0.05226 0.002814 0.99863 0
10.7873 22.0324 -2.08048 0.023014 0.047004 0.99863 0
22.0324 10.7873 -2.08048 0.047004 0.023014 0.99863 0
18.6344 15.4676 -2.06402 0.04027 0.033427 0.99863 0
15.4676 -18.6344 -2.06402 0.033427 -0.04027 0.99863 0
-15.4676 -18.6344 -2.06402 -0.033427 -0.04027 0.99863 0
-18.6344 -15.4676 -2.06402 -0.04027 -0.033427 0.99863 0
24.3465 -2.49983 -2.0775 0.052062 -0.005346 0.99863 0
2.49983 -24.3465 -2.0775 0.005346 -0.052062 0.99863 0
-24.6399 -2.92552 -2.09523 -0.051971 -0.006171 0.99863 0
-12.4182 21.4889 -2.09555 -0.026186 0.045314 0.99863 0
12.4182 21.4889 -2.09555 0.026186 0.045314 0.99863 0
21.4889 -12.4182 -2.09555 0.045314 -0.026186 0.99863 0
-12.4182 -21.4889 -2.09555 -0.026186 -0.045314 0.99863 0
-21.4889 -12.4182 -2.09555 -0.045314 -0.026186 0.99863 0
-24.68 4.48187 -2.10942 -0.051494 0.009351 0.99863 0
4.41287 24.7031 -2.10997 0.009203 0.05152 0.99863 0
24.7031 4.41287 -2.10997 0.05152 0.009203 0.99863 0
4.41287 -24.7031 -2.10997 0.009203 -0.05152 0.99863 0
-4.41287 -24.7031 -2.10997 -0.009203 -0.05152 0.99863 0
-24.68 -4.48187 -2.10942 -0.051494 -0.009351 0.99863 0
-20.6342 14.3533 -2.11213 -0.042964 0.029886 0.99863 0
-14.3533 20.6342 -2.11213 -0.029886 0.042964 0.99863 0
20.6342 14.3533 -2.11213 0.042964 0.029886 0.99863 0
14.3533 -20.6342 -2.11213 0.029886 -0.042964 0.99863 0
-14.3533 -20.6342 -2.11213 -0.029886 -0.042964 0.99863 0
-20.6342 -14.3533 -2.11213 -0.042964 -0.029886 0.99863 0
-5.41578 24.6947 -2.11979 -0.011211 0.051121 0.99863 0
5.41578 24.6947 -2.11979 0.011211 0.051121 0.99863 0
24.6947 -5.41578 -2.11979 0.051121 -0.011211 0.99863 0
-21.0058 13.1719 -2.09424 -0.04434 0.027804 0.99863 0
-13.1719 21.0058 -2.09424 -0.027804 0.04434 0.99863 0
13.1719 21.0058 -2.09424 0.027804 0.04434 0.99863 0
21.0058 -13.1719 -2.09424 0.04434 -0.027804 0.99863 0
13.1719 -21.0058 -2.09424 0.027804 -0.04434 0.99863 0
-21.0058 -13.1719 -2.09424 -0.04434 -0.027804 0.99863 0
-3.4698 24.5785 -2.09572 -0.007316 0.051822 0.99863 0
3.4698 24.5785 -2.09572 0.007316 0.051822 0.99863 0
24.5785 3.4698 -2.09572 0.051822 0.007316 0.99863 0
24.5785 -3.4698 -2.09572 0.051822 -0.007316 0.99863 0
-24.5123 -3.69049 -2.09395 -0.051753 -0.007792 0.99863 0
6.34318 24.1083 -2.1013 0.013317 0.050613 0.99863 0
6.34318 -24.1083 -2.1013 0.013317 -0.050613 0.99863 0
-6.34318 -24.1083 -2.1013 -0.013317 -0.050613 0.99863 0
-24.1061 -6.34821 -2.10126 -0.05061 -0.013328 0.99863 0
-15.2381 19.6817 -2.09933 -0.03204 0.041383 0.99863 0
19.6817 15.2381 -2.09933 0.041383 0.03204 0.99863 0
19.6817 -15.2381 -2.09933 0.041383 -0.03204 0.99863 0
-15.2381 -19.6817 -2.09933 -0.03204 -0.041383 0.99863 0
-19.6817 -15.2381 -2.09933 -0.041383 -0.03204 0.99863 0
11.7025 -21.937 -2.09787 0.024633 -0.046176 0.99863 0
-11.7025 -21.937 -2.09787 -0.024633 -0.046176 0.99863 0
-21.937 -11.7025 -2.09787 -0.046176 -0.024633 0.99863 0
-24.7498 -2.13901 -2.09675 -0.052142 -0.004506 0.99863 0
-0 24.8678 -2.0981 0 0.052336 0.99863 0
24.8678 0 -2.0981 0.052336 0 0.99863 0
0 -24.8678 -2.0981 0 -0.052336 0.99863 0
-25.1789 0.66581 -2.11487 -0.052318 0.001383 0.99863 0
-25.1789 -0.66581 -2.11487 -0.052318 -0.001383 0.99863 0
-24.9728 6.16265 -2.14287 -0.050812 0.012539 0.99863 0
6.15716 24.975 -2.14291 0.012527 0.050815 0.99863 0
24.975 6.15716 -2.14291 0.050815 0.012527 0.99863 0
24.975 -6.15716 -2.14291 0.050815 -0.012527 0.99863 0
6.15716 -24.975 -2.14291 0.012527 -0.050815 0.99863 0
-6.15716 -24.975 -2.14291 -0.012527 -0.050815 0.99863 0
-24.9728 -6.16265 -2.14287 -0.050812 -0.012539 0.99863 0
-20.5641 15.3758 -2.14051 -0.041915 0.03134 0.99863 0
20.5641 15.3758 -2.14051 0.041915 0.03134 0.99863 0
20.5641 -15.3758 -2.14051 0.041915 -0.03134 0.99863 0
15.3758 -20.5641 -2.14051 0.03134 -0.041915 0.99863 0
-15.3758 -20.5641 -2.14051 -0.03134 -0.041915 0.99863 0
-23.6478 -4.81792 -2.05963 -0.051282 -0.010448 0.99863 0
23.6566 -4.79392 -2.05983 0.051293 -0.010394 0.99863 0
23.6566 4.79392 -2.05983 0.051293 0.010394 0.99863 0
-23.6478 4.81792 -2.05963 -0.051282 0.010448 0.99863 0
-21.5628 13.8961 -2.13923 -0.043992 0.028351 0.99863 0
-13.8961 21.5628 -2.13923 -0.028351 0.043992 0.99863 0
13.8961 21.5628 -2.13923 0.028351 0.043992 0.99863 0
21.5628 13.8961 -2.13923 0.043992 0.028351 0.99863 0
13.8961 -21.5628 -2.13923 0.028351 -0.043992 0.99863 0
-21.5628 -13.8961 -2.13923 -0.043992 -0.028351 0.99863 0
-25.3075 4.10511 -2.13848 -0.051661 0.00838 0.99863 0
-4.03053 25.3306 -2.13906 -0.008224 0.051686 0.99863 0
25.3306 -4.03053 -2.13906 0.051686 -0.008224 0.99863 0
4.03053 -25.3306 -2.13906 0.008224 -0.051686 0.99863 0
-4.03053 -25.3306 -2.13906 -0.008224 -0.051686 0.99863 0
-20.6593 -12.3009 -2.05494 -0.044968 -0.026775 0.99863 0
20.6593 12.3009 -2.05494 0.044968 0.026775 0.99863 0
12.3009 20.6593 -2.05494 0.026775 0.044968 0.99863 0
-20.6593 12.3009 -2.05494 -0.044968 0.026775 0.99863 0
-23.8376 -3.12232 -2.05479 -0.051893 -0.006797 0.99863 0
-2.96357 -23.7811 -2.05079 -0.006472 -0.051934 0.99863 0
2.96357 -23.7811 -2.05079 0.006472 -0.051934 0.99863 0
2.96357 23.7811 -2.05079 0.006472 0.051934 0.99863 0
-23.8376 3.12232 -2.05479 -0.051893 0.006797 0.99863 0
12.528 22.3145 -2.13599 0.025621 0.045636 0.99863 0
22.3145 12.528 -2.13599 0.045636 0.025621 0.99863 0
-12.528 -22.3145 -2.13599 -0.025621 -0.045636 0.99863 0
-23.21 -6.89586 -2.06378 -0.050169 -0.014905 0.99863 0
6.89457 -23.2106 -2.06379 0.014903 -0.050169 0.99863 0
23.2106 6.89457 -2.06379 0.050169 0.014903 0.99863 0
-6.89457 23.2106 -2.06379 -0.014903 0.050169 0.99863 0
-23.21 6.89586 -2.06378 -0.050169 0.014905 0.99863 0
-25.4371 2.73727 -2.13564 -0.052036 0.0056 0.99863 0
-25.4371 -2.73727 -2.13564 -0.052036 -0.0056 0.99863 0
-11.0145 -21.3114 -2.05208 -0.024029 -0.046493 0.99863 0
11.0145 21.3114 -2.05208 0.024029 0.046493 0.99863 0
-11.0145 21.3114 -2.05208 -0.024029 0.046493 0.99863 0
-21.3114 11.0145 -2.05208 -0.046493 0.024029 0.99863 0
19.6395 13.671 -2.04891 0.042954 0.0299 0.99863 0
13.671 19.6395 -2.04891 0.0299 0.042954 0.99863 0
-13.671 19.6395 -2.04891 -0.0299 0.042954 0.99863 0
-23.905 -1.74823 -2.05099 -0.052197 -0.003817 0.99863 0
-23.905 1.74823 -2.05099 -0.052197 0.003817 0.99863 0
-23.0159 -7.85024 -2.06928 -0.049534 -0.016895 0.99863 0
7.84977 -23.0162 -2.06929 0.016894 -0.049534 0.99863 0
23.0162 -7.84977 -2.06929 0.049534 -0.016894 0.99863 0
23.0162 7.84977 -2.06929 0.049534 0.016894 0.99863 0
7.84977 23.0162 -2.06929 0.016894 0.049534 0.99863 0
1.74005 25.1556 -2.11634 0.003612 0.052211 0.99863 0
1.74005 -25.1556 -2.11634 0.003612 -0.052211 0.99863 0
-1.74005 -25.1556 -2.11634 -0.003612 -0.052211 0.99863 0
-16.2996 -18.0982 -2.07129 -0.035024 -0.038889 0.99863 0
18.0982 -16.2996 -2.07129 0.038889 -0.035024 0.99863 0
18.0982 16.2996 -2.07129 0.038889 0.035024 0.99863 0
-18.0982 16.2996 -2.07129 -0.038889 0.035024 0.99863 0
-23.8999 8.56427 -2.12537 -0.049268 0.017655 0.99863 0
-8.56395 23.9 -2.12537 -0.017654 0.049269 0.99863 0
8.56395 23.9 -2.12537 0.017654 0.049269 0.99863 0
8.56395 -23.9 -2.12537 0.017654 -0.049269 0.99863 0
-8.56395 -23.9 -2.12537 -0.017654 -0.049269 0.99863 0
-23.8999 -8.56427 -2.12537 -0.049268 -0.017655 0.99863 0
22.0501 -9.95064 -2.06265 0.047703 -0.021527 0.99863 0
22.0501 9.95064 -2.06265 0.047703 0.021527 0.99863 0
-9.95064 22.0501 -2.06265 -0.021527 0.047703 0.99863 0
-17.6293 19.1987 -2.16085 -0.035398 0.038549 0.99863 0
17.6293 19.1987 -2.16085 0.035398 0.038549 0.99863 0
19.1987 17.6293 -2.16085 0.038549 0.035398 0.99863 0
-19.1987 -17.6293 -2.16085 -0.038549 -0.035398 0.99863 0
-23.702 10.7308 -2.15839 -0.047677 0.021585 0.99863 0
-10.7308 -23.702 -2.15839 -0.021585 -0.047677 0.99863 0
-23.702 -10.7308 -2.15839 -0.047677 -0.021585 0.99863 0
9.08779 -22.7399 -2.07823 0.019422 -0.048599 0.99863 0
22.7399 -9.08779 -2.07823 0.048599 -0.019422 0.99863 0
22.7399 9.08779 -2.07823 0.048599 0.019422 0.99863 0
9.08779 22.7399 -2.07823 0.019422 0.048599 0.99863 0
-9.08779 22.7399 -2.07823 -0.019422 0.048599 0.99863 0
24.3495 0.901337 -2.07181 0.0523 0.001936 0.99863 0
24.3495 -0.901337 -2.07181 0.0523 -0.001936 0.99863 0
-20.2691 -13.3764 -2.06757 -0.043681 -0.028827 0.99863 0
20.2691 -13.3764 -2.06757 0.043681 -0.028827 0.99863 0
20.2691 13.3764 -2.06757 0.043681 0.028827 0.99863 0
-20.2691 13.3764 -2.06757 -0.043681 0.028827 0.99863 0
-19.5945 -14.3875 -2.06884 -0.042185 -0.030975 0.99863 0
14.3875 -19.5945 -2.06884 0.030975 -0.042185 0.99863 0
19.5945 14.3875 -2.06884 0.042185 0.030975 0.99863 0
14.3875 19.5945 -2.06884 0.030975 0.042185 0.99863 0
-19.5945 14.3875 -2.06884 -0.042185 0.030975 0.99863 0
-23.7511 -5.61395 -2.07388 -0.050933 -0.012039 0.99863 0
-5.60274 -23.7556 -2.07398 -0.012014 -0.050938 0.99863 0
5.60274 -23.7556 -2.07398 0.012014 -0.050938 0.99863 0
23.7556 -5.60274 -2.07398 0.050938 -0.012014 0.99863 0
5.60274 23.7556 -2.07398 0.012014 0.050938 0.99863 0
-5.60274 23.7556 -2.07398 -0.012014 0.050938 0.99863 0
-25.39 1.5307 -2.12789 -0.052241 0.003149 0.99863 0
-4.0507 -23.9943 -2.07012 -0.008712 -0.051606 0.99863 0
4.0507 -23.9943 -2.07012 0.008712 -0.051606 0.99863 0
4.0507 23.9943 -2.07012 0.008712 0.051606 0.99863 0
-4.0507 23.9943 -2.07012 -0.008712 0.051606 0.99863 0
-23.9691 -4.12726 -2.06949 -0.051577 -0.008881 0.99863 0
-11.3641 22.8163 -2.1307 -0.023333 0.046847 0.99863 0
11.3641 22.8163 -2.1307 0.023333 0.046847 0.99863 0
22.8163 -11.3641 -2.1307 0.046847 -0.023333 0.99863 0
11.3641 -22.8163 -2.1307 0.023333 -0.046847 0.99863 0
-22.8163 -11.3641 -2.1307 -0.046847 -0.023333 0.99863 0
1.73731 -24.0613 -2.05912 0.003769 -0.0522 0.99863 0
24.0613 -1.73731 -2.05912 0.0522 -0.003769 0.99863 0
24.0613 1.73731 -2.05912 0.0522 0.003769 0.99863 0
1.73731 24.0613 -2.05912 0.003769 0.0522 0.99863 0
-2.72193 25.2926 -2.12802 -0.0056 0.052035 0.99863 0
2.72193 -25.2926 -2.12802 0.0056 -0.052035 0.99863 0
-16.3591 -19.2688 -2.11953 -0.033872 -0.039897 0.99863 0
19.2688 16.3591 -2.11953 0.039897 0.033872 0.99863 0
16.3591 -19.2688 -2.11953 0.033872 -0.039897 0.99863 0
-19.2688 -16.3591 -2.11953 -0.039897 -0.033872 0.99863 0
-7.4722 24.124 -2.11838 -0.015485 0.049993 0.99863 0
7.4722 24.124 -2.11838 0.015485 0.049993 0.99863 0
24.124 -7.4722 -2.11838 0.049993 -0.015485 0.99863 0
-24.1235 -7.4734 -2.11837 -0.049992 -0.015487 0.99863 0
-26.5769 0.472105 -2.70529 -0.999842 0.017761 0 0
18.2617 20.6595 -2.98165 0 0 1 0
-27.5673 -0.598781 -2.98165 0 0 1 0
-27.5666 0.601386 -2.98165 0 0 1 0
26.2472 -8.4466 -2.98165 0 0 1 0
17.3455 21.4326 -2.98165 0 0 1 0
-10.4795 -25.5003 -2.98165 0 0 1 0
2.7594 -27.4292 -2.98165 0 0 1 0
2.7594 27.4292 -2.98165 0 0 1 0
5.18942 -27.0728 -2.98165 0 0 1 0
-12.7048 -24.4611 -2.98165 0 0 1 0
19.1608 -19.8121 -2.98165 0 0 1 0
19.1608 19.8121 -2.98165 0 0 1 0
26.8769 6.08948 -2.98165 0 0 1 0
26.8769 -6.08948 -2.98165 0 0 1 0
-27.4947 1.84055 -2.98165 0 0 1 0
25.822 -9.61623 -2.98165 0 0 1 0
25.822 9.61623 -2.98165 0 0 1 0
-21.9984 -16.5898 -2.98165 0 0 1 0
16.3427 22.1805 -2.98165 0 0 1 0
-9.32623 25.9227 -2.98165 0 0 1 0
1.53367 27.505 -2.98165 0 0 1 0
6.38573 26.7957 -2.98165 0 0 1 0
-13.7722 -23.8542 -2.98165 0 0 1 0
-13.7722 23.8542 -2.98165 0 0 1 0
20.0106 18.9259 -2.98165 0 0 1 0
-24.5812 -12.4215 -2.98165 0 0 1 0
-27.3678 3.06156 -2.98165 0 0 1 0
-27.3678 -3.06156 -2.98165 0 0 1 0
25.352 -10.7502 -2.98165 0 0 1 0
25.352 10.7502 -2.98165 0 0 1 0
-8.15737 26.2969 -2.98165 0 0 1 0
-8.15737 -26.2969 -2.98165 0 0 1 0
0.306709 27.5301 -2.98165 0 0 1 0
7.56878 26.4697 -2.98165 0 0 1 0
7.56878 -26.4697 -2.98165 0 0 1 0
20.8226 18.006 -2.98165 0 0 1 0
20.8226 -18.006 -2.98165 0 0 1 0
-25.097 -11.3082 -2.98165 0 0 1 0
-25.097 11.3082 -2.98165 0 0 1 0
-27.1907 -4.27554 -2.98165 0 0 1 0
24.8359 11.8631 -2.98165 0 0 1 0
-20.4123 18.4618 -2.98165 0 0 1 0
14.2885 -23.522 -2.98165 0 0 1 0
14.2885 23.522 -2.98165 0 0 1 0
-6.97473 26.6223 -2.98165 0 0 1 0
-6.97473 -26.6223 -2.98165 0 0 1 0
-0.919576 27.5045 -2.98165 0 0 1 0
-15.8256 -22.5122 -2.98165 0 0 1 0
-15.8256 22.5122 -2.98165 0 0 1 0
-25.5662 -10.1751 -2.98165 0 0 1 0
24.2746 -12.9533 -2.98165 0 0 1 0
13.2223 -24.1277 -2.98165 0 0 1 0
-5.78013 -26.8986 -2.98165 0 0 1 0
-5.78013 26.8986 -2.98165 0 0 1 0
9.88785 -25.6732 -2.98165 0 0 1 0
-16.8084 -21.7792 -2.98165 0 0 1 0
-16.8084 21.7792 -2.98165 0 0 1 0
-25.988 -9.02402 -2.98165 0 0 1 0
27.4825 -1.22548 -2.98165 0 0 1 0
-26.6873 -6.67496 -2.98165 0 0 1 0
-26.6873 6.67496 -2.98165 0 0 1 0
23.6689 -14.0191 -2.98165 0 0 1 0
23.6689 14.0191 -2.98165 0 0 1 0
-18.6787 -20.1952 -2.98165 0 0 1 0
-18.6787 20.1952 -2.98165 0 0 1 0
12.1324 -24.6886 -2.98165 0 0 1 0
12.1324 24.6886 -2.98165 0 0 1 0
-4.57545 27.1252 -2.98165 0 0 1 0
-17.7599 21.0065 -2.98165 0 0 1 0
-26.3619 -7.8567 -2.98165 0 0 1 0
3.97801 27.2851 -14.2211 0 0 -1 0
3.97801 -27.2851 -14.2211 0 0 -1 0
18.2617 20.6595 -14.2211 0 0 -1 0
26.5906 -7.29711 -14.2211 0 0 -1 0
-27.5673 0.598781 -14.2211 0 0 -1 0
-27.5666 -0.601386 -14.2211 0 0 -1 0
17.3455 -21.4326 -14.2211 0 0 -1 0
17.3455 21.4326 -14.2211 0 0 -1 0
-10.4795 25.5003 -14.2211 0 0 -1 0
-10.4795 -25.5003 -14.2211 0 0 -1 0
5.18942 -27.0728 -14.2211 0 0 -1 0
19.1608 -19.8121 -14.2211 0 0 -1 0
-24.0196 -13.5132 -14.2211 0 0 -1 0
-24.0196 13.5132 -14.2211 0 0 -1 0
26.8769 6.08948 -14.2211 0 0 -1 0
25.822 9.61623 -14.2211 0 0 -1 0
-21.9984 -16.5898 -14.2211 0 0 -1 0
16.3427 22.1805 -14.2211 0 0 -1 0
-9.32623 25.9227 -14.2211 0 0 -1 0
-9.32623 -25.9227 -14.2211 0 0 -1 0
1.53367 -27.505 -14.2211 0 0 -1 0
1.53367 27.505 -14.2211 0 0 -1 0
6.38573 -26.7957 -14.2211 0 0 -1 0
-13.7722 -23.8542 -14.2211 0 0 -1 0
-13.7722 23.8542 -14.2211 0 0 -1 0
20.0106 18.9259 -14.2211 0 0 -1 0
20.0106 -18.9259 -14.2211 0 0 -1 0
-24.5812 12.4215 -14.2211 0 0 -1 0
27.1036 4.88294 -14.2211 0 0 -1 0
-27.3678 3.06156 -14.2211 0 0 -1 0
-27.3678 -3.06156 -14.2211 0 0 -1 0
25.352 10.7502 -14.2211 0 0 -1 0
-21.2244 17.5425 -14.2211 0 0 -1 0
15.3291 -22.8727 -14.2211 0 0 -1 0
15.3291 22.8727 -14.2211 0 0 -1 0
-8.15737 -26.2969 -14.2211 0 0 -1 0
0.306709 -27.5301 -14.2211 0 0 -1 0
7.56878 26.4697 -14.2211 0 0 -1 0
-14.813 -23.2042 -14.2211 0 0 -1 0
-14.813 23.2042 -14.2211 0 0 -1 0
20.8226 18.006 -14.2211 0 0 -1 0
-25.097 -11.3082 -14.2211 0 0 -1 0
27.2803 3.66884 -14.2211 0 0 -1 0
27.2803 -3.66884 -14.2211 0 0 -1 0
-27.1907 4.27554 -14.2211 0 0 -1 0
24.8359 -11.8631 -14.2211 0 0 -1 0
24.8359 11.8631 -14.2211 0 0 -1 0
-20.4123 18.4618 -14.2211 0 0 -1 0
-20.4123 -18.4618 -14.2211 0 0 -1 0
-6.97473 26.6223 -14.2211 0 0 -1 0
-6.97473 -26.6223 -14.2211 0 0 -1 0
-0.919576 27.5045 -14.2211 0 0 -1 0
-15.8256 -22.5122 -14.2211 0 0 -1 0
21.5956 17.0539 -14.2211 0 0 -1 0
21.5956 -17.0539 -14.2211 0 0 -1 0
-25.5662 -10.1751 -14.2211 0 0 -1 0
-25.5662 10.1751 -14.2211 0 0 -1 0
27.4066 -2.44905 -14.2211 0 0 -1 0
-26.9637 -5.48062 -14.2211 0 0 -1 0
24.2746 -12.9533 -14.2211 0 0 -1 0
-5.78013 -26.8986 -14.2211 0 0 -1 0
-2.14329 -27.4284 -14.2211 0 0 -1 0
9.88785 25.6732 -14.2211 0 0 -1 0
-16.8084 -21.7792 -14.2211 0 0 -1 0
22.3284 16.071 -14.2211 0 0 -1 0
22.3284 -16.071 -14.2211 0 0 -1 0
-25.988 9.02402 -14.2211 0 0 -1 0
27.4825 -1.22548 -14.2211 0 0 -1 0
27.4825 1.22548 -14.2211 0 0 -1 0
-26.6873 -6.67496 -14.2211 0 0 -1 0
23.6689 -14.0191 -14.2211 0 0 -1 0
23.6689 14.0191 -14.2211 0 0 -1 0
-18.6787 20.1952 -14.2211 0 0 -1 0
-18.6787 -20.1952 -14.2211 0 0 -1 0
12.1324 -24.6886 -14.2211 0 0 -1 0
12.1324 24.6886 -14.2211 0 0 -1 0
-4.57545 -27.1252 -14.2211 0 0 -1 0
-3.36254 -27.3019 -14.2211 0 0 -1 0
-3.36254 27.3019 -14.2211 0 0 -1 0
11.0203 -25.2041 -14.2211 0 0 -1 0
11.0203 25.2041 -14.2211 0 0 -1 0
-17.7599 21.0065 -14.2211 0 0 -1 0
23.0198 -15.0589 -14.2211 0 0 -1 0
23.0198 15.0589 -14.2211 0 0 -1 0
-26.3619 7.8567 -14.2211 0 0 -1 0
-13.1107 -25.7181 -8.54908 -0.454174 -0.890913 0 0
-25.7212 13.1045 -10.6163 -0.891022 0.45396 0 0
-25.7212 -13.1045 -10.6163 -0.891022 -0.45396 0 0
-25.7199 -13.1071 -6.62611 -0.890977 -0.454049 0 0
-25.7199 13.1071 -6.62611 -0.890977 0.454049 0 0
13.0992 25.7239 -10.7998 0.453777 0.891115 0 0
4.53145 -28.5092 -10.5813 0.156976 -0.987602 0 0
28.4744 4.74516 -10.6992 0.986397 0.164379 0 0
-28.4957 -4.61584 -11.3335 -0.987133 -0.1599 0 0
28.4744 -4.74515 -10.6992 0.986397 -0.164379 0 0
20.3952 -20.429 -10.5813 0.706522 -0.707692 0 0
20.3952 20.429 -10.5813 0.706522 0.707691 0 0
-20.3952 -20.429 -10.5813 -0.706522 -0.707691 0 0
25.7192 13.1085 -6.40301 0.890952 0.454098 0 0
-4.50615 -28.5132 -6.62155 -0.1561 -0.987741 0 0
20.4219 20.4023 -6.62155 0.707446 0.706768 0 0
-28.4919 -4.63887 -6.40898 -0.987004 -0.160698 0 0
28.4963 4.61168 -6.46757 0.987157 0.159756 0 0
28.5317 4.38755 -11.7002 0.988382 0.151991 0 0
-4.00622 -28.5878 -5.44461 -0.138782 -0.990323 0 0
-5.04323 28.4231 -11.7582 -0.174705 0.984621 0 0
5.04323 -28.4231 -11.7582 0.174705 -0.984621 0 0
5.04323 28.4231 -11.7582 0.174705 0.984621 0 0
20.7825 -20.0349 -5.44461 0.719936 -0.69404 0 0
20.0113 20.8052 -11.7582 0.693222 0.720724 0 0
12.6081 25.9682 -5.44461 0.436764 0.899576 0 0
13.7104 -25.4034 -11.8661 0.474949 -0.880013 0 0
12.4646 26.0373 -11.8661 0.431792 0.901973 0 0
12.4646 -26.0374 -11.8661 0.431792 -0.901973 0 0
26.0276 12.485 -5.33672 0.901634 0.4325 0 0
28.3929 -5.21105 -11.942 0.983572 -0.180519 0 0
25.3917 13.7322 -5.33671 0.879606 0.475703 0 0
25.3917 -13.7322 -5.33672 0.879605 -0.475704 0 0
-4.09348 -28.5754 -11.7712 -0.141804 -0.989895 0 0
-4.09347 28.5754 -11.7712 -0.141804 0.989895 0 0
4.09347 -28.5754 -11.7712 0.141804 -0.989895 0 0
3.89867 28.6026 -5.37868 0.135056 0.990838 0 0
-20.9284 -19.8824 -5.33672 -0.724993 -0.688757 0 0
20.1025 20.7171 -5.43157 0.696382 0.717671 0 0
-28.5651 -4.16438 -12.1556 -0.98954 -0.14426 0 0
-28.5651 4.16439 -12.1556 -0.98954 0.144261 0 0
28.5901 3.98934 -12.7959 0.990405 0.138197 0 0
28.5901 -3.98936 -12.7959 0.990405 -0.138198 0 0
13.4911 -25.5205 -12.9418 0.467354 -0.88407 0 0
3.5893 28.6431 -12.8848 0.124339 0.99224 0 0
-3.5893 -28.6431 -12.8848 -0.124339 -0.99224 0 0
19.7254 21.0765 -4.31805 0.683318 0.730121 0 0
12.6504 25.9476 -12.9418 0.438229 0.898863 0 0
4.10226 -28.5741 -4.24754 0.142108 -0.989851 0 0
4.10226 28.5741 -4.24754 0.142109 0.989851 0 0
21.0182 -19.7874 -12.8848 0.728104 -0.685467 0 0
-28.371 -5.3288 -13.1041 -0.982814 -0.184598 0 0
-28.371 5.32881 -13.1041 -0.982814 0.184598 0 0
13.8918 -25.3047 -4.31805 0.481232 -0.876593 0 0
-28.3866 5.24493 -4.44382 -0.983355 0.181692 0 0
-28.3866 -5.24493 -4.44381 -0.983355 -0.181692 0 0
-28.6428 -3.59159 -12.5729 -0.99223 -0.124418 0 0
-28.6312 3.68302 -4.65961 -0.991828 0.127585 0 0
3.09254 -28.701 -4.38196 0.10713 -0.994245 0 0
-5.48922 -28.3404 -4.31805 -0.190155 -0.981754 0 0
-11.7785 -26.3548 -12.8657 -0.408027 -0.91297 0 0
-11.7785 26.3548 -12.8657 -0.408026 0.91297 0 0
11.7954 -26.3473 -12.8256 0.40861 -0.912709 0 0
25.0341 -14.3738 -4.37721 0.867218 -0.497929 0 0
-26.2025 -12.1136 -4.41451 -0.907694 -0.419634 0 0
-26.2025 12.1136 -4.41451 -0.907694 0.419634 0 0
26.3316 11.8304 -4.37721 0.912166 0.409822 0 0
-25.1882 14.102 -4.41451 -0.872556 0.488515 0 0
-25.1882 -14.102 -4.41451 -0.872556 -0.488515 0 0
26.2255 -12.0637 -12.8101 0.908491 -0.417905 0 0
-14.3476 25.0491 -12.8657 -0.497021 0.867738 0 0
-14.3476 -25.0491 -12.8657 -0.497021 -0.867738 0 0
-3.36458 28.6704 -4.40933 -0.116554 0.993184 0 0
5.69745 -28.2993 -12.7935 0.197368 -0.980329 0 0
-5.69745 -28.2993 -12.7935 -0.197368 -0.980329 0 0
21.2359 19.5536 -4.40933 0.735645 0.677367 0 0
21.2359 -19.5536 -4.40933 0.735645 -0.677367 0 0
19.5051 21.2805 -12.7935 0.675687 0.737189 0 0
-19.5051 -21.2805 -12.7935 -0.675687 -0.737189 0 0
11.9839 -26.2621 -4.40933 0.41514 -0.909757 0 0
-28.7158 -2.9521 -4.17285 -0.994757 -0.102265 0 0
28.6493 -3.5393 -4.32932 0.992455 -0.122607 0 0
28.6493 3.5393 -4.32931 0.992455 0.122607 0 0
-28.8635 0.454712 -13.5436 -0.999876 0.015752 0 0
28.7013 3.08931 -12.9262 0.994257 0.107018 0 0
28.7013 -3.08933 -12.9262 0.994257 -0.107019 0 0
-18.3021 22.3236 -3.86624 -0.634013 0.773322 0 0
-18.3021 -22.3236 -3.86625 -0.634013 -0.773322 0 0
-21.4445 -19.3246 -4.37721 -0.742871 -0.669434 0 0
28.2308 -6.02756 -12.8625 0.977958 -0.208804 0 0
-15.5254 24.3366 -3.86625 -0.537823 0.843058 0 0
-11.4935 -26.4803 -4.21598 -0.398152 -0.917319 0 0
-11.4935 26.4803 -4.21598 -0.398153 0.917319 0 0
-21.6222 19.1257 -13.0061 -0.749025 0.662542 0 0
21.6222 -19.1257 -13.0061 0.749025 -0.662542 0 0
18.366 22.271 -13.3366 0.636228 0.771501 0 0
10.5908 -26.8542 -3.86624 0.36688 -0.930268 0 0
28.7626 2.4542 -13.0111 0.996379 0.085017 0 0
28.7626 -2.4542 -13.0112 0.996379 -0.085017 0 0
27.9579 -7.18768 -3.86624 0.968506 -0.248992 0 0
7.16531 -27.9637 -13.3366 0.248217 -0.968704 0 0
7.16531 27.9637 -13.3365 0.248217 0.968704 0 0
-7.16531 -27.9637 -13.3365 -0.248217 -0.968704 0 0
-28.8177 1.68836 -13.4058 -0.998288 0.058488 0 0
-28.8177 -1.68836 -13.4058 -0.998288 -0.058487 0 0
-1.86275 28.8069 -3.86624 -0.064528 0.997916 0 0
25.0972 14.2633 -12.9103 0.869404 0.494102 0 0
-26.813 10.6945 -13.3366 -0.928843 0.370474 0 0
26.813 -10.6945 -13.3366 0.928843 -0.370474 0 0
-26.813 -10.6945 -13.3365 -0.928843 -0.370474 0 0
-13.0993 25.7239 -10.7739 -0.453778 0.891115 0 0
-12.9527 25.798 -6.28312 -0.4487 0.893683 0 0
-12.5274 -26.0072 -11.9655 -0.433968 -0.900928 0 0
-13.621 25.4515 -5.46921 -0.471854 0.881677 0 0
-13.6211 -25.4514 -5.46922 -0.471854 -0.881677 0 0
-4.95841 28.4381 -5.43157 -0.171767 0.985138 0 0
20.6923 20.128 -11.7712 0.716813 0.697265 0 0
-20.6923 20.128 -11.7712 -0.716813 0.697265 0 0
13.4661 -25.5338 -5.43157 0.466486 -0.884529 0 0
-20.452 20.3721 -5.11968 -0.708489 0.705722 0 0
4.94712 -28.44 -5.20466 0.171376 -0.985206 0 0
4.94715 28.44 -5.20466 0.171377 0.985206 0 0
-28.4798 -4.7126 -12.6163 -0.986584 -0.163252 0 0
28.5679 4.14553 -5.32144 0.989635 0.143608 0 0
28.5679 -4.14554 -5.32146 0.989635 -0.143608 0 0
25.4874 13.5536 -11.9606 0.882923 0.469518 0 0
25.4874 -13.5536 -11.9606 0.882923 -0.469518 0 0
-25.9357 -12.6746 -5.4536 -0.898453 -0.439069 0 0
-25.7754 12.9977 -12.9081 -0.892898 0.450259 0 0
25.7754 -12.9977 -12.9081 0.892898 -0.450259 0 0
25.7209 13.1052 -9.45882 0.89101 0.453984 0 0
-25.7132 13.1202 -4.36792 -0.890745 0.454503 0 0
-25.7132 -13.1202 -4.36792 -0.890745 -0.454503 0 0
28.4792 -4.71628 -12.6986 0.986563 -0.163379 0 0
28.4792 4.71627 -12.6986 0.986563 0.163379 0 0
25.4937 13.5418 -4.26098 0.883141 0.469108 0 0
-4.51894 -28.5112 -9.45182 -0.156543 -0.987671 0 0
-4.51894 28.5112 -9.45182 -0.156543 0.987671 0 0
20.4087 -20.4155 -9.45182 0.70699 -0.707224 0 0
20.4087 20.4155 -9.45182 0.70699 0.707224 0 0
4.5104 -28.5126 -7.74238 0.156247 -0.987718 0 0
-4.51387 -28.512 -7.75099 -0.156367 -0.987699 0 0
-20.4146 -20.4097 -7.70728 -0.707192 -0.707022 0 0
20.4141 20.4102 -7.75099 0.707174 0.707039 0 0
20.4141 -20.4102 -7.75099 0.707175 -0.707039 0 0
13.1015 -25.7228 -7.75099 0.453855 -0.891075 0 0
-13.4008 25.5681 -6.65484 -0.464223 0.885718 0 0
28.4837 4.68932 -9.02801 0.986718 0.162445 0 0
-28.4762 4.73451 -10.251 -0.986459 0.164011 0 0
28.4965 4.61063 -7.35842 0.987163 0.159719 0 0
13.1042 25.7214 -9.49553 0.453948 0.891028 0 0
25.7205 13.106 -7.70728 0.890995 0.454012 0 0
25.7205 -13.106 -7.70728 0.890996 -0.454012 0 0
-4.44697 -28.5225 -4.34581 -0.15405 -0.988063 0 0
-4.44696 28.5225 -4.34581 -0.154049 0.988063 0 0
20.2777 20.5456 -12.857 0.702451 0.711732 0 0
-20.2777 -20.5456 -12.857 -0.702451 -0.711732 0 0
-20.2777 20.5456 -12.857 -0.702451 0.711732 0 0
20.2777 -20.5456 -12.857 0.702451 -0.711732 0 0
12.951 -25.7989 -4.34581 0.448641 -0.893712 0 0
-20.1412 20.6795 -4.26098 -0.697723 0.716368 0 0
-20.1412 -20.6794 -4.26098 -0.697723 -0.716367 0 0
4.9857 28.4333 -4.04866 0.172712 0.984972 0 0
4.98569 -28.4333 -4.04866 0.172712 -0.984972 0 0
-12.4539 26.0425 -5.48213 -0.431422 0.90215 0 0
-28.5691 4.13733 -13.0558 -0.989676 0.143323 0 0
-28.4077 5.12964 -5.58435 -0.984085 0.177699 0 0
-19.4306 21.3486 -4.37721 -0.673105 0.739547 0 0
5.84893 -28.2683 -4.31981 0.202616 -0.979258 0 0
-13.0768 25.7353 -12.6506 -0.452999 0.891511 0 0
-12.9433 25.8027 -4.85373 -0.448375 0.893846 0 0
-13.1052 -25.7208 -9.33346 -0.453986 -0.891009 0 0
-13.1052 25.7208 -9.33346 -0.453986 0.891009 0 0
-13.1267 -25.7099 -7.66007 -0.454728 -0.89063 0 0
-13.1267 25.7099 -7.66007 -0.454728 0.89063 0 0
-13.5263 -25.5019 -4.23794 -0.468571 -0.883426 0 0
-13.5263 25.502 -4.23794 -0.46857 0.883426 0 0
-12.4881 -26.0261 -13.0832 -0.432606 -0.901583 0 0
-13.6458 25.4382 -13.0832 -0.472711 0.881218 0 0
24.7173 14.9119 -13.329 0.856244 0.516572 0 0
24.7173 -14.9119 -13.329 0.856244 -0.516572 0 0
-28.54 -4.33355 -4.15683 -0.988668 -0.150121 0 0
-25.9492 12.6471 -11.8069 -0.898919 0.438114 0 0
25.4629 13.5996 -12.9365 0.882074 0.471111 0 0
-13.0887 25.7293 -11.8389 -0.453411 0.891302 0 0
-25.4171 -8.3565 -7.34524 -0.931983 -0.285385 -0.223525 0
-26.2772 -8.78229 -11.9228 -0.778945 -0.20962 0.59102 0
-26.0705 -7.96996 -6.03115 -0.815712 -0.354169 -0.45736 0
-26.622 -8.49238 -4.97314 -0.717592 -0.261207 -0.645626 0
-26.0484 -10.3115 -11.8015 -0.819652 0.062502 0.569442 0
-26.4965 -9.46507 -4.85362 -0.739923 -0.088123 -0.666894 0
-26.4857 -10.5243 -12.3274 -0.741839 0.100353 0.663027 0
-25.0566 -9.47888 -8.49067 -0.996129 -0.085666 -0.019703 0
-26.1601 -6.71483 -7.68082 -0.799779 -0.577512 -0.163811 0
-25.2249 -10.6417 -9.87997 -0.966197 0.121245 0.227515 0
-26.8507 -6.14428 -7.00457 -0.676883 -0.679038 -0.284144 0
-25.3267 -9.95355 -10.3888 -0.948073 -0.001201 0.318052 0
-25.7065 -9.5336 -11.2312 -0.880484 -0.075928 0.467956 0
-27.0258 -6.98377 -11.6923 -0.645724 -0.529654 0.550007 0
-25.8552 -10.9679 -5.857 -0.854029 0.179302 -0.488349 0
-26.698 -7.57341 -5.40307 -0.704061 -0.424732 -0.569123 0
-25.9601 -9.96804 -5.51225 -0.835365 0.001378 -0.549694 0
-25.5922 -7.52227 -8.50736 -0.900838 -0.433833 -0.016734 0
-25.8807 -8.33939 -11.0841 -0.849488 -0.288431 0.441789 0
-26.7701 -8.79932 -12.4929 -0.691238 -0.206588 0.692468 0
-25.1149 -10.9042 -8.65065 -0.985756 0.167956 0.008764 0
-26.8263 -5.96039 -9.56395 -0.681222 -0.711759 0.17128 0
-25.6056 -10.9158 -10.8765 -0.898443 0.170023 0.404837 0
-25.5634 -8.68086 -6.59547 -0.905958 -0.227668 -0.356942 0
-27.2014 -6.65079 -5.65121 -0.614491 -0.588906 -0.524967 0
-25.4246 -11.6592 -7.44307 -0.930657 0.302312 -0.206118 0
-25.4441 -11.6489 -9.85853 -0.927185 0.300477 0.2237 0
-27.5432 -5.5199 -7.1238 -0.553665 -0.790142 -0.262928 0
-25.4684 -12.0832 -9.02273 -0.922861 0.377765 0.074974 0
-26.1027 -9.53967 -11.8701 -0.809988 -0.074847 0.581651 0
-25.7051 -7.41586 -9.38221 -0.880737 -0.452767 0.138941 0
-26.3089 -8.23084 -5.48607 -0.773295 -0.307747 -0.554353 0
-27.5685 -5.29466 -8.06388 -0.549166 -0.830222 -0.095647 0
-27.5601 -5.29469 -9.08859 -0.55066 -0.830216 0.086694 0
-26.4314 -7.84421 -11.6457 -0.751507 -0.376544 0.541711 0
-25.1139 -9.72457 -9.51028 -0.985943 -0.041946 0.16173 0
-25.4747 8.17926 -7.34524 -0.921735 0.316924 -0.223525 0
-25.4164 8.02406 -9.22879 -0.932109 0.344542 0.111641 0
-25.3866 8.94786 -6.9269 -0.937422 0.180156 -0.297967 0
-26.4208 8.34031 -11.9228 -0.753391 0.288266 0.59102 0
-25.7761 8.87605 -6.03115 -0.8681 0.192935 -0.45736 0
-26.5293 8.77751 -4.97314 -0.734078 0.210469 -0.645626 0
-27.1346 6.96865 -11.8015 -0.626374 0.532345 0.569442 0
-26.6451 9.52684 -4.68766 -0.713473 0.07713 -0.696424 0
-26.9995 7.91683 -4.85362 -0.650408 0.363623 -0.666894 0
-26.4589 10.4769 -12.3041 -0.746611 -0.091932 0.658879 0
-25.2088 9.89016 -9.9867 -0.969061 0.01248 0.246507 0
-26.5584 6.30172 -7.41093 -0.728901 0.651022 -0.211837 0
-26.6624 6.21751 -9.87997 -0.710404 0.666006 0.227515 0
-26.3403 6.83408 -10.3888 -0.767712 0.556292 0.318052 0
-26.4007 7.39708 -11.2312 -0.756956 0.456108 0.467956 0
-25.5571 9.57954 -10.9364 -0.907068 0.067754 0.415496 0
-26.8612 7.19465 -5.51225 -0.675015 0.49213 -0.549694 0
-25.13 10.9848 -8.4987 -0.983073 -0.182303 -0.018275 0
-25.2313 8.79276 -7.70361 -0.965047 0.207757 -0.159756 0
-27.0836 7.87755 -12.4082 -0.635437 0.370612 0.677397 0
-27.4951 6.96023 -5.05193 -0.562213 0.533844 -0.631606 0
-25.8397 8.46561 -11.0841 -0.856786 0.265971 0.441789 0
-26.7277 5.94053 -8.65065 -0.698771 0.715292 0.008764 0
-25.2308 11.0922 -7.66183 -0.965133 -0.201411 -0.167189 0
-25.2064 10.9461 -9.56395 -0.969481 -0.175413 0.17128 0
-27.1315 6.21955 -10.8765 -0.626919 0.665643 0.404837 0
-27.1663 6.00359 -6.66287 -0.620721 0.704071 -0.344949 0
-25.7837 8.00282 -6.59547 -0.866755 0.348321 -0.356942 0
-25.6927 11.2378 -6.29308 -0.882955 -0.227321 -0.410751 0
-25.9156 10.608 -5.65121 -0.843284 -0.115246 -0.524967 0
-25.807 7.68492 -10.3057 -0.862607 0.404889 0.303272 0
-27.7067 5.1944 -9.02273 -0.524565 0.848063 0.074974 0
-27.7051 5.19118 -8.23051 -0.524845 0.848636 -0.065998 0
-25.4155 11.9209 -8.06388 -0.932277 -0.348872 -0.095647 0
-25.4087 11.9159 -9.08859 -0.933482 -0.347989 0.086694 0
-26.0335 6.89423 -9.51028 -0.8223 0.545588 0.16173 0
-25.8681 7.24742 -7.45647 -0.851737 0.482739 -0.203733 0
-21.7004 15.6511 -7.34524 -0.778687 0.586245 -0.223525 0
-21.379 16.3548 -6.9269 -0.83587 0.461018 -0.297967 0
-21.7717 16.4069 -6.03115 -0.765992 0.45175 -0.45736 0
-23.2316 15.8727 -4.85362 -0.506209 0.546813 -0.666894 0
-21.9263 18.1404 -12.3041 -0.738478 0.143283 0.658879 0
-24.0822 15.2414 -12.3274 -0.354855 0.659146 0.663027 0
-20.8089 17.2171 -7.68082 -0.937315 0.307582 -0.163811 0
-20.9187 17.196 -9.9867 -0.917775 0.311325 0.246507 0
-23.4361 14.1523 -9.87997 -0.469827 0.852936 0.227515 0
-22.9393 14.6392 -10.3888 -0.558234 0.766301 0.318052 0
-21.3461 17.0083 -10.9364 -0.841736 0.344737 0.415496 0
-21.5354 17.7594 -11.6923 -0.808046 0.211078 0.550007 0
-24.0706 14.4705 -5.857 -0.356927 0.796315 -0.488349 0
-21.8197 17.1476 -5.40307 -0.757452 0.319946 -0.569123 0
-23.3233 15.1431 -5.51225 -0.489901 0.676634 -0.549694 0
-20.5056 18.2128 -8.4987 -0.991292 0.130405 -0.018275 0
-21.1283 16.283 -8.50736 -0.880477 0.473793 -0.016734 0
-22.327 17.1224 -12.3696 -0.667182 0.32443 0.670532 0
-23.3238 15.8613 -12.4082 -0.489811 0.548834 0.677397 0
-22.8538 16.4853 -12.4929 -0.573433 0.437794 0.692468 0
-20.5902 18.1995 -9.56395 -0.976237 0.132759 0.17128 0
-20.9148 18.3344 -10.7383 -0.91847 0.108767 0.380241 0
-22.0487 15.5787 -6.59547 -0.716696 0.599115 -0.356942 0
-20.9625 18.6272 -6.29308 -0.909986 0.056653 -0.410751 0
-24.3767 13.7158 -7.44307 -0.302451 0.930612 -0.206118 0
-24.3798 13.7377 -9.85853 -0.301895 0.926724 0.2237 0
-24.745 13.4985 -8.23051 -0.236914 0.969286 -0.065998 0
-23.0605 15.5103 -11.8701 -0.536652 0.611299 0.581651 0
-21.1086 16.4369 -9.38221 -0.88398 0.446401 0.138941 0
-22.1229 16.4464 -5.48607 -0.703504 0.44472 -0.554353 0
-20.4829 19.1844 -9.08859 -0.995328 -0.042495 0.086694 0
-22.6289 14.6016 -9.51028 -0.613458 0.772989 0.16173 0
-22.3624 14.8864 -7.45647 -0.660875 0.722314 -0.203733 0
-15.8018 21.5908 -7.34524 -0.559416 0.798179 -0.223525 0
-15.8459 21.431 -9.22879 -0.551576 0.82662 0.111641 0
-15.3913 22.0217 -10.185 -0.632466 0.721512 0.281793 0
-15.2787 22.1608 -6.9269 -0.652497 0.696752 -0.297967 0
-16.5375 21.9522 -5.63941 -0.42851 0.733879 -0.527068 0
-16.3034 22.6947 -4.97314 -0.470171 0.601753 -0.645626 0
-17.8563 21.5871 -11.8015 -0.193843 0.798849 0.569442 0
-17.1897 22.2748 -4.85362 -0.312459 0.676477 -0.666894 0
-15.2475 24.0282 -12.3041 -0.658057 0.364472 0.658879 0
-18.1937 21.9372 -12.3274 -0.1338 0.736541 0.663027 0
-14.4701 22.8047 -7.68082 -0.796392 0.582174 -0.163811 0
-14.4007 22.7888 -8.94382 -0.808735 0.585009 0.060933 0
-17.7821 20.7088 -7.41093 -0.207032 0.955125 -0.211837 0
-17.2928 21.0113 -10.3888 -0.294112 0.9013 0.318052 0
-17.0107 21.5023 -11.2312 -0.344297 0.813927 0.467956 0
-15.0455 22.7721 -10.9364 -0.694009 0.587975 0.415496 0
-18.4208 21.2005 -5.857 -0.093383 0.867638 -0.488349 0
-15.4529 23.051 -5.40307 -0.621511 0.538352 -0.569123 0
-15.2443 21.9441 -7.70361 -0.658623 0.735319 -0.159756 0
-15.0625 22.0151 -8.50736 -0.690974 0.722686 -0.016734 0
-15.9431 23.1838 -12.3696 -0.534273 0.514722 0.670532 0
-17.2808 22.2924 -12.4082 -0.296238 0.673332 0.677397 0
-15.2286 23.9333 -4.972 -0.661416 0.381357 -0.645829 0
-18.1529 21.7922 -5.05193 -0.141054 0.76235 -0.631606 0
-15.9288 22.037 -11.0841 -0.53682 0.718781 0.441789 0
-18.1314 20.5162 -8.65065 -0.144879 0.989411 0.008764 0
-13.8924 23.8041 -7.66183 -0.899195 0.404346 -0.167189 0
-18.4492 20.825 -6.66287 -0.088331 0.934456 -0.344949 0
-14.1804 24.1933 -6.29308 -0.847941 0.335081 -0.410751 0
-14.731 23.8148 -5.65121 -0.749971 0.402434 -0.524967 0
-13.761 24.4894 -7.1238 -0.922561 0.282399 -0.262928 0
-13.7162 24.5776 -10.0114 -0.930545 0.26671 0.250902 0
-19.3626 20.4844 -8.23051 0.074207 0.995057 -0.065998 0
-15.9579 22.4778 -5.48607 -0.531646 0.640348 -0.554353 0
-13.5546 24.583 -8.06388 -0.95929 0.265735 -0.095647 0
-13.5521 24.575 -9.08859 -0.959745 0.267158 0.086694 0
-17.0092 20.8797 -9.51028 -0.344566 0.924726 0.16173 0
-16.6678 21.0682 -7.45647 -0.405322 0.891183 -0.203733 0
-0.232359 27.7049 -11.9228 0.041347 0.805597 0.59102 0
0.826779 28.285 -4.68766 -0.14712 0.702388 -0.696424 0
-1.27202 26.7594 -8.49067 0.226347 0.973847 -0.019703 0
1.69773 26.9547 -7.68082 -0.302101 0.939096 -0.163811 0
1.61617 27.0312 -9.9867 -0.287587 0.925488 0.246507 0
-2.21371 27.2059 -7.41093 0.393916 0.894402 -0.211837 0
1.21309 27.2665 -10.9364 -0.215862 0.88361 0.415496 0
0.565501 26.7135 -7.70361 -0.100627 0.982014 -0.159756 0
1.74741 28.3136 -4.972 -0.310941 0.697295 -0.645829 0
-1.8769 28.3003 -5.05193 0.333983 0.699664 -0.631606 0
2.75253 27.4236 -7.66183 -0.489796 0.855656 -0.167189 0
2.62113 27.3552 -9.56395 -0.466414 0.867826 0.17128 0
2.53939 27.6971 -10.7383 -0.451869 0.806989 0.380241 0
-0.356466 26.9948 -6.59547 0.063431 0.93197 -0.356942 0
2.7483 27.9078 -6.29308 -0.489043 0.769494 -0.410751 0
2.0804 27.9252 -5.65121 -0.370194 0.766398 -0.524967 0
-3.21611 27.7985 -9.85853 0.572286 0.788953 0.2237 0
-0.666006 26.9187 -10.3057 0.118512 0.945506 0.303272 0
3.3497 27.9458 -10.0114 -0.596058 0.762734 0.250902 0
-3.62168 27.9558 -9.02273 0.644456 0.760957 0.074974 0
-1.00659 27.7731 -11.8701 0.179116 0.793473 0.581651 0
0.89042 26.7387 -9.38221 -0.158445 0.977543 0.138941 0
3.48361 27.8553 -8.06388 -0.619887 0.77884 -0.095647 0
0.707451 27.5617 -11.6457 -0.125887 0.831084 0.541711 0
-1.488 26.8898 -9.51028 0.26478 0.95065 0.16173 0
-1.10097 26.8416 -7.45647 0.195911 0.959225 -0.203733 0
-1.82147 26.9506 -7.99471 0.32412 0.939836 -0.107956 0
8.17926 25.4747 -7.34524 0.316924 0.921735 -0.223525 0
8.02406 25.4164 -9.22879 0.344542 0.932109 0.111641 0
8.34031 26.4208 -11.9228 0.288266 0.753391 0.59102 0
8.87605 25.7761 -6.03115 0.192935 0.8681 -0.45736 0
8.03919 26.2823 -5.63941 0.341848 0.778036 -0.527068 0
8.77751 26.5293 -4.97314 0.210469 0.734078 -0.645626 0
6.96865 27.1346 -11.8015 0.532345 0.626374 0.569442 0
9.52684 26.6451 -4.68766 0.07713 0.713473 -0.696424 0
9.97199 25.0453 -8.94382 -0.00208 0.99814 0.060933 0
6.30172 26.5584 -7.41093 0.651022 0.728901 -0.211837 0
6.21751 26.6624 -9.87997 0.666006 0.710404 0.227515 0
6.83408 26.3403 -10.3888 0.556292 0.767712 0.318052 0
9.57954 25.5571 -10.9364 0.067754 0.907068 0.415496 0
9.99954 25.4938 -6.37749 -0.006983 0.918341 -0.395729 0
6.94516 26.4561 -6.39618 0.536526 0.7471 -0.392405 0
10.2354 25.9693 -11.6923 -0.048952 0.833724 0.550007 0
6.32407 27.3641 -5.857 0.647044 0.585533 -0.488349 0
8.95705 25.126 -8.50736 0.178521 0.983794 -0.016734 0
10.4113 26.3878 -4.972 -0.080246 0.759253 -0.645829 0
8.46561 25.8397 -11.0841 0.265971 0.856786 0.441789 0
8.61624 26.8295 -12.4929 0.239166 0.680653 0.692468 0
5.94053 26.7277 -8.65065 0.715292 0.698771 0.008764 0
10.9461 25.2064 -9.56395 -0.175413 0.969481 0.17128 0
6.21955 27.1315 -10.8765 0.665643 0.626919 0.404837 0
5.5315 27.4318 -9.85853 0.788077 0.573492 0.2237 0
7.68492 25.807 -10.3057 0.404889 0.862607 0.303272 0
11.7238 25.5274 -7.1238 -0.313802 0.912358 -0.262928 0
11.8215 25.5429 -10.0114 -0.331188 0.909595 0.250902 0
5.1944 27.7067 -9.02273 0.848063 0.524565 0.074974 0
7.62503 26.7248 -11.8701 0.415546 0.699288 0.581651 0
8.80511 26.1223 -5.48607 0.205559 0.806498 -0.554353 0
11.9159 25.4087 -9.08859 -0.347989 0.933482 0.086694 0
8.01106 25.4064 -8.11395 0.346855 0.933899 -0.086737 0
15.6511 21.7004 -7.34524 0.586245 0.778687 -0.223525 0
16.1877 21.4431 -10.185 0.490756 0.82447 0.281793 0
16.3548 21.379 -6.9269 0.461018 0.83587 -0.297967 0
16.0966 22.5504 -11.9228 0.506968 0.627438 0.59102 0
15.7674 22.5117 -5.63941 0.565543 0.634319 -0.527068 0
15.0126 23.6531 -11.8015 0.69985 0.431214 0.569442 0
17.2944 22.397 -4.68766 0.29383 0.654719 -0.696424 0
15.2414 24.0822 -12.3274 0.659146 0.354855 0.663027 0
17.2171 20.8089 -7.68082 0.307582 0.937315 -0.163811 0
17.2234 20.738 -8.94382 0.306464 0.94993 0.060933 0
17.196 20.9187 -9.9867 0.311325 0.917775 0.246507 0
14.2003 23.3112 -7.41093 0.844401 0.492049 -0.211837 0
18.1112 20.7533 -7.00457 0.148481 0.947215 -0.284144 0
14.6392 22.9393 -10.3888 0.766301 0.558234 0.318052 0
15.1933 22.8228 -11.2312 0.667697 0.578963 0.467956 0
17.0083 21.3461 -10.9364 0.344737 0.841736 0.415496 0
17.3881 21.156 -6.37749 0.277141 0.875552 -0.395729 0
14.4705 24.0706 -5.857 0.796315 0.356927 -0.488349 0
17.1476 21.8197 -5.40307 0.319946 0.757452 -0.569123 0
16.283 21.1283 -8.50736 0.473793 0.880477 -0.016734 0
17.1224 22.327 -12.3696 0.32443 0.667182 0.670532 0
15.8613 23.3238 -12.4082 0.548834 0.489811 0.677397 0
15.116 23.9986 -5.05193 0.68145 0.36973 -0.631606 0
16.0362 21.959 -11.0841 0.517715 0.732662 0.441789 0
18.346 20.5683 -7.66183 0.106689 0.980135 -0.167189 0
14.2992 23.8817 -10.8765 0.826792 0.39054 0.404837 0
15.5787 22.0487 -6.59547 0.599115 0.716696 -0.356942 0
18.6272 20.9625 -6.29308 0.056653 0.909986 -0.410751 0
18.0971 21.3692 -5.65121 0.150984 0.837624 -0.524967 0
13.7158 24.3767 -7.44307 0.930612 0.302451 -0.206118 0
19.1361 20.6397 -10.0114 -0.033898 0.967419 0.250902 0
13.502 24.7455 -9.02273 0.968655 0.236825 0.074974 0
13.4985 24.745 -8.23051 0.969286 0.236914 -0.065998 0
15.5103 23.0605 -11.8701 0.611299 0.536652 0.581651 0
16.4369 21.1086 -9.38221 0.446401 0.88398 0.138941 0
19.1912 20.4878 -8.06388 -0.043708 0.994455 -0.095647 0
19.1844 20.4829 -9.08859 -0.042495 0.995328 0.086694 0
14.6016 22.6289 -9.51028 0.772989 0.613458 0.16173 0
14.8864 22.3624 -7.45647 0.722314 0.660875 -0.203733 0
15.47 21.6873 -8.11395 0.61847 0.781007 -0.086737 0
14.3675 22.8741 -7.99471 0.81464 0.56983 -0.107956 0
25.7 7.83293 -10.185 0.881642 0.378551 0.281793 0
26.2772 8.78229 -11.9228 0.778945 0.20962 0.59102 0
26.0705 7.96996 -6.03115 0.815712 0.354169 -0.45736 0
25.9881 8.94449 -5.63941 0.830377 0.180757 -0.527068 0
27.1561 7.95422 -4.68766 0.622548 0.356969 -0.696424 0
26.4965 9.46507 -4.85362 0.739923 0.088123 -0.666894 0
25.0566 9.47888 -8.49067 0.996129 0.085666 -0.019703 0
25.2249 10.6417 -9.87997 0.966197 -0.121245 0.227515 0
25.3267 9.95355 -10.3888 0.948073 0.001201 0.318052 0
25.7065 9.5336 -11.2312 0.880484 0.075928 0.467956 0
25.4857 9.93177 -6.39618 0.919778 0.005076 -0.392405 0
25.8552 10.9679 -5.857 0.854029 -0.179302 -0.488349 0
26.7873 5.88417 -8.4987 0.688167 0.725322 -0.018275 0
25.5922 7.52227 -8.50736 0.900838 0.433833 -0.016734 0
26.9758 7.99863 -12.3696 0.654629 0.349066 0.670532 0
26.5414 9.5463 -12.4082 0.73192 0.073668 0.677397 0
27.4678 7.08749 -4.972 0.567081 0.511198 -0.645829 0
26.3352 10.5303 -5.05193 0.768626 -0.101428 -0.631606 0
25.8807 8.33939 -11.0841 0.849488 0.288431 0.441789 0
26.7701 8.79932 -12.4929 0.691238 0.206588 0.692468 0
26.932 5.85655 -7.66183 0.662422 0.730236 -0.167189 0
27.1262 6.14378 -10.7383 0.627857 0.679126 0.380241 0
27.3912 6.01021 -6.29308 0.58071 0.702894 -0.410751 0
27.2014 6.65079 -5.65121 0.614491 0.588906 -0.524967 0
25.4246 11.6592 -7.44307 0.930657 -0.302312 -0.206118 0
25.3954 8.95174 -10.3057 0.935851 0.179466 0.303272 0
27.5432 5.5199 -7.1238 0.553665 0.790142 -0.262928 0
27.6132 5.44998 -10.0114 0.54121 0.802583 0.250902 0
25.4652 12.0849 -8.23051 0.923424 -0.378065 -0.065998 0
25.7051 7.41586 -9.38221 0.880737 0.452767 0.138941 0
27.5601 5.29469 -9.08859 0.55066 0.830216 0.086694 0
25.4747 -8.17926 -7.34524 0.921735 -0.316924 -0.223525 0
25.4164 -8.02406 -9.22879 0.932109 -0.344542 0.111641 0
25.3958 -8.76913 -10.185 0.93577 -0.211962 0.281793 0
25.7761 -8.87605 -6.03115 0.8681 -0.192935 -0.45736 0
26.5293 -8.77751 -4.97314 0.734078 -0.210469 -0.645626 0
26.6451 -9.52684 -4.68766 0.713473 -0.07713 -0.696424 0
26.4589 -10.4769 -12.3041 0.746611 0.091932 0.658879 0
25.8428 -7.05936 -8.49067 0.856239 -0.516205 -0.019703 0
25.1108 -9.9441 -7.68082 0.986488 -0.002881 -0.163811 0
25.0453 -9.97199 -8.94382 0.99814 0.00208 0.060933 0
25.2088 -9.89016 -9.9867 0.969061 -0.01248 0.246507 0
26.6624 -6.21751 -9.87997 0.710404 -0.666006 0.227515 0
26.3403 -6.83408 -10.3888 0.767712 -0.556292 0.318052 0
25.5571 -9.57954 -10.9364 0.907068 -0.067754 0.415496 0
25.4938 -9.99954 -6.37749 0.918341 0.006983 -0.395729 0
26.4561 -6.94516 -6.39618 0.7471 -0.536526 -0.392405 0
25.9693 -10.2354 -11.6923 0.833724 0.048952 0.550007 0
25.13 -10.9848 -8.4987 0.983073 0.182303 -0.018275 0
25.2313 -8.79276 -7.70361 0.965047 -0.207757 -0.159756 0
26.5254 -9.38494 -12.3696 0.734782 -0.102381 0.670532 0
27.0836 -7.87755 -12.4082 0.635437 -0.370612 0.677397 0
26.3878 -10.4113 -4.972 0.759253 0.080246 -0.645829 0
25.8397 -8.46561 -11.0841 0.856786 -0.265971 0.441789 0
26.8295 -8.61624 -12.4929 0.680653 -0.239166 0.692468 0
26.7277 -5.94053 -8.65065 0.698771 -0.715292 0.008764 0
25.2308 -11.0922 -7.66183 0.965133 0.201411 -0.167189 0
27.1663 -6.00359 -6.66287 0.620721 -0.704071 -0.344949 0
25.7837 -8.00282 -6.59547 0.866755 -0.348321 -0.356942 0
25.6927 -11.2378 -6.29308 0.882955 0.227321 -0.410751 0
25.9156 -10.608 -5.65121 0.843284 0.115246 -0.524967 0
27.422 -5.51169 -7.44307 0.575223 -0.791602 -0.206118 0
27.4318 -5.5315 -9.85853 0.573492 -0.788077 0.2237 0
25.807 -7.68492 -10.3057 0.862607 -0.404889 0.303272 0
27.7051 -5.19118 -8.23051 0.524845 -0.848636 -0.065998 0
26.7248 -7.62503 -11.8701 0.699288 -0.415546 0.581651 0
26.0335 -6.89423 -9.51028 0.8223 -0.545588 0.16173 0
25.4064 -8.01106 -8.11395 0.933899 -0.346855 -0.086737 0
26.1944 -6.59586 -7.99471 0.793679 -0.598682 -0.107956 0
21.6929 -15.4854 -9.22879 0.780019 -0.615716 0.111641 0
21.4431 -16.1877 -10.185 0.82447 -0.490756 0.281793 0
21.7717 -16.4069 -6.03115 0.765992 -0.45175 -0.45736 0
22.5185 -16.5459 -4.97314 0.633111 -0.427011 -0.645626 0
22.397 -17.2944 -4.68766 0.654719 -0.29383 -0.696424 0
23.2316 -15.8727 -4.85362 0.506209 -0.546813 -0.666894 0
21.9263 -18.1404 -12.3041 0.738478 -0.143283 0.658879 0
22.3965 -14.6997 -8.49067 0.654815 -0.755532 -0.019703 0
20.8089 -17.2171 -7.68082 0.937315 -0.307582 -0.163811 0
20.738 -17.2234 -8.94382 0.94993 -0.306464 0.060933 0
23.3112 -14.2003 -7.41093 0.492049 -0.844401 -0.211837 0
23.4361 -14.1523 -9.87997 0.469827 -0.852936 0.227515 0
22.8228 -15.1933 -11.2312 0.578963 -0.667697 0.467956 0
21.3461 -17.0083 -10.9364 0.841736 -0.344737 0.415496 0
21.156 -17.3881 -6.37749 0.875552 -0.277141 -0.395729 0
21.5354 -17.7594 -11.6923 0.808046 -0.211078 0.550007 0
24.0706 -14.4705 -5.857 0.356927 -0.796315 -0.488349 0
23.3233 -15.1431 -5.51225 0.489901 -0.676634 -0.549694 0
20.5056 -18.2128 -8.4987 0.991292 -0.130405 -0.018275 0
21.2793 -16.1593 -7.70361 0.853614 -0.495804 -0.159756 0
22.327 -17.1224 -12.3696 0.667182 -0.32443 0.670532 0
21.8791 -18.056 -4.972 0.74689 -0.158303 -0.645829 0
20.5902 -18.1995 -9.56395 0.976237 -0.132759 0.17128 0
23.8817 -14.2992 -10.8765 0.39054 -0.826792 0.404837 0
20.9148 -18.3344 -10.7383 0.91847 -0.108767 0.380241 0
20.9625 -18.6272 -6.29308 0.909986 -0.056653 -0.410751 0
24.3767 -13.7158 -7.44307 0.302451 -0.930612 -0.206118 0
24.3798 -13.7377 -9.85853 0.301895 -0.926724 0.2237 0
20.6552 -19.0384 -7.1238 0.964674 0.016509 -0.262928 0
23.0605 -15.5103 -11.8701 0.536652 -0.611299 0.581651 0
20.4878 -19.1912 -8.06388 0.994455 0.043708 -0.095647 0
22.6289 -14.6016 -9.51028 0.613458 -0.772989 0.16173 0
21.6873 -15.47 -8.11395 0.781007 -0.61847 -0.086737 0
22.8741 -14.3675 -7.99471 0.56983 -0.81464 -0.107956 0
8.3565 -25.4171 -7.34524 0.285385 -0.931983 -0.223525 0
8.4478 -25.2787 -9.22879 0.26914 -0.956609 0.111641 0
7.83293 -25.7 -10.185 0.378551 -0.881642 0.281793 0
7.68288 -25.7976 -6.9269 0.405253 -0.864283 -0.297967 0
8.78229 -26.2772 -11.9228 0.20962 -0.778945 0.59102 0
7.96996 -26.0705 -6.03115 0.354169 -0.815712 -0.45736 0
8.94449 -25.9881 -5.63941 0.180757 -0.830377 -0.527068 0
8.49238 -26.622 -4.97314 0.261207 -0.717592 -0.645626 0
10.3115 -26.0484 -11.8015 -0.062502 -0.819652 0.569442 0
7.07612 -27.5639 -12.3041 0.513222 -0.549984 0.658879 0
9.47888 -25.0566 -8.49067 0.085666 -0.996129 -0.019703 0
6.65378 -26.1235 -8.94382 0.588375 -0.806289 0.060933 0
6.81603 -26.2076 -9.9867 0.559503 -0.791322 0.246507 0
6.14428 -26.8507 -7.00457 0.679038 -0.676883 -0.284144 0
7.2721 -26.3069 -10.9364 0.478347 -0.773658 0.415496 0
6.89508 -26.5025 -6.37749 0.545437 -0.738848 -0.395729 0
9.93177 -25.4857 -6.39618 0.005076 -0.919778 -0.392405 0
7.57341 -26.698 -5.40307 0.424732 -0.704061 -0.569123 0
7.71711 -25.5808 -7.70361 0.399161 -0.902856 -0.159756 0
7.52227 -25.5922 -8.50736 0.433833 -0.900838 -0.016734 0
7.99863 -26.9758 -12.3696 0.349066 -0.654629 0.670532 0
8.33939 -25.8807 -11.0841 0.288431 -0.849488 0.441789 0
8.79932 -26.7701 -12.4929 0.206588 -0.691238 0.692468 0
5.85655 -26.932 -7.66183 0.730236 -0.662422 -0.167189 0
5.96039 -26.8263 -9.56395 0.711759 -0.681222 0.17128 0
11.111 -25.5069 -6.66287 -0.204755 -0.916016 -0.344949 0
6.14378 -27.1262 -10.7383 0.679126 -0.627857 0.380241 0
8.68086 -25.5634 -6.59547 0.227668 -0.905958 -0.356942 0
8.95174 -25.3954 -10.3057 0.179466 -0.935851 0.303272 0
5.44998 -27.6132 -10.0114 0.802583 -0.54121 0.250902 0
12.0832 -25.4684 -9.02273 -0.377765 -0.922861 0.074974 0
12.0849 -25.4652 -8.23051 -0.378065 -0.923424 -0.065998 0
9.53967 -26.1027 -11.8701 0.074847 -0.809988 0.581651 0
7.41586 -25.7051 -9.38221 0.452767 -0.880737 0.138941 0
7.84421 -26.4314 -11.6457 0.376544 -0.751507 0.541711 0
9.72457 -25.1139 -9.51028 0.041946 -0.985943 0.16173 0
9.3416 -25.1877 -7.45647 0.110094 -0.972817 -0.203733 0
8.4524 -25.263 -8.11395 0.268321 -0.959417 -0.086737 0
10.0605 -25.0686 -7.99471 -0.017831 -0.993996 -0.107956 0
0.222772 -26.652 -9.22879 -0.039641 -0.992958 0.111641 0
-0.492185 -26.8627 -10.185 0.087581 -0.95547 0.281793 0
-0.665044 -26.9091 -6.9269 0.11834 -0.947212 -0.297967 0
0.232359 -27.7049 -11.9228 -0.041347 -0.805597 0.59102 0
-0.826779 -28.285 -4.68766 0.14712 -0.702388 -0.696424 0
0.813957 -28.1245 -4.85362 -0.144839 -0.73094 -0.666894 0
1.82463 -28.4416 -12.3274 -0.324682 -0.67452 0.663027 0
1.27202 -26.7594 -8.49067 -0.226347 -0.973847 -0.019703 0
-1.69773 -26.9547 -7.68082 0.302101 -0.939096 -0.163811 0
-1.61617 -27.0312 -9.9867 0.287587 -0.925488 0.246507 0
-1.21309 -27.2665 -10.9364 0.215862 -0.88361 0.415496 0
-1.63211 -27.3361 -6.37749 0.290424 -0.871236 -0.395729 0
1.57016 -27.3074 -6.39618 -0.2794 -0.87633 -0.392405 0
-1.04739 -27.7316 -5.40307 0.186377 -0.800851 -0.569123 0
-0.565501 -26.7135 -7.70361 0.100627 -0.982014 -0.159756 0
-0.754311 -26.6641 -8.50736 0.134225 -0.99081 -0.016734 0
-0.066357 -27.1911 -11.0841 0.011808 -0.897041 0.441789 0
0.096252 -28.179 -12.4929 -0.017128 -0.721246 0.692468 0
2.60954 -27.2553 -8.65065 -0.464351 -0.885608 0.008764 0
-2.62113 -27.3552 -9.56395 0.466414 -0.867826 0.17128 0
2.68511 -27.6919 -6.66287 -0.477798 -0.80791 -0.344949 0
-2.53939 -27.6971 -10.7383 0.451869 -0.806989 0.380241 0
0.356466 -26.9948 -6.59547 -0.063431 -0.93197 -0.356942 0
-2.7483 -27.9078 -6.29308 0.489043 -0.769494 -0.410751 0
-2.0804 -27.9252 -5.65121 0.370194 -0.766398 -0.524967 0
3.21611 -27.7985 -9.85853 -0.572286 -0.788953 0.2237 0
-3.26158 -27.9009 -7.1238 0.580377 -0.770734 -0.262928 0
-3.3497 -27.9458 -10.0114 0.596058 -0.762734 0.250902 0
3.62426 -27.9533 -8.23051 -0.644914 -0.7614 -0.065998 0
-3.48361 -27.8553 -8.06388 0.619887 -0.77884 -0.095647 0
1.488 -26.8898 -9.51028 -0.26478 -0.95065 0.16173 0
0.232029 -26.6384 -8.11395 -0.041288 -0.995375 -0.086737 0
-8.76913 -25.3958 -10.185 -0.211962 -0.93577 0.281793 0
-8.94786 -25.3866 -6.9269 -0.180156 -0.937422 -0.297967 0
-8.03919 -26.2823 -5.63941 -0.341848 -0.778036 -0.527068 0
-6.96865 -27.1346 -11.8015 -0.532345 -0.626374 0.569442 0
-7.91683 -26.9995 -4.85362 -0.363623 -0.650408 -0.666894 0
-10.4769 -26.4589 -12.3041 0.091932 -0.746611 0.658879 0
-9.9441 -25.1108 -7.68082 -0.002881 -0.986488 -0.163811 0
-9.89016 -25.2088 -9.9867 -0.01248 -0.969061 0.246507 0
-6.21751 -26.6624 -9.87997 -0.666006 -0.710404 0.227515 0
-10.8116 -25.3342 -7.00457 0.151491 -0.946738 -0.284144 0
-10.9848 -25.13 -8.4987 0.182303 -0.983073 -0.018275 0
-8.79276 -25.2313 -7.70361 -0.207757 -0.965047 -0.159756 0
-8.95705 -25.126 -8.50736 -0.178521 -0.983794 -0.016734 0
-7.87755 -27.0836 -12.4082 -0.370612 -0.635437 0.677397 0
-8.61624 -26.8295 -12.4929 -0.239166 -0.680653 0.692468 0
-5.94053 -26.7277 -8.65065 -0.715292 -0.698771 0.008764 0
-11.0922 -25.2308 -7.66183 0.201411 -0.965133 -0.167189 0
-10.9461 -25.2064 -9.56395 0.175413 -0.969481 0.17128 0
-6.00359 -27.1663 -6.66287 -0.704071 -0.620721 -0.344949 0
-10.974 -25.5568 -10.7383 0.180379 -0.907128 0.380241 0
-5.51169 -27.422 -7.44307 -0.791602 -0.575223 -0.206118 0
-7.68492 -25.807 -10.3057 -0.404889 -0.862607 0.303272 0
-11.8215 -25.5429 -10.0114 0.331188 -0.909595 0.250902 0
-5.1944 -27.7067 -9.02273 -0.848063 -0.524565 0.074974 0
-7.62503 -26.7248 -11.8701 -0.415546 -0.699288 0.581651 0
-9.10954 -25.1548 -9.38221 -0.151388 -0.978661 0.138941 0
-11.9209 -25.4155 -8.06388 0.348872 -0.932277 -0.095647 0
-11.9159 -25.4087 -9.08859 0.347989 -0.933482 0.086694 0
-9.18986 -25.9941 -11.6457 -0.137094 -0.829309 0.541711 0
-7.24742 -25.8681 -7.45647 -0.482739 -0.851737 -0.203733 0
-8.01106 -25.4064 -8.11395 -0.346855 -0.933899 -0.086737 0
-6.59586 -26.1944 -7.99471 -0.598682 -0.793679 -0.107956 0
-21.431 -15.8459 -9.22879 -0.82662 -0.551576 0.111641 0
-22.1608 -15.2787 -6.9269 -0.696752 -0.652497 -0.297967 0
-22.3317 -15.6361 -6.03115 -0.666344 -0.588903 -0.45736 0
-21.9522 -16.5375 -5.63941 -0.733879 -0.42851 -0.527068 0
-22.6947 -16.3034 -4.97314 -0.601753 -0.470171 -0.645626 0
-21.5871 -17.8563 -11.8015 -0.798849 -0.193843 0.569442 0
-23.369 -15.9566 -4.68766 -0.481769 -0.531876 -0.696424 0
-24.0282 -15.2475 -12.3041 -0.364472 -0.658057 0.658879 0
-22.7888 -14.4007 -8.94382 -0.585009 -0.808735 0.060933 0
-20.7088 -17.7821 -7.41093 -0.955125 -0.207032 -0.211837 0
-20.7018 -17.9157 -9.87997 -0.956375 -0.18326 0.227515 0
-23.6379 -14.1409 -7.00457 -0.433919 -0.854971 -0.284144 0
-21.5023 -17.0107 -11.2312 -0.813927 -0.344297 0.467956 0
-21.1693 -17.3212 -6.39618 -0.873193 -0.289054 -0.392405 0
-23.545 -14.9934 -11.6923 -0.450448 -0.703271 0.550007 0
-21.2005 -18.4208 -5.857 -0.867638 -0.093383 -0.488349 0
-23.051 -15.4529 -5.40307 -0.538352 -0.621511 -0.569123 0
-21.6092 -17.5023 -5.51225 -0.794905 -0.256832 -0.549694 0
-21.9441 -15.2443 -7.70361 -0.735319 -0.658623 -0.159756 0
-22.0151 -15.0625 -8.50736 -0.722686 -0.690974 -0.016734 0
-23.1838 -15.9431 -12.3696 -0.514722 -0.534273 0.670532 0
-22.2924 -17.2808 -12.4082 -0.673332 -0.296238 0.677397 0
-23.9333 -15.2286 -4.972 -0.381357 -0.661416 -0.645829 0
-22.037 -15.9288 -11.0841 -0.718781 -0.53682 0.441789 0
-22.7407 -16.6411 -12.4929 -0.593567 -0.410081 0.692468 0
-20.5162 -18.1314 -8.65065 -0.989411 -0.144879 0.008764 0
-23.8041 -13.8924 -7.66183 -0.404346 -0.899195 -0.167189 0
-20.825 -18.4492 -6.66287 -0.934456 -0.088331 -0.344949 0
-23.9001 -14.2256 -10.7383 -0.387266 -0.839906 0.380241 0
-21.6297 -16.1555 -6.59547 -0.791264 -0.496482 -0.356942 0
-24.1933 -14.1804 -6.29308 -0.335081 -0.847941 -0.410751 0
-23.8148 -14.731 -5.65121 -0.402434 -0.749971 -0.524967 0
-20.5773 -18.9452 -7.44307 -0.978527 -7.3e-05 -0.206118 0
-21.3862 -16.3612 -10.3057 -0.83459 -0.459876 0.303272 0
-24.5776 -13.7162 -10.0114 -0.26671 -0.930545 0.250902 0
-20.4844 -19.3626 -8.23051 -0.995057 0.074207 -0.065998 0
-21.8772 -17.139 -11.8701 -0.747215 -0.321484 0.581651 0
-22.1554 -14.9962 -9.38221 -0.697718 -0.70277 0.138941 0
-24.575 -13.5521 -9.08859 -0.267158 -0.959745 0.086694 0
-22.7137 -15.628 -11.6457 -0.598367 -0.590344 0.541711 0
-20.7328 -17.3147 -7.99471 -0.950856 -0.290203 -0.107956 0
-29.9647 2.22727 -12.307 -0.594241 0.414337 -0.68935 0
-29.7774 -1.26984 -12.8541 -0.446746 -0.255976 -0.85726 0
-30.099 4.20897 -8.60081 -0.699997 0.714146 9.9e-05 0
-30.077 3.17132 -5.80213 -0.682661 0.547843 0.483571 0
-30.0768 0.571115 -4.40997 -0.682554 0.09867 0.724144 0
-30.0807 4.06189 -7.43318 -0.685593 0.699624 0.201216 0
-30.0807 -4.06189 -7.43318 -0.685593 -0.699624 0.201216 0
-30.0806 -4.06292 -9.76625 -0.68554 -0.69984 -0.200646 0
-29.9433 -3.81048 -6.52619 -0.577385 -0.717033 0.390499 0
-29.9424 1.5175 -4.53582 -0.576685 0.285685 0.765388 0
-29.9424 -1.5175 -4.53582 -0.576685 -0.285685 0.765388 0
-29.9428 3.82052 -10.6587 -0.57703 0.71909 -0.387228 0
-29.9428 -3.82052 -10.6587 -0.57703 -0.71909 -0.387228 0
-30.075 -3.23565 -11.3289 -0.681124 -0.559811 -0.471891 0
-30.4124 0.637831 -12.2571 -0.946745 0.055342 -0.317191 0
-29.6 0.597958 -13.0722 -0.307087 0.126161 -0.943282 0
-30.0655 -2.75993 -11.821 -0.673626 -0.481012 -0.56112 0
30.3084 1.32077 -12.3129 0.864875 0.168297 -0.472934 0
29.7774 1.26984 -12.8541 0.446746 0.255976 -0.85726 0
29.7774 -1.26984 -12.8541 0.446746 -0.255976 -0.85726 0
30.099 -4.20897 -8.60081 0.699997 -0.714146 9.9e-05 0
30.0768 -0.571115 -4.40997 0.682554 -0.09867 0.724144 0
30.0769 -2.30663 -5.05548 0.682572 -0.398504 0.612609 0
30.0807 4.06189 -7.43318 0.685593 0.699624 0.201216 0
30.0807 -4.06189 -7.43318 0.685593 -0.699624 0.201216 0
29.9424 1.5175 -4.53582 0.576685 0.285685 0.765388 0
29.9428 3.82052 -10.6587 0.57703 0.71909 -0.387228 0
30.075 3.23565 -11.3289 0.681124 0.559811 -0.471891 0
30.4124 -0.637831 -12.2571 0.946745 -0.055342 -0.317191 0
29.6 0.597958 -13.0722 0.307087 0.126161 -0.943282 0
30.0655 2.75993 -11.821 0.673626 0.481012 -0.56112 0
28.5294 4.20076 -14.087 0.872189 0.128424 -0.47201 0
28.53 -4.19655 -14.087 0.872199 -0.128294 -0.472028 0
25.0778 14.148 -14.146 0.618278 0.348811 -0.704317 0
26.9256 10.124 -14.17 0.563303 0.211801 -0.798643 0
27.4529 -8.69454 -14.1426 0.689412 -0.218342 -0.69068 0
28.7434 1.61586 -14.1505 0.690756 0.038832 -0.722045 0
26.2476 11.7705 -14.17 0.549117 0.246247 -0.798644 0
28.0678 6.42189 -14.1463 0.690866 0.158069 -0.705492 0
27.7773 7.58198 -14.146 0.685019 0.18698 -0.704122 0
28.3313 5.14359 -14.145 0.702296 0.127503 -0.700374 0
28.7283 -0.777331 -14.1879 0.494673 -0.013385 -0.868976 0
28.7283 0.777344 -14.1879 0.494673 0.013385 -0.868976 0
27.4583 8.67732 -14.1426 0.689564 0.217915 -0.690662 0
21.6989 18.9256 -14.1468 0.532894 0.464785 -0.707106 0
26.053 -12.3105 -14.1212 0.718868 -0.339677 -0.606505 0
26.053 12.3105 -14.1212 0.718868 0.339676 -0.606505 0
23.1542 17.1143 -14.1467 0.568646 0.420312 -0.707093 0
24.479 -15.1593 -14.1466 0.601573 -0.37254 -0.706629 0
24.479 15.1593 -14.1466 0.601573 0.37254 -0.706629 0
23.8367 -16.1503 -14.1467 0.585462 -0.396674 -0.707025 0
23.8367 16.1503 -14.1467 0.585462 0.396674 -0.707025 0
26.6194 -10.9515 -14.1549 0.622792 -0.256224 -0.739243 0
26.6194 10.9514 -14.1549 0.622793 0.256221 -0.739242 0
28.4384 -4.20127 -14.1829 0.521797 -0.077086 -0.84958 0
28.6093 -3.41773 -14.1242 0.780278 -0.093214 -0.618448 0
-28.7376 1.79208 -3.05675 -0.708531 0.044184 0.704295 0
-27.4604 -8.65761 -3.0562 -0.674969 -0.212801 0.706493 0
-22.1414 18.3656 -3.03352 -0.466113 0.386625 0.795776 0
-22.1647 -18.3909 -3.0648 -0.569467 -0.472508 0.672639 0
-22.9079 17.4353 -3.05164 -0.548545 0.4175 0.724425 0
-23.174 -17.1031 -3.06572 -0.598039 -0.441371 0.668986 0
-23.7395 16.2366 -3.0291 -0.480412 0.328576 0.813168 0
-27.0303 9.93016 -3.06003 -0.67817 0.24914 0.691386 0
-27.0303 -9.93016 -3.06003 -0.67817 -0.24914 0.691386 0
-27.2478 -9.30796 -3.05707 -0.672955 -0.229884 0.703054 0
-26.4041 11.3962 -3.02734 -0.525375 0.226756 0.820099 0
-26.4041 -11.3962 -3.02734 -0.525377 -0.226757 0.820098 0
-28.2854 5.35836 -3.05194 -0.678507 0.128536 0.723261 0
-28.7837 -0.724415 -3.05617 -0.707371 -0.017803 0.706619 0
-25.6105 13.16 -3.05711 -0.632666 0.325097 0.702884 0
-21.2878 19.4094 -3.0726 -0.566611 0.516614 0.641921 0
-22.9233 -17.2932 -3.00285 -0.319333 -0.240903 0.916511 0
-24.4846 -15.1581 -3.06037 -0.615378 -0.380971 0.690051 0
-22.6074 -17.837 -3.06018 -0.567617 -0.447843 0.690831 0
-22.4037 18.1168 -3.0779 -0.609437 0.492823 0.621058 0
-24.0273 15.9044 -3.08058 -0.660429 0.437158 0.610513 0
-24.0038 -15.9425 -3.08247 -0.664484 -0.441327 0.603069 0
-26.1084 11.9222 -2.99761 -0.317387 0.144932 0.937155 0
-21.4901 -19.0504 -3.00448 -0.31007 -0.274869 0.910112 0
-28.6492 -2.91226 -3.06024 -0.719557 -0.073145 0.690571 0
-28.6492 2.91226 -3.06024 -0.719557 0.073145 0.690571 0
-26.7331 -10.7509 -3.08008 -0.733423 -0.29495 0.61245 0
-28.7922 -0.181121 -3.05607 -0.707215 -0.004449 0.706985 0
-28.5587 -3.8363 -3.0818 -0.78861 -0.105934 0.6057 0
-26.4518 1.77639 -2.25409 -0.723744 0.048604 0.688354 0
-25.0701 8.63545 -2.2588 -0.702037 0.241818 0.669827 0
-25.0605 -8.6634 -2.25881 -0.701815 -0.242617 0.669771 0
-25.9794 -5.28441 -2.25411 -0.710905 -0.144604 0.688262 0
-26.1862 -4.13968 -2.25409 -0.716492 -0.113268 0.688339 0
-20.461 16.8582 -2.25409 -0.559827 0.46125 0.688362 0
-21.8578 15.0028 -2.25403 -0.59786 0.41036 0.688599 0
-22.5063 -14.0108 -2.25373 -0.614653 -0.382638 0.689775 0
-22.5063 14.0107 -2.25373 -0.614653 0.382638 0.689775 0
-19.8248 17.6019 -2.25409 -0.542424 0.481603 0.688356 0
-25.6667 6.4386 -2.21367 -0.51486 0.129155 0.847489 0
-25.4577 7.40239 -2.25481 -0.699104 0.20328 0.685515 0
-25.9419 5.46536 -2.25415 -0.710001 0.149581 0.688131 0
-26.3928 -2.5041 -2.25409 -0.722132 -0.068514 0.688354 0
-23.74 -11.7739 -2.24222 -0.607375 -0.301229 0.735089 0
-24.0144 11.0311 -2.19535 -0.356919 0.163952 0.919635 0
-26.5108 -0.17531 -2.25409 -0.725358 -0.004797 0.688355 0
-26.5107 0.180026 -2.25409 -0.725358 0.004926 0.688355 0
36.8076 -14.9723 -18.0601 0.805111 -0.327496 0.494513 0
37.196 -13.8151 -17.964 0.79358 -0.294746 0.532312 0
37.196 13.8151 -17.964 0.79358 0.294746 0.532312 0
37.8841 -12.2387 -18.2036 0.855448 -0.276358 0.437989 0
37.2935 11.1127 -17.1872 0.522725 0.155761 0.838151 0
37.8968 6.57735 -16.9544 0.362641 0.06294 0.929801 0
28.559 27.2187 -17.6575 0.548231 0.522502 0.653019 0
-31.0181 -24.8701 -18.0979 -0.684592 -0.548901 0.479627 0
17.4979 35.6995 -18.0977 0.386175 0.787882 0.479698 0
-38.6586 -9.28135 -18.0977 -0.853188 -0.204838 0.479699 0
-0.399127 -39.5425 -17.771 -0.008011 -0.79365 0.608321 0
16.487 35.9436 -17.771 0.330908 0.721419 0.608321 0
-30.0768 -25.4977 -17.6324 -0.571125 -0.484174 0.662866 0
-18.3176 34.9168 -17.632 -0.347763 0.662901 0.663041 0
-18.3176 -34.9168 -17.632 -0.347763 -0.662901 0.663041 0
18.3176 -34.9168 -17.632 0.347763 -0.662901 0.663041 0
-38.0733 10.2539 -17.632 -0.722827 0.194672 0.663041 0
-38.0733 -10.2539 -17.632 -0.722827 -0.194672 0.663041 0
-1.6956 39.3934 -17.632 -0.032191 0.74789 0.663041 0
-1.53192 -39.4292 -17.6653 -0.029506 -0.759435 0.649913 0
1.6956 -39.3934 -17.632 0.032191 -0.74789 0.663041 0
-38.8127 -7.11214 -17.6653 -0.747561 -0.136985 0.649913 0
-32.0835 22.9707 -17.6654 -0.617962 0.44244 0.6499 0
-32.0835 -22.9707 -17.6654 -0.617962 -0.44244 0.6499 0
-29.3212 -26.3861 -17.6499 -0.56104 -0.504878 0.655997 0
-19.3497 34.3724 -17.6487 -0.370052 0.657351 0.656468 0
-19.3497 -34.3724 -17.6487 -0.370052 -0.657351 0.656469 0
19.3497 -34.3724 -17.6487 0.370053 -0.657353 0.656467 0
-37.7673 -11.3799 -17.6487 -0.722278 -0.217634 0.656468 0
2.70254 39.3305 -17.6245 0.051137 0.744199 0.665998 0
-2.86116 39.3407 -17.6487 -0.054718 0.752366 0.656468 0
-2.70254 -39.3305 -17.6245 -0.051137 -0.744199 0.665998 0
-38.9719 -5.94805 -17.6245 -0.737414 -0.112547 0.665998 0
-14.3118 36.7337 -17.6245 -0.270803 0.695064 0.665996 0
-14.3117 -36.7337 -17.6245 -0.270802 -0.695063 0.665998 0
-32.7237 21.9852 -17.6245 -0.619193 0.416 0.665991 0
29.3392 -26.4301 -17.7005 0.573317 -0.516472 0.636054 0
-20.292 33.794 -17.619 -0.383009 0.637858 0.668163 0
20.292 -33.7941 -17.619 0.383011 -0.637861 0.668158 0
-37.4086 12.4258 -17.619 -0.706082 0.234535 0.668163 0
3.8876 39.2143 -17.6059 0.072942 0.735763 0.673299 0
-3.96029 39.2189 -17.619 -0.07475 0.740251 0.668163 0
-39.1172 -4.76612 -17.6059 -0.733942 -0.089425 0.673299 0
13.19 37.1335 -17.6059 0.247479 0.696722 0.673299 0
-13.19 37.1335 -17.606 -0.247481 0.696726 0.673295 0
-13.19 -37.1335 -17.6059 -0.247479 -0.696722 0.673299 0
13.19 -37.1335 -17.606 0.247481 -0.696726 0.673295 0
-33.3588 -20.9777 -17.606 -0.625903 -0.3936 0.673293 0
-27.7347 27.993 -17.6052 -0.520202 0.525046 0.673585 0
-27.7347 -27.993 -17.6052 -0.520202 -0.525046 0.673585 0
21.267 33.1666 -17.5982 0.397585 0.620048 0.676363 0
-37.0091 -13.5144 -17.5981 -0.691873 -0.252647 0.676373 0
5.07976 39.0654 -17.5926 0.0947181 0.728422 0.678549 0
-5.10992 39.0666 -17.5981 -0.095528 0.730338 0.676373 0
-5.07976 -39.0654 -17.5926 -0.0947181 -0.728422 0.678549 0
5.10992 -39.0666 -17.5981 0.095528 -0.730338 0.676373 0
-39.2322 3.57016 -17.5926 -0.731532 0.06657 0.678549 0
12.0479 37.5068 -17.5926 0.224648 0.69936 0.678549 0
12.048 -37.5067 -17.5926 0.224653 -0.699368 0.67854 0
26.872 28.8141 -17.5987 0.502503 0.53882 0.676138 0
-26.8715 28.8065 -17.5924 -0.500995 0.537071 0.678644 0
-26.8715 -28.8065 -17.5924 -0.500995 -0.537071 0.678644 0
26.872 -28.8141 -17.5987 0.502503 -0.53882 0.676138 0
6.28459 38.8705 -17.5722 0.116044 0.717739 0.686574 0
-6.29673 38.8706 -17.5744 -0.116394 0.718515 0.685703 0
-6.28459 -38.8705 -17.5722 -0.116044 -0.717739 0.686574 0
10.8747 37.8438 -17.5722 0.200799 0.698781 0.686574 0
-10.875 37.8437 -17.5723 -0.200812 0.698802 0.68655 0
10.875 -37.8437 -17.5723 0.200812 -0.698802 0.68655 0
-34.5573 -18.8734 -17.5723 -0.638117 -0.348506 0.68655 0
-25.9583 -29.6069 -17.5722 -0.479309 -0.546678 0.68659 0
25.9585 -29.61 -17.5747 0.479901 -0.547407 0.685595 0
23.2905 31.6885 -17.5225 0.419339 0.570542 0.706142 0
23.2905 -31.6885 -17.5225 0.419339 -0.570542 0.706142 0
-36.0079 15.8124 -17.5223 -0.648251 0.28467 0.706211 0
-36.0079 -15.8124 -17.5223 -0.648251 -0.28467 0.706211 0
-7.57132 38.5911 -17.5223 -0.136307 0.694757 0.706211 0
-7.56687 -38.5912 -17.5216 -0.13617 -0.694467 0.706522 0
-39.3123 1.03921 -17.5216 -0.707444 0.018701 0.706522 0
-39.3123 -1.03921 -17.5216 -0.707444 -0.018701 0.706522 0
-9.59606 38.1375 -17.5217 -0.1727 0.68636 0.706459 0
-9.59517 -38.1375 -17.5216 -0.17267 -0.686303 0.706522 0
9.59606 -38.1375 -17.5217 0.1727 -0.68636 0.706459 0
-24.9281 30.416 -17.5217 -0.448623 0.547387 0.706474 0
24.9281 -30.4172 -17.5226 0.448837 -0.547669 0.706119 0
24.2453 31.2238 -17.7546 0.48372 0.622949 0.614776 0
-24.2453 31.2234 -17.7541 -0.483639 0.622835 0.614955 0
-24.2453 -31.2234 -17.7541 -0.483639 -0.622835 0.614955 0
24.2453 -31.2238 -17.7546 0.48372 -0.622949 0.614776 0
-35.7628 -16.8451 -17.7542 -0.713392 -0.336024 0.614948 0
-8.62972 -38.5777 -17.7538 -0.172119 -0.76943 0.615104 0
38.3477 1.20484 -16.9184 0.329818 0.010363 0.943988 0
38.3477 -1.20484 -16.9184 0.329818 -0.010363 0.943988 0
38.1328 0.598968 -16.8502 0.239733 0.003766 0.970832 0
38.1328 -0.598968 -16.8502 0.239733 -0.003766 0.970832 0
38.3149 8.49681 -17.4446 0.660049 0.146374 0.736824 0
32.321 21.1521 -17.026 0.361943 0.236869 0.901604 0
32.321 -21.1521 -17.026 0.361943 -0.236869 0.901604 0
34.6894 -19.7488 -18.4521 0.817213 -0.465244 0.340164 0
34.6894 19.7488 -18.4521 0.817213 0.465244 0.340164 0
38.5168 -5.92094 -17.2243 0.560647 -0.086184 0.823558 0
35.3248 18.6257 -18.5018 0.837878 0.441786 0.320602 0
38.3883 -4.71716 -17.0506 0.44879 -0.055148 0.891934 0
37.3103 -14.3584 -18.6435 0.899955 -0.346336 0.264824 0
37.3103 14.3584 -18.6435 0.899955 0.346336 0.264824 0
36.9495 -15.3226 -18.733 0.899048 -0.372827 0.229594 0
36.9495 15.3226 -18.733 0.899048 0.372827 0.229594 0
36.6054 11.3472 -16.9038 0.299058 0.092704 0.949721 0
36.6054 -11.3472 -16.9038 0.299058 -0.092704 0.949721 0
38.3456 2.8438 -16.9495 0.362142 0.026857 0.931736 0
30.0301 26.309 -18.4732 0.70955 0.621628 0.331841 0
36.0991 -15.5982 -17.5204 0.64924 -0.280532 0.706958 0
36.0991 15.5982 -17.5204 0.64924 0.280532 0.706958 0
30.0915 25.6464 -17.7622 0.602042 0.513109 0.611772 0
-30.6596 -25.6016 -18.5279 -0.729688 -0.60931 0.310316 0
-30.6596 25.6016 -18.5279 -0.729688 0.60931 0.310316 0
28.4953 26.3371 -17.1187 0.368312 0.340417 0.865137 0
28.4953 -26.3371 -17.1187 0.368312 -0.340417 0.865137 0
-18.2888 -35.5101 -18.5276 -0.435252 -0.845098 0.310428 0
-18.2888 35.5101 -18.5276 -0.435252 0.845098 0.310428 0
-30.3608 24.2889 -17.1661 -0.415783 0.33263 0.846453 0
-30.3608 -24.2889 -17.1661 -0.415783 -0.33263 0.846453 0
-38.6468 -10.0931 -18.5276 -0.919748 -0.240205 0.310428 0
1.41031 -39.9181 -18.5276 0.033564 -0.950004 0.310428 0
-1.41031 39.9181 -18.5276 -0.033564 0.950004 0.310428 0
1.12233 39.9107 -18.4787 0.026538 0.943719 0.329683 0
-39.1926 -7.61986 -18.4787 -0.926739 -0.180177 0.329683 0
-39.1926 7.61986 -18.4787 -0.926739 0.180177 0.329683 0
-0.748775 -38.7352 -17.085 -0.009237 -0.477832 0.878403 0
0.572825 -38.8766 -17.166 0.007844 -0.532345 0.846491 0
15.9943 -36.5829 -18.4787 0.378196 -0.86503 0.329682 0
-15.9943 -36.5829 -18.4787 -0.378196 -0.86503 0.329683 0
15.9943 36.5829 -18.4787 0.378196 0.86503 0.329683 0
-37.965 7.72216 -17.085 -0.468331 0.09526 0.878403 0
-32.2075 -23.5967 -18.4788 -0.761574 -0.557964 0.329668 0
-15.8209 35.3649 -17.085 -0.195164 0.436257 0.878403 0
-15.8209 -35.3649 -17.085 -0.195164 -0.436256 0.878403 0
-31.0601 23.157 -17.085 -0.383169 0.285673 0.878392 0
-31.0601 -23.157 -17.085 -0.383169 -0.285673 0.878392 0
17.8999 34.1687 -17.001 0.190903 0.36441 0.911461 0
-17.8999 -34.1687 -17.001 -0.190903 -0.364409 0.911462 0
17.8999 -34.1687 -17.001 0.190903 -0.36441 0.911461 0
-37.2512 10.0127 -17.001 -0.397284 0.106785 0.911462 0
-37.2512 -10.0127 -17.001 -0.397284 -0.106785 0.911462 0
-1.64288 38.5384 -17.001 -0.017521 0.411012 0.911462 0
-14.6946 35.7875 -17.0557 -0.17323 0.421889 0.889945 0
-14.6946 -35.7875 -17.0557 -0.173229 -0.421888 0.889945 0
-31.7185 22.1499 -17.0557 -0.373925 0.261123 0.889941 0
-31.7185 -22.1499 -17.0557 -0.373925 -0.261123 0.889941 0
-22.9633 -30.8986 -16.9681 -0.227491 -0.306104 0.924418 0
22.9633 -30.8988 -16.9682 0.227527 -0.306154 0.924392 0
-35.1646 15.668 -16.9681 -0.348368 0.15522 0.924417 0
-35.1646 -15.668 -16.9681 -0.348368 -0.15522 0.924417 0
7.61517 37.736 -16.9679 0.0754 0.373635 0.924506 0
-7.61517 -37.736 -16.9679 -0.0754 -0.373635 0.924506 0
7.61749 -37.736 -16.9681 0.075465 -0.373843 0.924417 0
-39.8967 0.567588 -18.4083 -0.93385 0.013285 0.357417 0
-38.4883 0.802388 -16.9679 -0.381084 0.007945 0.924506 0
-9.2657 -38.81 -18.4083 -0.21688 -0.908414 0.357417 0
-9.26659 38.8098 -18.4085 -0.216907 0.90844 0.357335 0
9.2657 38.81 -18.4083 0.21688 0.908414 0.357417 0
-9.18186 37.3858 -16.9679 -0.090925 0.370219 0.924484 0
9.18186 -37.3858 -16.9679 0.090925 -0.370219 0.924484 0
-35.8499 17.5175 -18.4085 -0.839154 0.410039 0.357335 0
-24.9223 -31.1601 -18.4085 -0.583365 -0.729376 0.357345 0
-24.9223 31.1601 -18.4085 -0.583365 0.729376 0.357345 0
24.9222 31.1605 -18.409 0.583412 0.729447 0.357123 0
-24.2291 29.9158 -16.9679 -0.239927 0.296239 0.924488 0
-24.2291 -29.9158 -16.9679 -0.239927 -0.296239 0.924488 0
24.2292 -29.9165 -16.9682 0.240078 -0.296431 0.924387 0
-39.8967 -0.567588 -18.4083 -0.93385 -0.013285 0.357417 0
8.16001 -39.0576 -18.4088 0.191013 -0.914278 0.357225 0
-8.15792 -39.0579 -18.4083 -0.19095 -0.914216 0.357417 0
8.15792 39.0579 -18.4083 0.19095 0.914216 0.357417 0
-36.3333 16.4917 -18.4088 -0.850506 0.386045 0.357225 0
24.0271 -31.8557 -18.409 0.562457 -0.745719 0.357135 0
24.0271 31.8557 -18.409 0.562457 0.745719 0.357135 0
25.8217 -30.4015 -18.3744 0.601228 -0.707863 0.370748 0
25.053 29.3691 -17.0146 0.274563 0.321863 0.906101 0
-25.0528 -29.3674 -17.014 -0.274201 -0.321425 0.906366 0
-35.3045 -18.5624 -18.3731 -0.821849 -0.432112 0.371272 0
-35.3045 18.5624 -18.3731 -0.821849 0.432112 0.371272 0
-34.1257 -18.0424 -17.014 -0.373519 -0.197482 0.906358 0
-10.4051 -38.5058 -18.373 -0.242217 -0.896361 0.371307 0
-10.1611 37.2403 -17.014 -0.111217 0.40761 0.906358 0
10.1611 -37.2403 -17.014 0.111217 -0.40761 0.906358 0
-39.8487 -1.74606 -18.373 -0.92762 -0.040646 0.371307 0
-39.8487 1.74606 -18.373 -0.92762 0.040646 0.371307 0
-38.5601 1.78964 -17.0139 -0.422027 0.019587 0.906372 0
-38.5601 -1.78964 -17.0139 -0.422027 -0.019587 0.906372 0
29.2569 -27.1516 -18.4455 0.688581 -0.639032 0.342775 0
-6.99729 -39.2684 -18.373 -0.162887 -0.914111 0.371307 0
-6.67323 38.0217 -17.0145 -0.073122 0.416625 0.906133 0
-6.66771 -38.0214 -17.0139 -0.072976 -0.416131 0.906372 0
6.67323 -38.0217 -17.0145 0.073122 -0.416625 0.906133 0
-35.6493 14.8092 -17.0145 -0.390629 0.162272 0.906133 0
-23.0697 -32.5391 -18.3742 -0.537131 -0.757608 0.370837 0
-23.0697 32.5391 -18.3742 -0.537131 0.757608 0.370837 0
23.0696 32.5392 -18.3743 0.537139 0.757622 0.370797 0
-22.2313 -31.5588 -17.0145 -0.243599 -0.345805 0.906134 0
22.2313 -31.5589 -17.0146 0.243618 -0.345833 0.906118 0
-26.7363 -29.6055 -18.3841 -0.623474 -0.690382 0.366951 0
-26.7363 29.6055 -18.3841 -0.623474 0.690382 0.366951 0
26.7357 29.6079 -18.3875 0.623795 0.690808 0.365602 0
-25.9609 28.6143 -17.0303 -0.293007 0.322954 0.899915 0
25.9617 -28.6186 -17.0321 0.293973 -0.324059 0.899203 0
-33.5875 19.0955 -17.0304 -0.379112 0.215536 0.899899 0
-33.5875 -19.0955 -17.0304 -0.379112 -0.215536 0.899899 0
11.574 -38.1754 -18.3843 0.269908 -0.890255 0.366872 0
-11.574 38.1754 -18.3843 -0.269908 0.890255 0.366872 0
11.3059 36.9449 -17.0304 0.127609 0.416996 0.899906 0
11.3061 -36.9449 -17.0304 0.127615 -0.417008 0.899899 0
-38.5217 2.97157 -17.0304 -0.434793 0.03354 0.899906 0
-38.5217 -2.97157 -17.0304 -0.434793 -0.03354 0.899906 0
5.79927 39.4676 -18.3842 0.135239 0.920383 0.366886 0
5.506 38.2418 -17.0304 0.062146 0.431634 0.899906 0
-5.52035 38.2432 -17.032 -0.062497 0.432958 0.899245 0
-5.506 -38.2418 -17.0304 -0.062146 -0.431634 0.899906 0
5.52035 -38.2432 -17.032 0.062497 -0.432958 0.899245 0
-37.2453 -14.2898 -18.3871 -0.868947 -0.333386 0.365766 0
-22.0777 -33.2263 -18.3871 -0.515081 -0.775182 0.365767 0
-22.0777 33.2263 -18.3871 -0.515081 0.775182 0.365767 0
-27.6129 28.7954 -18.3946 -0.644976 0.672596 0.362796 0
27.6118 28.8007 -18.4025 0.645735 0.673538 0.359686 0
21.2828 32.2501 -17.0321 0.240953 0.36512 0.899238 0
-21.2828 32.25 -17.032 -0.240945 0.365107 0.899245 0
-21.2828 -32.25 -17.032 -0.240945 -0.365107 0.899245 0
-34.1245 -20.6684 -18.3953 -0.797157 -0.482819 0.362527 0
-34.1245 20.6684 -18.3953 -0.797157 0.482819 0.362527 0
-26.8392 27.8127 -17.0376 -0.306854 0.317984 0.897066 0
-26.8392 -27.8127 -17.0376 -0.306854 -0.317984 0.897066 0
26.8415 -27.8244 -17.0425 0.309527 -0.320862 0.895121 0
12.7183 -37.8142 -18.3953 0.297102 -0.883348 0.362528 0
-12.7183 37.8142 -18.3953 -0.297102 0.883348 0.362528 0
12.7182 37.8142 -18.3953 0.2971 0.883346 0.362534 0
-32.9927 20.134 -17.0376 -0.377207 0.230193 0.897065 0
-32.9927 -20.134 -17.0376 -0.377207 -0.230193 0.897065 0
12.4492 36.5911 -17.0376 0.142331 0.418343 0.897068 0
-12.4493 36.5911 -17.0376 -0.142333 0.418347 0.897066 0
-12.4492 -36.5911 -17.0376 -0.142331 -0.418343 0.897068 0
12.4493 -36.5911 -17.0376 0.142333 -0.418347 0.897066 0
4.63992 -39.6273 -18.4013 0.10849 -0.926564 0.36015 0
-4.61015 -39.6284 -18.3953 -0.107694 -0.925727 0.362534 0
-4.63992 39.6273 -18.4013 -0.10849 0.926564 0.36015 0
4.61015 39.6284 -18.3953 0.107694 0.925727 0.362534 0
-38.4259 4.16447 -17.0376 -0.439319 0.047612 0.897068 0
-37.6579 -13.1809 -18.4013 -0.880515 -0.308196 0.36015 0
-37.6579 13.1809 -18.4013 -0.880515 0.308196 0.36015 0
4.32099 38.4086 -17.0376 0.049401 0.439122 0.897068 0
-4.32099 -38.4086 -17.0376 -0.049401 -0.439122 0.897068 0
-21.0858 -33.871 -18.4013 -0.493026 -0.79197 0.360151 0
-21.0858 33.871 -18.4013 -0.493026 0.79197 0.360151 0
21.0857 33.871 -18.4014 0.493027 0.791972 0.360144 0
-28.453 27.9712 -18.405 -0.665655 0.654384 0.358727 0
20.3055 32.899 -17.0425 0.234144 0.37936 0.895133 0
-20.3055 32.899 -17.0425 -0.23414 0.379355 0.895136 0
-20.3055 -32.899 -17.0425 -0.23414 -0.379355 0.895136 0
-33.4968 21.6797 -18.4076 -0.783966 0.507396 0.357695 0
-27.68 -26.9962 -17.0446 -0.320313 -0.3124 0.894319 0
27.6868 -27.0313 -17.0595 0.32843 -0.320655 0.888433 0
13.8422 37.4224 -18.4076 0.323965 0.875841 0.3577 0
-32.3659 21.1501 -17.0439 -0.374127 0.24448 0.894572 0
-32.3659 -21.1501 -17.0439 -0.374127 -0.24448 0.894572 0
-39.542 5.33662 -18.4076 -0.925446 0.124899 0.3577 0
3.42651 39.753 -18.4076 0.080195 0.930387 0.3577 0
-38.2916 5.35074 -17.0439 -0.442619 0.06185 0.894574 0
-38.0303 -12.085 -18.4177 -0.891423 -0.283269 0.353729 0
-38.0303 12.085 -18.4177 -0.891423 0.283269 0.353729 0
-3.24894 38.5604 -17.0609 -0.038625 0.458424 0.887894 0
20.0976 -34.4737 -18.4177 0.471084 -0.808058 0.353726 0
-36.9221 11.5852 -17.0609 -0.438947 0.137731 0.887894 0
-29.2547 -27.1397 -18.4192 -0.685885 -0.636296 0.353114 0
-29.2547 27.1397 -18.4192 -0.685885 0.636296 0.353114 0
-19.3631 33.5042 -17.0609 -0.230198 0.398313 0.887894 0
-19.3631 -33.5042 -17.0609 -0.230198 -0.398313 0.887894 0
19.3631 -33.5042 -17.0609 0.230199 -0.398315 0.887893 0
-32.85 -22.6628 -18.4301 -0.771415 -0.53219 0.348844 0
-32.85 22.6628 -18.4301 -0.771415 0.53219 0.348844 0
-28.4734 26.2079 -17.0617 -0.338961 0.311991 0.887562 0
-28.4734 -26.2079 -17.0617 -0.338961 -0.311991 0.887562 0
14.9428 -37.0059 -18.43 0.3509 -0.869007 0.348851 0
-14.9428 37.0059 -18.43 -0.3509 0.869007 0.348851 0
14.9428 37.0059 -18.43 0.3509 0.869006 0.348852 0
-39.3758 -6.50152 -18.43 -0.924658 -0.152675 0.348852 0
-39.3758 6.50152 -18.43 -0.924658 0.152675 0.348852 0
2.36619 -39.8417 -18.4379 0.055629 -0.936678 0.345746 0
-2.36619 39.8417 -18.4379 -0.055629 0.936678 0.345746 0
-38.3635 11.009 -18.4379 -0.901927 0.258821 0.345746 0
1.94747 38.6379 -17.0557 0.022958 0.455489 0.889945 0
2.36801 -38.7577 -17.1349 0.031248 -0.511445 0.858747 0
19.1204 -35.0338 -18.4379 0.449522 -0.823645 0.345745 0
-19.1204 -35.0338 -18.4379 -0.449521 -0.823645 0.345746 0
-19.1204 35.0338 -18.4379 -0.449521 0.823645 0.345746 0
-37.3068 10.769 -17.1349 -0.492299 0.142108 0.858747 0
18.6509 34.0575 -17.1349 0.246118 0.449422 0.858747 0
-18.6509 34.0575 -17.1349 -0.246117 0.449421 0.858747 0
-18.6509 -34.0575 -17.1349 -0.246117 -0.449421 0.858748 0
18.6509 -34.0575 -17.1349 0.246118 -0.449422 0.858747 0
-29.1674 25.6338 -17.1353 -0.385104 0.33845 0.858572 0
-29.1674 -25.6338 -17.1353 -0.385104 -0.33845 0.858572 0
23.836 30.7101 -17.1624 0.325022 0.418756 0.847941 0
-23.8359 30.7096 -17.1621 -0.324925 0.418624 0.848043 0
-23.8359 -30.7096 -17.1621 -0.324925 -0.418624 0.848043 0
23.836 -30.7101 -17.1624 0.325022 -0.418756 0.847941 0
-35.1709 16.56 -17.1621 -0.479446 0.225745 0.848039 0
-35.1709 -16.56 -17.1621 -0.479446 -0.225745 0.848039 0
8.48367 37.9372 -17.1619 0.115618 0.517019 0.848129 0
-8.48538 37.9372 -17.1621 -0.115672 0.517155 0.848039 0
8.48538 -37.9372 -17.1621 0.115672 -0.517155 0.848039 0
-38.8742 -0 -17.1619 -0.529789 0 0.848129 0
-0.181304 -39.9561 -18.5702 -0.004337 -0.955903 0.293651 0
-39.0314 8.54838 -18.5702 -0.93378 0.20451 0.293651 0
-16.8654 -36.2227 -18.5702 -0.403486 -0.866584 0.293651 0
-16.8654 36.2227 -18.5702 -0.403486 0.866584 0.293651 0
-31.6655 24.3684 -18.5703 -0.757567 0.582989 0.293625 0
38.2201 -11.1913 -18.2306 0.867644 -0.254056 0.427376 0
38.7135 3.5545 -17.1632 0.528409 0.048516 0.847602 0
39.4683 -3.10988 -17.8331 0.809349 -0.063772 0.583856 0
35.8627 -17.5248 -18.448 0.844356 -0.412607 0.341787 0
34.2242 20.7024 -18.7243 0.832089 0.503334 0.232989 0
39.8674 3.02486 -18.6587 0.963154 0.073077 0.258832 0
34.1787 -19.6156 -17.6071 0.641619 -0.368233 0.672851 0
32.2457 -23.5402 -18.4717 0.76174 -0.556089 0.332441 0
36.844 -12.1823 -17.1206 0.477451 -0.157867 0.86436 0
29.5449 24.6447 -16.9587 0.285907 0.238487 0.928106 0
29.5449 -24.6447 -16.9587 0.285907 -0.238487 0.928106 0
36.1402 13.2837 -16.971 0.360528 0.132516 0.923287 0
36.1402 -13.2837 -16.971 0.360528 -0.132516 0.923287 0
38.1553 -12.0142 -18.7391 0.928892 -0.292485 0.227183 0
39.4525 -6.28799 -18.5507 0.941634 -0.150079 0.301334 0
39.4525 6.28799 -18.5507 0.941634 0.150079 0.301334 0
39.3085 -7.32934 -18.6739 0.951118 -0.177342 0.252832 0
30.7752 25.4417 -18.4883 0.728647 0.602369 0.325923 0
35.6146 14.329 -16.9263 0.314313 0.126459 0.940859 0
35.6146 -14.329 -16.9263 0.314313 -0.126459 0.940859 0
37.4978 9.15313 -17.0126 0.409354 0.099922 0.906888 0
37.4978 -9.15313 -17.0126 0.409354 -0.099922 0.906888 0
30.7877 24.815 -17.7693 0.617552 0.497749 0.608996 0
39.6534 -5.26806 -18.7378 0.965255 -0.128237 0.227679 0
39.6534 5.26806 -18.7378 0.965255 0.128237 0.227679 0
39.3985 -5.27007 -18.0836 0.866652 -0.115926 0.485258 0
39.3985 5.27007 -18.0836 0.866652 0.115926 0.485258 0
38.948 2.70125 -17.276 0.594281 0.041217 0.803201 0
38.9569 5.29374 -17.5105 0.696924 0.094703 0.710865 0
31.7059 22.8267 -17.296 0.49195 0.35418 0.795325 0
31.7059 -22.8267 -17.296 0.49195 -0.35418 0.795325 0
35.663 -16.806 -17.6259 0.675236 -0.318202 0.665435 0
36.4413 -16.2342 -18.3905 0.850645 -0.378954 0.364413 0
37.5217 12.8555 -17.939 0.794913 0.272349 0.542162 0
37.5934 10.1789 -17.2092 0.539086 0.145965 0.829506 0
37.5934 -10.1789 -17.2092 0.539086 -0.145965 0.829506 0
33.3384 20.4201 -17.3168 0.52595 0.322149 0.787145 0
33.4901 -19.1813 -17.0105 0.364071 -0.208521 0.907729 0
37.5828 -11.9258 -17.6316 0.713393 -0.226374 0.663193 0
33.8839 18.073 -16.9312 0.303627 0.161949 0.938927 0
32.9684 -22.535 -18.501 0.781905 -0.534459 0.320902 0
37.7338 -13.1413 -18.5707 0.90279 -0.314408 0.293459 0
37.7338 13.1413 -18.5707 0.90279 0.314408 0.293459 0
38.4538 -10.01 -18.0585 0.840793 -0.218869 0.495139 0
32.2174 22.1357 -17.312 0.506352 0.347901 0.789033 0
32.2174 -22.1357 -17.312 0.506352 -0.347901 0.789033 0
32.3337 -22.7812 -17.7824 0.651631 -0.459117 0.603812 0
38.6624 -2.02202 -17.0704 0.466582 -0.024402 0.884141 0
38.6624 2.02202 -17.0704 0.466582 0.024402 0.884141 0
36.4195 -14.3327 -17.3514 0.589744 -0.23209 0.773522 0
36.4195 14.3327 -17.3514 0.589744 0.23209 0.773522 0
39.6653 -0.954657 -17.9609 0.845526 -0.02035 0.533547 0
29.2204 25.5721 -17.1349 0.385587 0.337444 0.858752 0
29.2204 -25.5721 -17.1349 0.385587 -0.337444 0.858752 0
39.0668 -1.02558 -17.3052 0.610722 -0.016033 0.791683 0
30.0561 25.0124 -17.3224 0.476265 0.396343 0.78491 0
36.2188 12.2594 -16.877 0.264342 0.089475 0.96027 0
36.2188 -12.2594 -16.877 0.264342 -0.089475 0.96027 0
34.8158 -18.9301 -17.8886 0.726656 -0.395099 0.562022 0
34.8158 18.9301 -17.8886 0.726656 0.395099 0.562022 0
38.4536 11.1102 -18.8557 0.944787 0.272973 0.181283 0
34.6546 -17.2568 -17.0695 0.417637 -0.207968 0.884493 0
39.3477 -1.95928 -17.595 0.734516 -0.036574 0.677605 0
38.1085 -9.61307 -17.4981 0.677137 -0.170811 0.715758 0
38.9627 -8.08276 -18.1642 0.872669 -0.181034 0.453514 0
38.9627 8.08276 -18.1642 0.872669 0.181034 0.453514 0
39.0675 -6.16821 -17.7801 0.786684 -0.124206 0.604732 0
39.0675 6.16821 -17.7801 0.786684 0.124206 0.604732 0
39.9771 -0.811675 -18.6714 0.967055 -0.019635 0.253808 0
30.8249 23.196 -17.0029 0.330027 0.248348 0.910717 0
35.195 15.9889 -17.0404 0.404367 0.183702 0.895958 0
37.002 13.0853 -17.4463 0.63809 0.225652 0.736154 0
33.6566 -21.5386 -18.5766 0.8058 -0.515674 0.291148 0
33.6566 21.5386 -18.5766 0.8058 0.515674 0.291148 0
28.4039 25.6957 -16.8968 0.225849 0.204315 0.952496 0
28.4039 -25.6957 -16.8968 0.225849 -0.204315 0.952496 0
32.0577 -1.32919 -16.2902 0.087081 -0.003611 0.996195 0
-12.197 29.6698 -16.2897 -0.033138 0.08061 0.996195 0
-12.197 -29.6698 -16.2897 -0.033138 -0.08061 0.996195 0
-23.8026 21.5622 -16.293 -0.064593 0.058513 0.996195 0
28.2149 15.2065 -16.2873 0.076722 0.04135 0.996195 0
28.2138 -15.2061 -16.2872 0.076722 -0.04135 0.996195 0
4.76213 -31.7314 -16.2903 0.012935 -0.086191 0.996195 0
-31.3707 6.27261 -16.282 -0.085464 0.017089 0.996195 0
-31.3707 -6.27261 -16.282 -0.085464 -0.017089 0.996195 0
16.4747 -27.6241 -16.2971 0.044642 -0.074854 0.996195 0
20.4949 24.7101 -16.2918 0.055641 0.067084 0.996195 0
-30.1381 -10.9245 -16.2877 -0.081939 -0.029701 0.996195 0
29.901 10.9042 -16.2676 0.081881 0.02986 0.996195 0
-20.4186 24.4683 -16.2713 -0.055841 0.066917 0.996195 0
-20.4186 -24.4683 -16.2713 -0.055841 -0.066917 0.996195 0
-15.8329 27.1745 -16.2347 -0.043876 0.075306 0.996195 0
31.0765 5.35157 -16.242 0.085891 0.014791 0.996195 0
-5.45819 31.0083 -16.2377 -0.015109 0.085836 0.996195 0
-27.3744 15.6622 -16.2423 -0.075649 0.043282 0.996195 0
24.1533 20.371 -16.2475 0.066624 0.056191 0.996195 0
11.1307 29.4159 -16.2347 0.030845 0.081515 0.996195 0
11.1307 -29.4159 -16.2347 0.030845 -0.081515 0.996195 0
24.8651 19.8647 -16.2675 0.068094 0.0544 0.996195 0
-14.8009 -28.2142 -16.2706 -0.040488 -0.077181 0.996195 0
-21.5959 -23.413 -16.2698 -0.059092 -0.064064 0.996195 0
29.2767 12.3911 -16.2645 0.080263 0.033971 0.996195 0
29.2713 -12.389 -16.2639 0.080263 -0.033971 0.996195 0
1.74943 31.7538 -16.2654 0.004794 0.087024 0.996195 0
1.74943 -31.7538 -16.2654 0.004794 -0.087024 0.996195 0
-30.4701 9.49167 -16.2752 -0.083212 0.025921 0.996195 0
-30.4701 -9.49167 -16.2752 -0.083212 -0.025921 0.996195 0
19.2437 25.5477 -16.2814 0.052438 0.069616 0.996195 0
18.2272 26.9406 -16.3289 0.048839 0.072186 0.996195 0
-31.3855 -8.10142 -16.319 -0.08439 -0.021783 0.996195 0
3.28955 32.4481 -16.3365 0.008791 0.086711 0.996195 0
3.28955 -32.4481 -16.3365 0.008791 -0.086711 0.996195 0
-23.1651 22.9757 -16.3376 -0.061881 0.061375 0.996195 0
-23.1651 -22.9757 -16.3376 -0.061881 -0.061375 0.996195 0
-13.7462 29.5423 -16.3338 -0.036769 0.07902 0.996195 0
-13.7462 -29.5423 -16.3338 -0.036769 -0.07902 0.996195 0
32.6556 3.07437 -16.3527 0.086772 0.008169 0.996195 0
-8.19032 -31.5292 -16.3331 -0.021913 -0.084356 0.996195 0
-26.8985 18.3967 -16.3342 -0.07194 0.049202 0.996195 0
-26.8985 -18.3967 -16.3342 -0.07194 -0.049202 0.996195 0
26.3169 18.6387 -16.3045 0.071124 0.050373 0.996195 0
26.3168 -18.6387 -16.3045 0.071124 -0.050373 0.996195 0
8.65352 31.1435 -16.311 0.023333 0.083974 0.996195 0
-31.7517 2.55338 -16.27 -0.086875 0.006986 0.996195 0
-31.7517 -2.55338 -16.27 -0.086875 -0.006986 0.996195 0
13.0621 29.4705 -16.3033 0.035316 0.07968 0.996195 0
13.0621 -29.4705 -16.3033 0.035316 -0.07968 0.996195 0
23.4758 -22.2308 -16.3117 0.063284 -0.059927 0.996195 0
-28.8752 14.4751 -16.309 -0.077914 0.039058 0.996195 0
-28.8752 -14.4751 -16.309 -0.077914 -0.039058 0.996195 0
-3.81346 31.9751 -16.3004 -0.010321 0.086542 0.996195 0
31.4042 7.23454 -16.3026 0.084931 0.019565 0.996195 0
31.3412 -7.19836 -16.2965 0.084944 -0.01951 0.996195 0
-17.5454 -26.9468 -16.2963 -0.047556 -0.073038 0.996195 0
34.1289 -0.644428 -16.4695 0.08714 -0.001645 0.996195 0
-12.2006 31.8682 -16.4686 -0.031161 0.081395 0.996195 0
-12.2006 -31.8682 -16.4686 -0.031161 -0.081395 0.996195 0
5.8827 33.6914 -16.4753 0.014991 0.085857 0.996195 0
-33.3418 5.88994 -16.4453 -0.085827 0.015162 0.996195 0
-33.3418 -5.88994 -16.4453 -0.085827 -0.015162 0.996195 0
22.1356 25.914 -16.4648 0.056608 0.06627 0.996195 0
22.1356 -25.914 -16.4648 0.056608 -0.06627 0.996195 0
-31.8304 -12.0616 -16.4611 -0.081501 -0.030883 0.996195 0
-21.3093 26.4576 -16.4553 -0.054669 0.067878 0.996195 0
-21.3093 -26.4576 -16.4553 -0.054669 -0.067878 0.996195 0
-5.02087 34.0443 -16.4938 -0.012716 0.086223 0.996195 0
-5.02087 -34.0443 -16.4938 -0.012716 -0.086223 0.996195 0
-30.3544 16.2839 -16.4968 -0.076802 0.041201 0.996195 0
-30.3544 -16.2839 -16.4968 -0.076802 -0.041201 0.996195 0
25.6904 -23.0152 -16.5008 0.064916 -0.058156 0.996195 0
13.0429 31.863 -16.4953 0.033017 0.08066 0.996195 0
13.0429 -31.863 -16.4953 0.033017 -0.08066 0.996195 0
-33.3024 1.76701 -16.4008 -0.087033 0.004618 0.996195 0
10.2756 32.869 -16.496 0.026006 0.083185 0.996195 0
10.2756 -32.869 -16.496 0.026006 -0.083185 0.996195 0
27.3479 20.7107 -16.4844 0.06948 0.052618 0.996195 0
27.3479 -20.7107 -16.4844 0.06948 -0.052618 0.996195 0
-28.7314 18.5278 -16.4741 -0.073247 0.047234 0.996195 0
-28.7314 -18.5278 -16.4741 -0.073247 -0.047234 0.996195 0
-7.69326 33.2987 -16.4731 -0.019619 0.084919 0.996195 0
-15.1996 -30.5056 -16.4649 -0.038868 -0.078009 0.996195 0
-23.6007 24.6569 -16.4692 -0.060265 0.062962 0.996195 0
31.2034 13.8978 -16.4716 0.079616 0.035461 0.996195 0
31.2004 -13.8965 -16.4713 0.079616 -0.03546 0.996195 0
2.51486 -34.0776 -16.4726 0.006414 -0.086919 0.996195 0
19.8685 27.7994 -16.4726 0.050678 0.070907 0.996195 0
19.8685 -27.7994 -16.4726 0.050678 -0.070907 0.996195 0
-32.0924 1.71097 -16.2948 -0.087032 0.00464 0.996195 0
32.7477 0.671725 -16.3488 0.087137 0.001787 0.996195 0
-10.5133 31.0092 -16.3477 -0.027985 0.082541 0.996195 0
-10.5133 -31.0092 -16.3477 -0.027985 -0.082541 0.996195 0
7.13061 32.0644 -16.3569 0.01892 0.085077 0.996195 0
14.8321 29.3617 -16.3611 0.039297 0.077794 0.996195 0
22.767 23.9689 -16.3753 0.060024 0.063193 0.996195 0
22.767 -23.9689 -16.3753 0.060024 -0.063193 0.996195 0
-30.2325 13.2707 -16.3717 -0.079806 0.035031 0.996195 0
-2.1765 32.8216 -16.3609 -0.005767 0.086965 0.996195 0
-2.1765 -32.8216 -16.3609 -0.005767 -0.086965 0.996195 0
32.3855 -8.02656 -16.4022 0.084596 -0.020967 0.996195 0
-30.1634 14.5089 -16.4115 -0.078542 0.037779 0.996195 0
-30.1634 -14.5089 -16.4115 -0.078542 -0.037779 0.996195 0
23.9387 23.4603 -16.4155 0.062247 0.061003 0.996195 0
23.9387 -23.4603 -16.4155 0.062247 -0.061003 0.996195 0
14.0587 30.2544 -16.4018 0.036728 0.079039 0.996195 0
14.0587 -30.2544 -16.4018 0.036728 -0.079039 0.996195 0
-32.8774 -3.14982 -16.3727 -0.086758 -0.008312 0.996195 0
8.37151 32.3924 -16.4102 0.021808 0.084383 0.996195 0
8.37151 -32.3924 -16.4102 0.021808 -0.084383 0.996195 0
27.6183 18.7704 -16.4046 0.072084 0.048991 0.996195 0
27.6182 -18.7703 -16.4046 0.072084 -0.048991 0.996195 0
-26.543 19.5541 -16.3674 -0.07017 0.051694 0.996195 0
32.8727 -1.95635 -16.3642 0.087002 -0.005178 0.996195 0
-24.0484 22.5329 -16.3663 -0.0636 0.059592 0.996195 0
-24.0484 -22.5329 -16.3663 -0.0636 -0.059592 0.996195 0
4.29772 32.6901 -16.3677 0.01136 0.086412 0.996195 0
-31.9732 -7.15579 -16.3496 -0.085052 -0.019035 0.996195 0
17.5146 27.8544 -16.3618 0.046393 0.073782 0.996195 0
17.5146 -27.8544 -16.3618 0.046393 -0.073782 0.996195 0
20.1942 25.7314 -16.3448 0.053808 0.068562 0.996195 0
20.1942 -25.7314 -16.3448 0.053808 -0.068562 0.996195 0
-30.9781 10.3106 -16.3395 -0.082696 0.027524 0.996195 0
-30.9781 -10.3106 -16.3395 -0.082696 -0.027524 0.996195 0
1.03509 32.5279 -16.3304 0.002772 0.087112 0.996195 0
1.03509 -32.5279 -16.3304 0.002772 -0.087112 0.996195 0
30.2437 -11.9787 -16.3291 0.081031 -0.032094 0.996195 0
-21.5314 -24.4347 -16.3324 -0.057621 -0.065391 0.996195 0
-15.7572 28.1906 -16.3086 -0.042524 0.076078 0.996195 0
32.2351 5.18978 -16.3396 0.086048 0.013853 0.996195 0
32.1204 -5.10769 -16.3286 0.086074 -0.013687 0.996195 0
-6.00943 32.0294 -16.3342 -0.016072 0.085661 0.996195 0
-28.131 16.5244 -16.3374 -0.07515 0.044144 0.996195 0
25.1953 -20.8184 -16.3425 0.067187 -0.055516 0.996195 0
11.0541 30.5889 -16.3287 0.029621 0.081968 0.996195 0
11.0541 -30.5889 -16.3287 0.029621 -0.081968 0.996195 0
-32.4746 -1.06765 -16.3258 -0.087109 -0.002864 0.996195 0
-33.3886 1.06263 -16.4057 -0.087112 0.002772 0.996195 0
-33.9507 0.6059 -16.4539 -0.087142 0.001555 0.996195 0
-36.7773 0.662649 -16.7012 -0.087142 0.00157 0.996195 0
-36.7773 -0.662649 -16.7012 -0.087142 -0.00157 0.996195 0
-16.354 26.4175 -16.2014 -0.045876 0.074105 0.996195 0
-16.354 -26.4175 -16.2014 -0.045876 -0.074105 0.996195 0
30.6464 6.23845 -16.2193 0.085404 0.017385 0.996195 0
30.5498 -6.18698 -16.2101 0.085422 -0.0173 0.996195 0
-4.48727 -30.9187 -16.2165 -0.012518 -0.086252 0.996195 0
23.3188 -20.9499 -16.2256 0.064834 -0.058247 0.996195 0
11.9793 28.9311 -16.2226 0.033343 0.080526 0.996195 0
9.13537 29.9982 -16.2266 0.02539 0.083375 0.996195 0
9.13537 -29.9982 -16.2266 0.02539 -0.083375 0.996195 0
-26.4569 17.3174 -16.2495 -0.072923 0.047732 0.996195 0
-26.4569 -17.3174 -16.2495 -0.072923 -0.047732 0.996195 0
-7.32618 -30.7389 -16.2477 -0.020206 -0.084781 0.996195 0
31.5333 3.45769 -16.2584 0.086636 0.0095 0.996195 0
31.3098 -3.33401 -16.2378 0.086666 -0.009229 0.996195 0
-13.91 -28.431 -16.2522 -0.038303 -0.078288 0.996195 0
-22.1007 -22.755 -16.2583 -0.060723 -0.062521 0.996195 0
28.7971 13.104 -16.2511 0.079329 0.036098 0.996195 0
28.7936 -13.1027 -16.2508 0.079328 -0.036099 0.996195 0
2.58164 -31.5494 -16.2525 0.007108 -0.086865 0.996195 0
-34.3286 1.34192 -16.4888 -0.087089 0.003404 0.996195 0
-34.3286 -1.34192 -16.4888 -0.087089 -0.003404 0.996195 0
17.7287 24.9332 -16.1597 0.050506 0.07103 0.996195 0
30.351 3.83213 -16.1595 0.086469 0.010918 0.996195 0
30.1506 -3.70726 -16.1408 0.086504 -0.010636 0.996195 0
23.9254 18.475 -16.1277 0.068983 0.053268 0.996195 0
9.3884 28.8431 -16.1369 0.026976 0.082876 0.996195 0
-15.6527 -25.6635 -16.113 -0.045383 -0.074408 0.996195 0
-18.7582 -23.574 -16.1188 -0.054267 -0.068199 0.996195 0
28.4692 9.64376 -16.1129 0.082548 0.027963 0.996195 0
-0.560196 30.0513 -16.1127 -0.001624 0.087141 0.996195 0
-28.4932 11.0036 -16.1554 -0.081304 0.031398 0.996195 0
-28.4932 -11.0036 -16.1554 -0.081304 -0.031398 0.996195 0
20.0159 -23.1101 -16.1579 0.05706 -0.065881 0.996195 0
15.135 -26.3702 -16.1432 0.043385 -0.07559 0.996195 0
26.327 14.6618 -16.1195 0.076144 0.042405 0.996195 0
26.3261 -14.6616 -16.1194 0.076144 -0.042406 0.996195 0
-22.7447 -20.1052 -16.139 -0.065301 -0.057723 0.996195 0
-11.1527 28.1504 -16.1322 -0.032102 0.081028 0.996195 0
-11.1527 -28.1504 -16.1322 -0.032102 -0.081028 0.996195 0
30.3738 -0.814716 -16.1414 0.087124 -0.002337 0.996195 0
30.028 -0.016664 -16.1102 0.087156 -4.8e-05 0.996195 0
-23.0073 -19.1698 -16.1031 -0.066959 -0.055791 0.996195 0
25.4084 15.2371 -16.0751 0.074746 0.044824 0.996195 0
25.408 -15.2369 -16.0751 0.074746 -0.044824 0.996195 0
5.71023 29.1121 -16.0786 0.016776 0.085526 0.996195 0
5.71023 -29.1121 -16.0786 0.016776 -0.085526 0.996195 0
-29.1236 4.5782 -16.0624 -0.086098 0.013535 0.996195 0
-29.1236 -4.5782 -16.0624 -0.086098 -0.013535 0.996195 0
14.222 -26.2972 -16.0987 0.041461 -0.076663 0.996195 0
20.2002 -22.3101 -16.1162 0.058498 -0.064608 0.996195 0
-1.29056 29.5509 -16.0709 -0.003803 0.087073 0.996195 0
-1.29056 -29.5509 -16.0709 -0.003803 -0.087073 0.996195 0
28.2487 8.7873 -16.0714 0.083222 0.025888 0.996195 0
28.2238 -8.77931 -16.0691 0.083222 -0.025887 0.996195 0
-17.8655 -23.6913 -16.0791 -0.052476 -0.069588 0.996195 0
29.3401 6.25969 -16.1078 0.085237 0.018185 0.996195 0
29.2364 -6.22127 -16.0982 0.085247 -0.01814 0.996195 0
-4.02762 29.7063 -16.1058 -0.01171 0.086366 0.996195 0
-4.02762 -29.7063 -16.1058 -0.01171 -0.086366 0.996195 0
-26.7034 13.8788 -16.116 -0.077334 0.040194 0.996195 0
-26.7034 -13.8788 -16.116 -0.077334 -0.040194 0.996195 0
11.7703 27.7169 -16.1176 0.034067 0.080222 0.996195 0
-29.0685 1.94508 -16.032 -0.086961 0.005819 0.996195 0
-29.0685 -1.94508 -16.032 -0.086961 -0.005819 0.996195 0
8.41025 -29.0591 -16.1298 0.02423 -0.08372 0.996195 0
24.2645 -17.8433 -16.1182 0.070215 -0.051634 0.996195 0
-25.3384 17.1498 -16.16 -0.072178 0.048852 0.996195 0
-25.3384 -17.1498 -16.16 -0.072178 -0.048852 0.996195 0
30.1885 -2.58886 -16.1339 0.086837 -0.007447 0.996195 0
-21.6235 21.6089 -16.1576 -0.061649 0.061608 0.996195 0
27.4654 13.0179 -16.1423 0.078757 0.037329 0.996195 0
16.7308 25.055 -16.1189 0.0484 0.072481 0.996195 0
16.7308 -25.055 -16.1189 0.0484 -0.072481 0.996195 0
18.0463 23.99 -16.1095 0.052393 0.06965 0.996195 0
-35.1114 -4.78383 -16.5833 -0.086358 -0.011766 0.996195 0
16.0217 -31.569 -16.5804 0.039444 -0.07772 0.996195 0
24.1244 26.0347 -16.5884 0.059238 0.063929 0.996195 0
24.1244 -26.0347 -16.5884 0.059238 -0.063929 0.996195 0
-5.69609 28.971 -16.0663 -0.016814 0.085518 0.996195 0
-2.0808 35.3969 -16.5853 -0.005115 0.087006 0.996195 0
34.0159 10.0286 -16.5858 0.083598 0.024646 0.996195 0
34.0039 -10.0203 -16.5845 0.083601 -0.024636 0.996195 0
22.9803 18.5528 -16.0671 0.067814 0.054749 0.996195 0
22.9803 -18.5528 -16.0671 0.067814 -0.054749 0.996195 0
-20.9666 28.5782 -16.5841 -0.051556 0.070272 0.996195 0
9.64291 27.7066 -16.0497 0.028648 0.082313 0.996195 0
-25.7604 14.3388 -16.0625 -0.076153 0.042389 0.996195 0
-25.7604 -14.3388 -16.0625 -0.076153 -0.042389 0.996195 0
28.9506 5.31652 -16.0583 0.085722 0.015742 0.996195 0
28.7876 -5.25216 -16.0433 0.08574 -0.015643 0.996195 0
-14.858 25.4312 -16.0599 -0.043966 0.075253 0.996195 0
-14.858 -25.4312 -16.0599 -0.043966 -0.075253 0.996195 0
-18.9143 22.5928 -16.061 -0.055948 0.066828 0.996195 0
27.5982 10.1128 -16.0546 0.081835 0.029987 0.996195 0
27.5877 -10.1093 -16.0537 0.081834 -0.029987 0.996195 0
0.174461 29.3938 -16.0548 0.000517 0.087154 0.996195 0
-28.2759 10.2302 -16.1139 -0.081957 0.029652 0.996195 0
-28.2759 -10.2302 -16.1139 -0.081957 -0.029652 0.996195 0
19.2062 23.1807 -16.1168 0.055606 0.067113 0.996195 0
15.6601 -25.3933 -16.0932 0.045749 -0.074183 0.996195 0
-28.9861 -6.26116 -16.0775 -0.085191 -0.018402 0.996195 0
3.76682 29.1447 -16.0541 0.011172 0.086437 0.996195 0
26.1189 13.4147 -16.052 0.077528 0.039819 0.996195 0
26.1175 -13.4143 -16.0519 0.077528 -0.039819 0.996195 0
-21.5725 20.3231 -16.0761 -0.063438 0.059764 0.996195 0
-21.5725 -20.3231 -16.0761 -0.063438 -0.059764 0.996195 0
-11.7054 27.0326 -16.0604 -0.034632 0.07998 0.996195 0
29.4803 -1.54019 -16.0658 0.087037 -0.004547 0.996195 0
-8.98032 -28.9158 -16.1321 -0.02585 -0.083234 0.996195 0
-24.1722 18.2659 -16.1338 -0.069535 0.052545 0.996195 0
25.1289 16.8487 -16.13 0.07239 0.048537 0.996195 0
25.1288 -16.8486 -16.13 0.07239 -0.048537 0.996195 0
7.49711 29.4092 -16.1384 0.02153 0.084455 0.996195 0
7.49711 -29.4092 -16.1384 0.02153 -0.084455 0.996195 0
-29.5978 2.97833 -16.0857 -0.086718 0.008726 0.996195 0
-29.5978 -2.97833 -16.0857 -0.086718 -0.008726 0.996195 0
21.5855 21.3846 -16.1414 0.061916 0.06134 0.996195 0
21.5855 -21.3846 -16.1414 0.061916 -0.06134 0.996195 0
-27.4581 13.0168 -16.1416 -0.078754 0.037334 0.996195 0
-27.4581 -13.0168 -16.1416 -0.078754 -0.037334 0.996195 0
-2.95315 -30.0346 -16.1235 -0.008528 -0.086737 0.996195 0
29.2772 7.3851 -16.1248 0.084509 0.021317 0.996195 0
29.2157 -7.36311 -16.1191 0.084513 -0.021299 0.996195 0
33.6788 9.28693 -16.5396 0.08402 0.023169 0.996195 0
-2.66275 34.825 -16.5388 -0.006645 0.086902 0.996195 0
-31.8867 -14.3567 -16.5425 -0.079472 -0.035782 0.996195 0
24.3909 -25.2285 -16.5532 0.06058 -0.06266 0.996195 0
-17.9126 24.7574 -16.1566 -0.051089 0.070612 0.996195 0
-1.9946 30.3579 -16.1448 -0.005714 0.086968 0.996195 0
-28.1609 12.2963 -16.1715 -0.079873 0.034876 0.996195 0
-28.1609 -12.2963 -16.1715 -0.079873 -0.034876 0.996195 0
21.1365 -22.3256 -16.1728 0.05992 -0.063291 0.996195 0
-29.9455 -3.98395 -16.1261 -0.086395 -0.011494 0.996195 0
25.8227 16.2826 -16.1539 0.073723 0.046487 0.996195 0
-23.9993 19.1584 -16.1697 -0.068114 0.054375 0.996195 0
-23.9993 -19.1584 -16.1697 -0.068114 -0.054375 0.996195 0
-9.86901 29.0506 -16.1674 -0.028035 0.082524 0.996195 0
19.743 29.1403 -16.5626 0.048886 0.072155 0.996195 0
19.743 -29.1403 -16.5626 0.048886 -0.072155 0.996195 0
-33.9489 -8.74538 -16.5502 -0.0844 -0.021742 0.996195 0
3.40811 35.065 -16.5653 0.008431 0.086747 0.996195 0
31.828 -15.0725 -16.5641 0.07877 -0.037302 0.996195 0
-14.9471 31.8467 -16.5609 -0.03703 0.078898 0.996195 0
-14.9471 -31.8467 -16.5609 -0.03703 -0.078898 0.996195 0
-8.78927 -34.1256 -16.5661 -0.021738 -0.084401 0.996195 0
-29.1306 19.8349 -16.5664 -0.072041 0.049053 0.996195 0
-29.1306 -19.8349 -16.5664 -0.072041 -0.049053 0.996195 0
28.6977 20.7487 -16.5813 0.070629 0.051065 0.996195 0
28.6976 -20.7487 -16.5813 0.070629 -0.051065 0.996195 0
9.83818 -34.0757 -16.5861 0.024176 -0.083736 0.996195 0
14.1706 -32.3886 -16.5761 0.034935 -0.079848 0.996195 0
25.8379 -24.1756 -16.5788 0.063642 -0.059547 0.996195 0
-31.4957 -16.0364 -16.5752 -0.077668 -0.039545 0.996195 0
34.4767 7.72914 -16.5743 0.085045 0.019066 0.996195 0
34.4496 -7.70531 -16.5715 0.085054 -0.019024 0.996195 0
-21.6535 27.8708 -16.5709 -0.053472 0.068825 0.996195 0
23.3824 26.5206 -16.5764 0.057639 0.065375 0.996195 0
23.3824 -26.5206 -16.5764 0.057639 -0.065375 0.996195 0
16.906 30.913 -16.5657 0.041819 0.076467 0.996195 0
16.906 -30.913 -16.5657 0.041819 -0.076467 0.996195 0
30.3374 18.0274 -16.5705 0.074926 0.044523 0.996195 0
30.3371 -18.0273 -16.5705 0.074925 -0.044523 0.996195 0
-27.0942 22.4652 -16.5624 -0.067093 0.05563 0.996195 0
-27.0942 -22.4652 -16.5624 -0.067093 -0.05563 0.996195 0
35.2343 0.008915 -16.5657 0.087156 2.2e-05 0.996195 0
-17.2468 -25.1774 -16.1531 -0.049255 -0.071903 0.996195 0
-25.1311 18.0521 -16.1902 -0.070786 0.050847 0.996195 0
-25.1311 -18.0521 -16.1902 -0.070786 -0.050847 0.996195 0
-8.46134 29.7468 -16.1888 -0.023845 0.08383 0.996195 0
-8.46134 -29.7468 -16.1888 -0.023845 -0.08383 0.996195 0
-29.869 -6.92769 -16.1657 -0.084902 -0.019692 0.996195 0
16.5969 25.9569 -16.1786 0.046951 0.073429 0.996195 0
18.9567 -24.0021 -16.159 0.054019 -0.068396 0.996195 0
-28.9445 -9.73098 -16.1547 -0.082612 -0.027774 0.996195 0
1.04009 29.9823 -16.1078 0.003022 0.087103 0.996195 0
1.04009 -29.9823 -16.1078 0.003022 -0.087103 0.996195 0
27.8543 11.1262 -16.1073 0.080938 0.03233 0.996195 0
-19.9745 -22.5143 -16.1163 -0.057841 -0.065196 0.996195 0
-14.4037 26.2922 -16.1059 -0.041875 0.076437 0.996195 0
-14.4037 -26.2922 -16.1059 -0.041875 -0.076437 0.996195 0
-10.7699 33.0533 -16.5245 -0.027001 0.082868 0.996195 0
-10.7699 -33.0533 -16.5245 -0.027001 -0.082868 0.996195 0
29.4316 18.7627 -16.5368 0.073492 0.046851 0.996195 0
-20.0849 -29.4594 -16.6025 -0.049096 -0.072012 0.996195 0
34.5623 8.8997 -16.6055 0.084402 0.021733 0.996195 0
-3.32808 35.525 -16.6047 -0.008129 0.086776 0.996195 0
-32.3105 15.199 -16.607 -0.078866 0.037099 0.996195 0
15.3962 32.3365 -16.6165 0.037467 0.078692 0.996195 0
15.3962 -32.3365 -16.6165 0.037467 -0.078692 0.996195 0
-35.5115 -3.36839 -16.6039 -0.086766 -0.00823 0.996195 0
8.76306 -34.6902 -16.6134 0.021346 -0.084501 0.996195 0
29.6526 19.9595 -16.6103 0.072302 0.048667 0.996195 0
29.6525 -19.9595 -16.6103 0.072302 -0.048667 0.996195 0
-10.1052 34.1416 -16.5982 -0.024736 0.083572 0.996195 0
35.5696 2.0821 -16.6004 0.087007 0.005093 0.996195 0
-14.449 32.894 -16.6264 -0.035051 0.079797 0.996195 0
-14.449 -32.894 -16.6264 -0.035051 -0.079797 0.996195 0
-25.8855 24.6038 -16.6076 -0.063173 0.060045 0.996195 0
32.1034 -16.1871 -16.6286 0.077823 -0.03924 0.996195 0
4.36293 35.7003 -16.6297 0.010573 0.086512 0.996195 0
-34.7303 8.03733 -16.6019 -0.084912 0.01965 0.996195 0
-34.7303 -8.03733 -16.6019 -0.084912 -0.01965 0.996195 0
19.374 -30.2507 -16.626 0.047005 -0.073394 0.996195 0
-33.9319 11.0511 -16.6052 -0.082871 0.02699 0.996195 0
33.1818 13.1926 -16.6072 0.080989 0.0322 0.996195 0
33.1785 -13.1907 -16.6068 0.08099 -0.032199 0.996195 0
-23.637 26.7379 -16.6054 -0.057726 0.065298 0.996195 0
35.3126 -5.55653 -16.6106 0.086096 -0.013548 0.996195 0
-30.7919 18.2084 -16.6128 -0.075021 0.044363 0.996195 0
27.6391 22.7881 -16.6171 0.067246 0.055444 0.996195 0
12.1065 33.714 -16.6171 0.029456 0.082027 0.996195 0
12.1065 -33.714 -16.6171 0.029456 -0.082027 0.996195 0
20.8145 28.6864 -16.5839 0.051185 0.070542 0.996195 0
-33.9507 -9.88615 -16.5768 -0.08368 -0.024367 0.996195 0
2.30439 35.3687 -16.584 0.005666 0.086971 0.996195 0
2.30439 -35.3687 -16.584 0.005666 -0.086971 0.996195 0
-16.0429 31.5486 -16.5796 -0.039505 0.077688 0.996195 0
35.1668 -4.39891 -16.5838 0.086482 -0.010818 0.996195 0
-7.71195 34.6119 -16.5855 -0.018955 0.08507 0.996195 0
-7.71195 -34.6119 -16.5855 -0.018955 -0.08507 0.996195 0
28.1275 -21.752 -16.5939 0.068945 -0.053318 0.996195 0
13.0989 -33.0289 -16.5917 0.03213 -0.081017 0.996195 0
26.718 23.4595 -16.5938 0.065493 0.057505 0.996195 0
26.718 -23.4595 -16.5938 0.065493 -0.057505 0.996195 0
-31.1197 -17.1159 -16.5904 -0.076367 -0.042002 0.996195 0
-5.55006 -35.0605 -16.5887 -0.013627 -0.086084 0.996195 0
34.8573 -6.62034 -16.5872 0.085625 -0.016263 0.996195 0
-18.0447 -30.4836 -16.5823 -0.044396 -0.075001 0.996195 0
-22.556 27.2429 -16.5775 -0.055583 0.067132 0.996195 0
-22.556 -27.2429 -16.5775 -0.055583 -0.067132 0.996195 0
0.01369 35.3795 -16.5784 3.4e-05 0.087156 0.996195 0
0.01369 -35.3795 -16.5784 3.4e-05 -0.087156 0.996195 0
-33.2793 12.0506 -16.5797 -0.081949 0.029674 0.996195 0
-33.2793 -12.0506 -16.5797 -0.081949 -0.029674 0.996195 0
22.6074 -27.2744 -16.5825 0.05562 -0.067101 0.996195 0
18.0425 30.2735 -16.5664 0.04462 0.074868 0.996195 0
-34.4231 6.8943 -16.5545 -0.085459 0.017116 0.996195 0
-34.4231 -6.8943 -16.5545 -0.085459 -0.017116 0.996195 0
5.37617 34.9184 -16.5741 0.013263 0.086141 0.996195 0
31.0194 16.8681 -16.5723 0.076567 0.041637 0.996195 0
-26.229 -23.4849 -16.5633 -0.064931 -0.058138 0.996195 0
-13.206 -32.7072 -16.5691 -0.032631 -0.080817 0.996195 0
35.2577 -1.32311 -16.5699 0.087094 -0.003268 0.996195 0
-34.8452 9.3751 -16.6401 -0.084163 0.022644 0.996195 0
3.03781 -36.0696 -16.65 0.007314 -0.086848 0.996195 0
32.9039 15.0696 -16.6494 0.079241 0.036291 0.996195 0
-25.2808 -25.7958 -16.6431 -0.061004 -0.062247 0.996195 0
-15.7654 32.5484 -16.6472 -0.037993 0.078439 0.996195 0
-15.7654 -32.5484 -16.6472 -0.037993 -0.078439 0.996195 0
-8.45858 35.1859 -16.6492 -0.020372 0.084741 0.996195 0
-30.2411 19.8816 -16.6494 -0.072827 0.047879 0.996195 0
29.0379 -21.7389 -16.6566 0.06977 -0.052233 0.996195 0
13.9408 -33.4671 -16.655 0.033514 -0.080455 0.996195 0
26.8487 24.3727 -16.6556 0.064532 0.058581 0.996195 0
-5.08636 35.8613 -16.652 -0.012239 0.086292 0.996195 0
-5.08636 -35.8613 -16.652 -0.012239 -0.086292 0.996195 0
35.4772 7.3619 -16.6531 0.085338 0.017709 0.996195 0
35.4583 -7.34171 -16.6511 0.085346 -0.017671 0.996195 0
-22.5828 28.2417 -16.6467 -0.05443 0.06807 0.996195 0
34.233 11.6766 -16.6475 0.082489 0.028136 0.996195 0
34.2278 -11.6732 -16.647 0.08249 -0.028133 0.996195 0
-33.8149 12.8676 -16.6485 -0.081457 0.030997 0.996195 0
-33.8149 -12.8676 -16.6485 -0.081457 -0.030997 0.996195 0
23.55 -27.4851 -16.6497 0.056708 -0.066184 0.996195 0
17.856 31.3925 -16.6428 0.043091 0.075758 0.996195 0
17.856 -31.3925 -16.6428 0.043091 -0.075758 0.996195 0
6.18406 -35.6505 -16.6487 0.014896 -0.085873 0.996195 0
31.4379 17.8794 -16.6473 0.075761 0.043087 0.996195 0
-12.8628 33.7625 -16.644 -0.031029 0.081445 0.996195 0
-12.8628 -33.7625 -16.644 -0.031029 -0.081445 0.996195 0
-29.8596 1.09136 -16.0972 -0.087098 0.003183 0.996195 0
-35.3136 -1.60597 -16.5758 -0.087066 -0.00396 0.996195 0
25.083 14.1558 -16.0029 0.075903 0.042836 0.996195 0
4.7854 28.4424 -16.0065 0.014461 0.085948 0.996195 0
4.7854 -28.4424 -16.0065 0.014461 -0.085948 0.996195 0
-28.5928 -5.27143 -16.0268 -0.085711 -0.015802 0.996195 0
14.6523 25.4963 -16.0558 0.043427 0.075566 0.996195 0
-15.3823 24.9088 -16.0444 -0.045794 0.074155 0.996195 0
-15.3823 -24.9088 -16.0444 -0.045794 -0.074155 0.996195 0
23.4266 17.8109 -16.0578 0.069381 0.052749 0.996195 0
23.4266 -17.8109 -16.0578 0.069381 -0.052749 0.996195 0
-24.4147 16.0539 -16.0395 -0.072823 0.047885 0.996195 0
-6.83306 28.3874 -16.0376 -0.020396 0.084736 0.996195 0
28.8542 -3.05628 -16.0216 0.086671 -0.00918 0.996195 0
-20.3249 -21.3901 -16.0646 -0.060035 -0.063182 0.996195 0
26.8157 11.7912 -16.046 0.079783 0.035082 0.996195 0
2.01452 29.2348 -16.0469 0.005992 0.08695 0.996195 0
-18.0848 22.8061 -16.0296 -0.054153 0.06829 0.996195 0
-18.0848 -22.8061 -16.0296 -0.054153 -0.06829 0.996195 0
27.5189 9.28165 -16.024 0.082585 0.027854 0.996195 0
-0.579994 29.0348 -16.0238 -0.001741 0.087138 0.996195 0
-27.7423 -10.7049 -16.0847 -0.081312 -0.031376 0.996195 0
-21.9205 19.1668 -16.0306 -0.065612 0.057369 0.996195 0
-10.5213 27.0734 -16.0243 -0.03157 0.081237 0.996195 0
-10.5213 -27.0734 -16.0243 -0.03157 -0.081237 0.996195 0
-2.16673 -29.1205 -16.0379 -0.006467 -0.086915 0.996195 0
-27.0275 11.9852 -16.0698 -0.079673 0.035331 0.996195 0
20.4494 21.3536 -16.0698 0.060281 0.062947 0.996195 0
13.2066 -26.3046 -16.0582 0.039106 -0.07789 0.996195 0
-28.722 3.62492 -16.0159 -0.08647 0.010913 0.996195 0
6.60836 28.5612 -16.0479 0.019647 0.084912 0.996195 0
6.60836 -28.5612 -16.0479 0.019647 -0.084912 0.996195 0
24.666 15.8957 -16.0504 0.073261 0.047212 0.996195 0
-23.338 18.4596 -16.0864 -0.068357 0.054068 0.996195 0
-23.338 -18.4596 -16.0864 -0.068357 -0.054068 0.996195 0
-9.43342 28.191 -16.0839 -0.027657 0.082651 0.996195 0
-9.43342 -28.191 -16.0839 -0.027657 -0.082651 0.996195 0
29.7876 0.672126 -16.0898 0.087134 0.001966 0.996195 0
-13.8892 -25.167 -15.998 -0.042112 -0.076307 0.996195 0
-19.1083 21.5549 -16.0032 -0.057816 0.065218 0.996195 0
-19.1083 -21.5549 -16.0032 -0.057816 -0.065218 0.996195 0
26.6769 10.6035 -15.9946 0.080992 0.032193 0.996195 0
26.6712 -10.6015 -15.9941 0.080992 -0.032193 0.996195 0
18.4444 23.2725 -16.0811 0.054135 0.068305 0.996195 0
18.4444 -23.2725 -16.0811 0.054135 -0.068305 0.996195 0
20.4952 -26.8473 -16.4381 0.052886 -0.069277 0.996195 0
-32.1212 10.2195 -16.4321 -0.083054 0.026424 0.996195 0
-32.1212 -10.2195 -16.4321 -0.083054 -0.026424 0.996195 0
17.7607 28.9781 -16.4567 0.045544 0.074309 0.996195 0
31.1861 -12.764 -16.4312 0.080661 -0.033014 0.996195 0
-33.1123 7.02982 -16.4446 -0.085256 0.0181 0.996195 0
4.80539 -33.7303 -16.4639 0.012293 -0.086285 0.996195 0
-15.868 29.4497 -16.4098 -0.041342 0.076727 0.996195 0
-15.868 -29.4497 -16.4098 -0.041342 -0.076727 0.996195 0
30.0903 15.9257 -16.4616 0.077032 0.04077 0.996195 0
33.4199 5.04213 -16.4401 0.08618 0.013002 0.996195 0
33.3262 -4.96043 -16.4309 0.086206 -0.012831 0.996195 0
-25.0589 -22.9703 -16.4572 -0.064248 -0.058893 0.996195 0
-6.56257 -33.0929 -16.4347 -0.016953 -0.085491 0.996195 0
-13.1192 31.3861 -16.4593 -0.033612 0.080413 0.996195 0
-13.1192 -31.3861 -16.4593 -0.033612 -0.080413 0.996195 0
12.0422 31.2727 -16.4149 0.031319 0.081334 0.996195 0
12.0422 -31.2727 -16.4149 0.031319 -0.081334 0.996195 0
25.4556 21.934 -16.4229 0.066026 0.056892 0.996195 0
-29.2655 -16.4106 -16.4186 -0.07602 -0.042628 0.996195 0
33.0147 6.00921 -16.419 0.085747 0.015607 0.996195 0
-21.7999 25.4663 -16.4159 -0.056678 0.06621 0.996195 0
0.574598 33.514 -16.4156 0.001494 0.087143 0.996195 0
21.0922 26.1959 -16.4255 0.05466 0.067886 0.996195 0
21.0922 -26.1959 -16.4255 0.05466 -0.067886 0.996195 0
-28.4336 0.924497 -15.972 -0.08711 0.002832 0.996195 0
-28.4336 -0.924497 -15.972 -0.08711 -0.002832 0.996195 0
32.1635 -0.362098 -16.2972 0.08715 -0.000981 0.996195 0
-11.2972 30.0926 -16.2953 -0.030632 0.081595 0.996195 0
-11.2972 -30.0926 -16.2953 -0.030632 -0.081595 0.996195 0
5.83187 31.6276 -16.2968 0.015804 0.085711 0.996195 0
5.83187 -31.6276 -16.2968 0.015804 -0.085711 0.996195 0
15.8448 28.5741 -16.3416 0.042266 0.076221 0.996195 0
15.8448 -28.5741 -16.3416 0.042266 -0.076221 0.996195 0
21.6033 -24.5929 -16.347 0.05752 -0.06548 0.996195 0
-0.852152 -32.5129 -16.3286 -0.002284 -0.087126 0.996195 0
30.8858 10.2034 -16.3289 0.082757 0.027339 0.996195 0
30.8673 -10.1941 -16.3271 0.082759 -0.027332 0.996195 0
-16.661 -27.6257 -16.3056 -0.045011 -0.074633 0.996195 0
31.7566 -6.1113 -16.3124 0.085585 -0.01647 0.996195 0
-4.96029 -32.0148 -16.3175 -0.013344 -0.086128 0.996195 0
12.0509 -30.073 -16.3175 0.032419 -0.080902 0.996195 0
19.3639 26.5845 -16.3605 0.051314 0.070448 0.996195 0
19.3639 -26.5845 -16.3605 0.051314 -0.070448 0.996195 0
-31.4691 9.26177 -16.3531 -0.08361 0.024607 0.996195 0
-31.4691 -9.26177 -16.3531 -0.08361 -0.024607 0.996195 0
9.94407 31.0795 -16.338 0.02656 0.08301 0.996195 0
9.94407 -31.0795 -16.338 0.02656 -0.08301 0.996195 0
2.22171 32.764 -16.3562 0.005896 0.086956 0.996195 0
30.0656 13.1768 -16.355 0.079826 0.034985 0.996195 0
-27.7132 17.598 -16.3552 -0.073575 0.046721 0.996195 0
-22.5689 -23.8715 -16.3572 -0.059876 -0.063332 0.996195 0
-7.16295 32.0158 -16.3534 -0.019029 0.085053 0.996195 0
-7.16295 -32.0158 -16.3534 -0.019029 -0.085053 0.996195 0
-14.7539 -29.2858 -16.3521 -0.039213 -0.077836 0.996195 0
32.6536 4.11783 -16.3625 0.086471 0.010905 0.996195 0
-30.4073 2.2716 -16.1508 -0.086914 0.006493 0.996195 0
26.5739 15.6958 -16.1833 0.075043 0.044324 0.996195 0
5.77918 -30.365 -16.1874 0.016295 -0.085619 0.996195 0
-30.1047 -4.79299 -16.1501 -0.086072 -0.013704 0.996195 0
14.7084 27.0725 -16.1786 0.041607 0.076583 0.996195 0
14.7084 -27.0725 -16.1786 0.041607 -0.076583 0.996195 0
20.7196 -22.9809 -16.1902 0.058361 -0.064731 0.996195 0
-28.6187 -11.697 -16.188 -0.080677 -0.032974 0.996195 0
29.1165 -9.17461 -16.1539 0.083127 -0.026193 0.996195 0
-18.5704 -24.3622 -16.1631 -0.052836 -0.069314 0.996195 0
-17.1057 25.9378 -16.2014 -0.047983 0.072758 0.996195 0
-17.1057 -25.9378 -16.2014 -0.047983 -0.072758 0.996195 0
30.1667 -6.99958 -16.1925 0.0849 -0.019699 0.996195 0
-3.60701 30.8157 -16.1975 -0.010132 0.086565 0.996195 0
-27.8966 13.8872 -16.2094 -0.078023 0.038841 0.996195 0
-27.8966 -13.8872 -16.2094 -0.078023 -0.038841 0.996195 0
22.5772 21.49 -16.2101 0.06313 0.06009 0.996195 0
22.5772 -21.49 -16.2101 0.06313 -0.06009 0.996195 0
12.6872 28.4171 -16.2058 0.035532 0.079584 0.996195 0
12.6872 -28.4171 -16.2058 0.035532 -0.079584 0.996195 0
8.24499 30.0736 -16.2113 0.023044 0.084054 0.996195 0
25.2462 17.7987 -16.1856 0.071233 0.05022 0.996195 0
25.246 -17.7986 -16.1856 0.071233 -0.05022 0.996195 0
-25.955 17.9078 -16.2419 -0.071738 0.049496 0.996195 0
-8.04938 30.4722 -16.2405 -0.022259 0.084265 0.996195 0
-13.1426 -28.6709 -16.2425 -0.036318 -0.079228 0.996195 0
-22.58 -22.1315 -16.2493 -0.062243 -0.061007 0.996195 0
28.34 13.7896 -16.2405 0.078371 0.038133 0.996195 0
3.38072 -31.3578 -16.2425 0.009342 -0.086654 0.996195 0
17.468 -25.9209 -16.2178 0.048706 -0.072276 0.996195 0
33.9793 0.357996 -16.4561 0.087151 0.000918 0.996195 0
-11.2106 -32.0627 -16.4547 -0.028766 -0.082272 0.996195 0
-26.3528 21.415 -16.4539 -0.067639 0.054965 0.996195 0
-26.3528 -21.415 -16.4539 -0.067639 -0.054965 0.996195 0
29.0549 17.7584 -16.4623 0.074365 0.045452 0.996195 0
6.89672 33.3916 -16.4661 0.017629 0.085354 0.996195 0
6.89672 -33.3916 -16.4661 0.017629 -0.085354 0.996195 0
15.7121 30.3527 -16.4733 0.040066 0.0774 0.996195 0
23.3029 25.3013 -16.4925 0.059045 0.064108 0.996195 0
23.3029 -25.3013 -16.4925 0.059045 -0.064108 0.996195 0
-31.6444 13.36 -16.4883 -0.080293 0.033899 0.996195 0
-1.78221 34.2361 -16.4824 -0.004531 0.087038 0.996195 0
-1.78221 -34.2361 -16.4824 -0.004531 -0.087038 0.996195 0
32.8244 9.91447 -16.483 0.083433 0.025201 0.996195 0
-20.4697 27.4936 -16.4819 -0.052048 0.069908 0.996195 0
-20.4697 -27.4936 -16.4819 -0.052048 -0.069908 0.996195 0
-18.4691 28.7219 -16.4706 -0.047139 0.073308 0.996195 0
-18.4691 -28.7219 -16.4706 -0.047139 -0.073308 0.996195 0
33.3382 -7.57055 -16.4741 0.084992 -0.0193 0.996195 0
-30.5815 15.4432 -16.4804 -0.077799 0.039287 0.996195 0
13.8343 31.292 -16.4764 0.035241 0.079713 0.996195 0
13.8343 -31.292 -16.4764 0.035241 -0.079713 0.996195 0
9.2499 33.1493 -16.4941 0.023425 0.083949 0.996195 0
9.2499 -33.1493 -16.4941 0.023425 -0.083949 0.996195 0
-27.8667 -19.3281 -16.4502 -0.071616 -0.049672 0.996195 0
-8.73875 32.762 -16.4496 -0.022462 0.084212 0.996195 0
-8.73875 -32.762 -16.4496 -0.022462 -0.084212 0.996195 0
33.8617 2.92772 -16.4567 0.086832 0.007508 0.996195 0
23.1195 28.4328 -16.6892 0.054985 0.067622 0.996195 0
-13.8868 33.9198 -16.6898 -0.033021 0.080658 0.996195 0
0.331828 -36.6294 -16.6879 0.00079 -0.087152 0.996195 0
-27.0931 -24.5936 -16.6844 -0.064533 -0.05858 0.996195 0
34.3491 -12.7154 -16.6876 0.081735 -0.030257 0.996195 0
32.3228 17.3217 -16.6915 0.07682 0.041168 0.996195 0
32.3225 -17.3216 -16.6914 0.07682 -0.041168 0.996195 0
-23.5977 28.0051 -16.6871 -0.05616 0.066649 0.996195 0
-18.3699 31.6976 -16.6883 -0.043701 0.075408 0.996195 0
-18.3699 -31.6976 -16.6883 -0.043701 -0.075408 0.996195 0
-35.7886 7.4052 -16.6805 -0.085348 0.01766 0.996195 0
36.0909 6.55522 -16.6923 0.085753 0.015575 0.996195 0
36.0755 -6.53395 -16.6906 0.08576 -0.015533 0.996195 0
-6.05503 36.1664 -16.6913 -0.014391 0.085959 0.996195 0
-6.05503 -36.1664 -16.6913 -0.014391 -0.085959 0.996195 0
-31.9817 17.956 -16.692 -0.075997 0.042668 0.996195 0
27.7673 23.9975 -16.6939 0.065942 0.056989 0.996195 0
27.7673 -23.9975 -16.6939 0.065942 -0.056989 0.996195 0
13.2154 -34.2342 -16.6936 0.031387 -0.081308 0.996195 0
11.6399 34.821 -16.6952 0.027631 0.08266 0.996195 0
28.818 22.7298 -16.6942 0.068432 0.053974 0.996195 0
28.818 -22.7298 -16.6942 0.068432 -0.053974 0.996195 0
-14.0677 -30.7913 -16.4448 -0.036218 -0.079274 0.996195 0
-24.2028 23.6674 -16.4447 -0.062314 0.060935 0.996195 0
-31.1296 -19.3662 -16.6906 -0.074004 -0.046039 0.996195 0
3.65243 33.7073 -16.4494 0.009389 0.086649 0.996195 0
3.65243 -33.7073 -16.4494 0.009389 -0.086649 0.996195 0
-7.67322 -35.846 -16.6903 -0.018243 -0.085225 0.996195 0
-32.7336 -8.11813 -16.4337 -0.084593 -0.02098 0.996195 0
18.7015 28.218 -16.4448 0.048148 0.072649 0.996195 0
18.7015 -28.218 -16.4448 0.048148 -0.072649 0.996195 0
36.332 -4.87423 -16.6902 0.086382 -0.011589 0.996195 0
-24.8732 26.8784 -16.6871 -0.059196 0.063968 0.996195 0
33.7409 14.3069 -16.6895 0.08024 0.034024 0.996195 0
33.7396 -14.3062 -16.6893 0.08024 -0.034023 0.996195 0
2.03488 36.5955 -16.6897 0.004839 0.087021 0.996195 0
-35.0689 -10.5077 -16.686 -0.083489 -0.025016 0.996195 0
21.7793 -29.4797 -16.6898 0.051789 -0.0701 0.996195 0
18.667 -24.8472 -16.2021 0.05235 -0.069682 0.996195 0
28.2161 12.163 -16.1713 0.080036 0.034501 0.996195 0
-21.0618 22.5321 -16.1815 -0.059516 0.063671 0.996195 0
-21.0618 -22.5321 -16.1815 -0.059516 -0.063671 0.996195 0
-14.0578 -27.3239 -16.1715 -0.039873 -0.0775 0.996195 0
30.2426 -4.59185 -16.1593 0.086168 -0.013083 0.996195 0
-5.84395 30.1476 -16.1698 -0.016586 0.085563 0.996195 0
-26.4281 -15.727 -16.1737 -0.074897 -0.044571 0.996195 0
10.36 28.6493 -16.1484 0.029639 0.081961 0.996195 0
10.36 -28.6493 -16.1484 0.029639 -0.081961 0.996195 0
11.1788 -28.4788 -16.1598 0.031846 -0.081129 0.996195 0
-15.3583 26.379 -16.1536 -0.043852 0.07532 0.996195 0
-19.7031 23.5217 -16.1676 -0.055966 0.066813 0.996195 0
-12.2252 28.5039 -16.1966 -0.034354 0.080099 0.996195 0
0.193604 30.6175 -16.1618 0.000551 0.087154 0.996195 0
0.193604 -30.6175 -16.1618 0.000551 -0.087154 0.996195 0
-22.7317 21.2286 -16.2042 -0.063698 0.059486 0.996195 0
-22.7317 -21.2286 -16.2042 -0.063698 -0.059486 0.996195 0
-29.1854 10.557 -16.1984 -0.081959 0.029646 0.996195 0
-29.1854 -10.557 -16.1984 -0.081959 -0.029646 0.996195 0
27.475 -14.2561 -16.1912 0.077362 -0.040141 0.996195 0
19.8246 -23.9331 -16.202 0.055597 -0.06712 0.996195 0
4.10964 30.7107 -16.1939 0.01156 0.086386 0.996195 0
16.0739 26.5941 -16.2018 0.045083 0.07459 0.996195 0
16.0739 -26.5941 -16.2018 0.045083 -0.07459 0.996195 0
-30.2458 6.23445 -16.1849 -0.085361 0.017595 0.996195 0
12.4388 34.5764 -16.6979 0.029503 0.08201 0.996195 0
12.4388 -34.5764 -16.6979 0.029503 -0.08201 0.996195 0
28.3316 23.3972 -16.6978 0.067202 0.055498 0.996195 0
-6.87493 -36.0604 -16.6948 -0.016322 -0.085614 0.996195 0
-24.2716 -27.488 -16.6913 -0.057688 -0.065332 0.996195 0
1.18301 -36.6671 -16.6927 0.00281 -0.08711 0.996195 0
20.3604 -30.6214 -16.7003 0.048257 -0.072577 0.996195 0
-34.8708 11.3406 -16.6912 -0.082883 0.026955 0.996195 0
-34.8708 -11.3406 -16.6912 -0.082883 -0.026955 0.996195 0
-35.6116 8.69552 -16.6903 -0.084668 0.020674 0.996195 0
-35.6116 -8.69552 -16.6903 -0.084668 -0.020674 0.996195 0
22.486 28.9982 -16.6935 0.053407 0.068875 0.996195 0
3.84102 36.5888 -16.7018 0.009099 0.086679 0.996195 0
3.84102 -36.5888 -16.7018 0.009099 -0.086679 0.996195 0
33.1206 -16.0026 -16.7013 0.078476 -0.037916 0.996195 0
19.7333 31.0288 -16.7002 0.046771 0.073543 0.996195 0
4.57271 36.5114 -16.7024 0.010831 0.08648 0.996195 0
4.57271 -36.5114 -16.7024 0.010831 -0.08648 0.996195 0
32.7993 -16.6639 -16.7018 0.077702 -0.039477 0.996195 0
-20.9607 29.4234 -16.6437 -0.050569 0.070985 0.996195 0
-14.6676 33.7231 -16.7005 -0.034762 0.079923 0.996195 0
-16.8381 24.0601 -16.0524 -0.049973 0.071406 0.996195 0
-16.8381 -24.0601 -16.0524 -0.049973 -0.071406 0.996195 0
-2.6205 -36.0456 -16.645 -0.00632 -0.086926 0.996195 0
-33.0339 14.7078 -16.6467 -0.079621 0.03545 0.996195 0
16.1635 32.3055 -16.6435 0.038998 0.077944 0.996195 0
-36.2213 4.43945 -16.6758 -0.086508 0.010603 0.996195 0
-36.2213 -4.43945 -16.6758 -0.086508 -0.010603 0.996195 0
30.9394 19.9379 -16.7033 0.073262 0.047211 0.996195 0
30.9394 -19.9379 -16.7033 0.073262 -0.047211 0.996195 0
-23.1931 -17.5568 -16.028 -0.069491 -0.052603 0.996195 0
-9.46294 35.3551 -16.6851 -0.022534 0.084192 0.996195 0
-9.46294 -35.3551 -16.6851 -0.022534 -0.084192 0.996195 0
-8.64419 -27.7535 -16.0263 -0.025918 -0.083213 0.996195 0
-29.1786 -22.3427 -16.6983 -0.069199 -0.052987 0.996195 0
-30.0577 -20.8822 -16.6851 -0.071577 -0.049727 0.996195 0
-11.1331 -35.0298 -16.6989 -0.026398 -0.083062 0.996195 0
9.87523 35.3389 -16.6933 0.023457 0.08394 0.996195 0
-36.6939 2.87677 -16.7033 -0.086889 0.006812 0.996195 0
-36.6939 -2.87677 -16.7033 -0.086889 -0.006812 0.996195 0
14.9933 -33.4684 -16.6916 0.035632 -0.079539 0.996195 0
26.5079 25.3107 -16.6897 0.063035 0.060189 0.996195 0
26.5079 -25.3107 -16.6897 0.063035 -0.060189 0.996195 0
-32.7999 -16.3146 -16.6881 -0.078036 -0.038815 0.996195 0
-4.22758 -36.3762 -16.687 -0.010061 -0.086573 0.996195 0
-19.9275 -30.6987 -16.6851 -0.047454 -0.073104 0.996195 0
-22.0057 29.1908 -16.6813 -0.052465 0.069596 0.996195 0
-22.0057 -29.1908 -16.6813 -0.052465 -0.069596 0.996195 0
34.9257 -10.8057 -16.6816 0.083262 -0.025761 0.996195 0
-1.65886 -36.5257 -16.682 -0.003954 -0.087066 0.996195 0
17.0892 32.2657 -16.6775 0.040793 0.07702 0.996195 0
17.0892 -32.2657 -16.6775 0.040793 -0.07702 0.996195 0
7.14408 35.8935 -16.685 0.017013 0.085479 0.996195 0
7.14408 -35.8935 -16.685 0.017013 -0.085479 0.996195 0
31.3429 18.866 -16.6837 0.074672 0.044947 0.996195 0
31.3428 -18.866 -16.6837 0.074672 -0.044947 0.996195 0
-28.2889 -23.1059 -16.6787 -0.067501 -0.055134 0.996195 0
-12.146 -34.4645 -16.6801 -0.028969 -0.0822 0.996195 0
36.5487 0.25903 -16.6808 0.087154 0.000618 0.996195 0
33.5638 8.4222 -16.5106 0.084535 0.021212 0.996195 0
33.5357 -8.40148 -16.5078 0.084543 -0.02118 0.996195 0
-3.43593 34.4188 -16.5093 -0.008657 0.086725 0.996195 0
24.7282 24.3436 -16.519 0.06211 0.061143 0.996195 0
14.8704 31.2207 -16.5086 0.037478 0.078686 0.996195 0
14.8704 -31.2207 -16.5086 0.037478 -0.078686 0.996195 0
28.6701 19.2892 -16.5063 0.072313 0.048652 0.996195 0
28.67 -19.2891 -16.5063 0.072313 -0.048652 0.996195 0
-27.6002 20.3448 -16.4829 -0.070156 0.051714 0.996195 0
-9.78458 -32.8632 -16.483 -0.024871 -0.083532 0.996195 0
34.2683 1.9744 -16.4862 0.087011 0.005013 0.996195 0
-10.3101 35.199 -16.692 -0.024499 0.083642 0.996195 0
-10.3101 -35.199 -16.692 -0.024499 -0.083642 0.996195 0
-29.621 -21.6259 -16.6918 -0.070392 -0.051392 0.996195 0
30.431 -20.5916 -16.6977 0.072183 -0.048844 0.996195 0
16.146 33.036 -16.7001 0.03827 0.078304 0.996195 0
16.146 -33.036 -16.7001 0.03827 -0.078304 0.996195 0
25.8338 -25.9815 -16.6886 0.061452 -0.061804 0.996195 0
-33.2202 15.4682 -16.6891 -0.07901 0.036789 0.996195 0
-33.2202 -15.4682 -16.6891 -0.07901 -0.036789 0.996195 0
-3.28423 36.4841 -16.688 -0.007814 0.086805 0.996195 0
35.445 9.267 -16.6884 0.084321 0.022046 0.996195 0
35.4366 -9.25993 -16.6875 0.084324 -0.022035 0.996195 0
-20.7268 30.187 -16.6867 -0.049333 0.07185 0.996195 0
-20.7268 -30.187 -16.6867 -0.049333 -0.07185 0.996195 0
-18.0581 -25.9466 -16.2488 -0.049787 -0.071536 0.996195 0
-9.47605 30.1338 -16.2467 -0.026145 0.083142 0.996195 0
31.5266 1.34465 -16.2438 0.087077 0.003714 0.996195 0
19.5671 24.7999 -16.2468 0.053986 0.068423 0.996195 0
19.5671 -24.7999 -16.2468 0.053986 -0.068423 0.996195 0
-29.8945 10.0354 -16.242 -0.082624 0.027737 0.996195 0
-29.8945 -10.0354 -16.242 -0.082624 -0.027737 0.996195 0
1.00962 -31.2389 -16.2176 0.002815 -0.08711 0.996195 0
29.0386 -11.5188 -16.2162 0.081015 -0.032136 0.996195 0
-20.7195 23.4855 -16.2231 -0.057659 0.065357 0.996195 0
-12.8706 -29.3314 -16.2855 -0.035021 -0.07981 0.996195 0
-23.2696 22.0884 -16.2901 -0.063212 0.060003 0.996195 0
-23.2696 -22.0884 -16.2901 -0.063212 -0.060003 0.996195 0
28.5445 -14.4871 -16.2836 0.077719 -0.039445 0.996195 0
3.96995 -31.7924 -16.2862 0.010799 -0.086484 0.996195 0
17.0627 26.822 -16.2643 0.04678 0.073537 0.996195 0
15.9111 24.1182 -16.011 0.047994 0.072751 0.996195 0
-27.9585 6.90779 -16.0027 -0.084611 0.020905 0.996195 0
2.79383 27.9865 -15.9438 0.008658 0.086725 0.996195 0
2.79383 -27.9865 -15.9438 0.008658 -0.086725 0.996195 0
25.3741 -12.1045 -15.9427 0.078664 -0.037526 0.996195 0
-20.371 20.2336 -15.9951 -0.061837 0.06142 0.996195 0
28.8523 0.224293 -16.0074 0.087153 0.000678 0.996195 0
-11.9036 25.5137 -15.9463 -0.03685 0.078982 0.996195 0
-11.9036 -25.5137 -15.9463 -0.03685 -0.078982 0.996195 0
-9.46894 -27.1094 -15.9954 -0.02874 -0.082281 0.996195 0
28.1554 2.08327 -15.9531 0.086918 0.006431 0.996195 0
28.0508 -1.99728 -15.9434 0.086936 -0.00619 0.996195 0
-22.3057 18.1367 -15.9983 -0.067623 0.054984 0.996195 0
-7.54272 27.1862 -15.9514 -0.023301 0.083983 0.996195 0
23.9545 14.7135 -15.9426 0.074265 0.045616 0.996195 0
-23.034 16.3139 -15.9526 -0.071124 0.050374 0.996195 0
5.60248 27.6364 -15.9502 0.017316 0.085418 0.996195 0
5.60248 -27.6364 -15.9502 0.017316 -0.085418 0.996195 0
-27.7188 -4.37458 -15.9382 -0.08609 -0.013587 0.996195 0
7.58361 28.1486 -16.0336 0.022673 0.084155 0.996195 0
13.7121 -25.2629 -15.9979 0.041577 -0.0766 0.996195 0
19.4192 -21.6026 -16.0245 0.058266 -0.064817 0.996195 0
12.0651 -26.4415 -16.0259 0.03618 -0.079291 0.996195 0
-26.8939 10.9494 -16.0235 -0.080722 0.032865 0.996195 0
-26.8939 -10.9494 -16.0235 -0.080722 -0.032865 0.996195 0
20.8608 -20.2628 -16.0274 0.062518 -0.060726 0.996195 0
-26.1812 12.7323 -16.0302 -0.078379 0.038117 0.996195 0
-26.1812 -12.7323 -16.0302 -0.078379 -0.038117 0.996195 0
26.9336 -8.37977 -15.9509 0.083221 -0.025892 0.996195 0
-25.9392 -18.6146 -16.2764 -0.07081 -0.050815 0.996195 0
31.6495 2.44692 -16.2603 0.086896 0.006718 0.996195 0
-17.0181 -22.58 -15.9568 -0.052457 -0.069601 0.996195 0
28.0817 -6.72824 -16.0095 0.084757 -0.020307 0.996195 0
-15.6256 24.0784 -15.9944 -0.047445 0.07311 0.996195 0
-15.6256 -24.0784 -15.9944 -0.047445 -0.07311 0.996195 0
-25.409 13.5098 -16.0008 -0.076954 0.040916 0.996195 0
21.3032 19.1894 -15.9915 0.064757 0.058332 0.996195 0
21.3032 -19.1894 -15.9915 0.064757 -0.058332 0.996195 0
10.9472 -26.6241 -16.0016 0.033144 -0.080608 0.996195 0
8.61183 27.8534 -16.0338 0.025745 0.083267 0.996195 0
-27.6982 1.76276 -15.9113 -0.08698 0.005536 0.996195 0
-27.6982 -1.76276 -15.9113 -0.08698 -0.005536 0.996195 0
-31.0714 1.69251 -16.2055 -0.087027 0.00474 0.996195 0
-31.0714 -1.69251 -16.2055 -0.087027 -0.00474 0.996195 0
-10.7045 25.834 -15.9296 -0.033363 0.080517 0.996195 0
-10.7045 -25.834 -15.9296 -0.033363 -0.080517 0.996195 0
24.595 13.0869 -15.9205 0.076942 0.04094 0.996195 0
3.96974 -27.5945 -15.9222 0.01241 -0.086268 0.996195 0
-27.4647 5.71771 -15.9375 -0.085326 0.017764 0.996195 0
-27.4647 -5.71771 -15.9375 -0.085326 -0.017764 0.996195 0
14.5127 24.1377 -15.9472 0.04491 0.074694 0.996195 0
14.5127 -24.1377 -15.9472 0.04491 -0.074694 0.996195 0
18.5406 22.2872 -16.0195 0.055739 0.067002 0.996195 0
18.5406 -22.2872 -16.0195 0.055739 -0.067002 0.996195 0
-27.2207 -9.9057 -16.0174 -0.081901 -0.029804 0.996195 0
0.003126 27.9546 -15.9288 1e-05 0.087156 0.996195 0
-17.8471 -21.575 -15.9328 -0.055553 -0.067157 0.996195 0
-14.4572 -24.1699 -15.9471 -0.044739 -0.074796 0.996195 0
-4.97279 -28.0434 -15.9749 -0.015218 -0.085817 0.996195 0
-24.7543 14.1826 -15.9791 -0.075623 0.043327 0.996195 0
-24.7543 -14.1826 -15.9791 -0.075623 -0.043327 0.996195 0
9.95534 26.7098 -15.9769 0.030439 0.081667 0.996195 0
8.90311 26.5053 -15.9293 0.027752 0.082619 0.996195 0
22.4059 17.2352 -15.9562 0.069082 0.053139 0.996195 0
1.59384 27.8002 -15.9193 0.004989 0.087013 0.996195 0
25.6142 10.9107 -15.9189 0.080184 0.034156 0.996195 0
25.6118 -10.9099 -15.9187 0.080184 -0.034156 0.996195 0
-19.1344 20.3599 -15.9275 -0.059687 0.06351 0.996195 0
27.6815 -3.66561 -15.9261 0.086401 -0.011441 0.996195 0
-12.8448 24.7098 -15.9196 -0.040199 0.077332 0.996195 0
-12.8448 -24.7098 -15.9196 -0.040199 -0.077332 0.996195 0
31.6454 0.414243 -16.2519 0.087148 0.001141 0.996195 0
-10.3809 -29.8765 -16.2502 -0.028606 -0.082328 0.996195 0
-24.6005 -19.9149 -16.2522 -0.067741 -0.054839 0.996195 0
-31.0566 4.53317 -16.229 -0.086242 0.012588 0.996195 0
-31.0566 -4.53317 -16.229 -0.086242 -0.012588 0.996195 0
14.7585 -28.0316 -16.2547 0.040603 -0.07712 0.996195 0
21.5454 23.3712 -16.2641 0.059075 0.064081 0.996195 0
21.5454 -23.3712 -16.2641 0.059075 -0.064081 0.996195 0
-29.2643 12.3331 -16.2615 -0.080315 0.033848 0.996195 0
-1.60521 31.4752 -16.2404 -0.004439 0.087043 0.996195 0
-1.60521 -31.4752 -16.2404 -0.004439 -0.087043 0.996195 0
30.1396 -9.12969 -16.2383 0.083413 -0.025267 0.996195 0
-18.8964 25.3059 -16.2462 -0.052147 0.069834 0.996195 0
-30.4179 -8.6816 -16.2506 -0.083809 -0.02392 0.996195 0
31.2205 -4.336 -16.2408 0.086327 -0.011989 0.996195 0
-26.9961 16.5299 -16.2525 -0.074329 0.045512 0.996195 0
10.1721 29.7708 -16.2355 0.02818 0.082474 0.996195 0
10.1721 -29.7708 -16.2355 0.02818 -0.082474 0.996195 0
31.3266 -0.872723 -16.2249 0.087122 -0.002427 0.996195 0
-11.5253 29.1016 -16.2216 -0.032092 0.081032 0.996195 0
-23.5034 20.7524 -16.2262 -0.065333 0.057686 0.996195 0
27.2742 15.1996 -16.2148 0.076132 0.042427 0.996195 0
27.2733 -15.1993 -16.2147 0.076132 -0.042428 0.996195 0
-30.7483 5.4437 -16.2151 -0.085821 0.015194 0.996195 0
-30.7483 -5.4437 -16.2151 -0.085821 -0.015194 0.996195 0
-19.4127 24.4776 -16.2163 -0.054157 0.068287 0.996195 0
-19.4127 -24.4776 -16.2163 -0.054157 -0.068287 0.996195 0
15.5037 -27.3833 -16.2362 0.042941 -0.075843 0.996195 0
29.5578 9.94059 -16.2114 0.082609 0.027782 0.996195 0
29.5388 -9.93237 -16.2096 0.082611 -0.027778 0.996195 0
20.7043 -23.7879 -16.2422 0.05722 -0.065742 0.996195 0
-0.6495 -31.1754 -16.2112 -0.001815 -0.087137 0.996195 0
-10.3371 32.1223 -16.4354 -0.026699 0.082966 0.996195 0
-10.3371 -32.1223 -16.4354 -0.026699 -0.082966 0.996195 0
-26.7134 -20.6156 -16.4353 -0.068998 -0.053248 0.996195 0
28.5029 18.4216 -16.4523 0.073198 0.047309 0.996195 0
28.5027 -18.4215 -16.4523 0.073198 -0.047309 0.996195 0
7.72086 33.102 -16.4569 0.019797 0.084878 0.996195 0
7.72086 -33.102 -16.4569 0.019797 -0.084878 0.996195 0
-33.5658 3.87654 -16.4393 -0.08658 0.009999 0.996195 0
-33.5658 -3.87654 -16.4393 -0.08658 -0.009999 0.996195 0
23.8301 -24.4653 -16.4711 0.060813 -0.062434 0.996195 0
-31.0411 -14.0896 -16.4655 -0.079363 -0.036023 0.996195 0
-2.69041 -33.9105 -16.4592 -0.006893 -0.086883 0.996195 0
-19.573 -27.8016 -16.4578 -0.050173 -0.071266 0.996195 0
-28.7784 13.315 -16.2573 -0.0791 0.036597 0.996195 0
22.3238 22.5516 -16.2593 0.061315 0.06194 0.996195 0
22.3238 -22.5516 -16.2593 0.061315 -0.06194 0.996195 0
-31.0392 3.40173 -16.2149 -0.086637 0.009495 0.996195 0
26.3003 17.4019 -16.2422 0.072685 0.048093 0.996195 0
-36.8708 2.02483 -16.7137 -0.087025 0.004779 0.996195 0
-36.8708 -2.02483 -16.7137 -0.087025 -0.004779 0.996195 0
-35.6749 -9.70073 -16.7176 -0.084102 -0.022869 0.996195 0
2.96825 36.9086 -16.7226 0.006987 0.086875 0.996195 0
33.7193 15.2919 -16.7223 0.079375 0.035997 0.996195 0
33.7187 -15.2916 -16.7223 0.079375 -0.035997 0.996195 0
-25.7971 -26.5034 -16.7189 -0.060791 -0.062455 0.996195 0
36.778 4.05413 -16.7203 0.086631 0.00955 0.996195 0
-8.64548 -35.9646 -16.7192 -0.020371 -0.084742 0.996195 0
-30.91 20.3192 -16.7194 -0.072829 0.047875 0.996195 0
29.6291 22.2106 -16.7228 0.069737 0.052277 0.996195 0
29.629 -22.2106 -16.7228 0.069737 -0.052277 0.996195 0
10.8717 35.4105 -16.7238 0.02558 0.083317 0.996195 0
10.8717 -35.4105 -16.7238 0.02558 -0.083317 0.996195 0
14.211 -34.1889 -16.7224 0.033453 -0.08048 0.996195 0
27.3965 -24.9016 -16.7221 0.064495 -0.058622 0.996195 0
-32.7106 -17.3114 -16.721 -0.077033 -0.040768 0.996195 0
-5.20165 36.6347 -16.7204 -0.012252 0.08629 0.996195 0
36.2373 7.51554 -16.7209 0.08534 0.017699 0.996195 0
36.2283 -7.50496 -16.72 0.085344 -0.01768 0.996195 0
-19.3376 -31.5246 -16.7187 -0.045572 -0.074292 0.996195 0
-23.0811 28.8767 -16.7173 -0.054417 0.068081 0.996195 0
34.9945 11.9327 -16.7178 0.082492 0.028129 0.996195 0
34.9918 -11.9309 -16.7175 0.082492 -0.028127 0.996195 0
18.2645 32.1249 -16.7162 0.043077 0.075766 0.996195 0
18.2645 -32.1249 -16.7162 0.043077 -0.075766 0.996195 0
-36.3231 6.47317 -16.711 -0.085804 0.015291 0.996195 0
6.33352 36.4459 -16.7195 0.014922 0.085869 0.996195 0
-13.1184 34.5587 -16.7171 -0.030931 0.081483 0.996195 0
36.9637 -0.629007 -16.7175 0.087143 -0.001483 0.996195 0
2.92004 33.2542 -16.4037 0.007624 0.086822 0.996195 0
2.92004 -33.2542 -16.4037 0.007624 -0.086822 0.996195 0
30.2848 -13.997 -16.402 0.079115 -0.036565 0.996195 0
-14.4438 30.0353 -16.3989 -0.037772 0.078545 0.996195 0
-14.4438 -30.0353 -16.3989 -0.037772 -0.078545 0.996195 0
33.2982 3.54727 -16.4128 0.086665 0.009232 0.996195 0
33.1451 -3.4003 -16.3981 0.086701 -0.008894 0.996195 0
-7.94735 32.4063 -16.4023 -0.020759 0.084647 0.996195 0
-7.94735 -32.4063 -16.4023 -0.020759 -0.084647 0.996195 0
-27.8067 18.4653 -16.4034 -0.072605 0.048214 0.996195 0
-20.2976 -26.559 -16.4076 -0.052923 -0.069248 0.996195 0
31.8721 10.0642 -16.4073 0.083111 0.026244 0.996195 0
31.8528 -10.0532 -16.4054 0.083114 -0.026232 0.996195 0
-1.31776 -33.3918 -16.4068 -0.003437 -0.087088 0.996195 0
-31.0361 -12.6751 -16.4161 -0.080686 -0.032952 0.996195 0
22.4583 24.9483 -16.4199 0.058311 0.064776 0.996195 0
22.4583 -24.9483 -16.4199 0.058311 -0.064776 0.996195 0
15.7741 -29.475 -16.4079 0.041124 -0.076843 0.996195 0
-32.9088 5.06551 -16.3962 -0.086141 0.013259 0.996195 0
6.2103 -32.7017 -16.3953 0.016261 -0.085625 0.996195 0
28.6352 16.8823 -16.3913 0.075079 0.044264 0.996195 0
-25.4154 21.3788 -16.3887 -0.066697 0.056104 0.996195 0
-11.4907 31.1599 -16.3887 -0.030155 0.081773 0.996195 0
-31.9576 0.489972 -16.2794 -0.087146 0.001336 0.996195 0
-31.9576 -0.489972 -16.2794 -0.087146 -0.001336 0.996195 0
-36.3376 -1.40988 -16.6646 -0.08709 -0.003379 0.996195 0
-28.2599 7.95255 -16.0516 -0.083897 0.023609 0.996195 0
-28.2599 -7.95255 -16.0516 -0.083897 -0.023609 0.996195 0
17.0277 -24.0035 -16.0579 0.050427 -0.071086 0.996195 0
26.5012 -22.3785 -16.5177 0.06659 -0.056231 0.996195 0
-30.0315 17.2528 -16.5132 -0.075572 0.043416 0.996195 0
-30.0315 -17.2528 -16.5132 -0.075572 -0.043416 0.996195 0
-6.04832 -34.0787 -16.5112 -0.01523 -0.085815 0.996195 0
34.0927 -5.79953 -16.5087 0.085921 -0.014616 0.996195 0
34.1507 5.85649 -16.5145 0.085902 0.014731 0.996195 0
-16.9984 29.9895 -16.499 -0.042977 0.075823 0.996195 0
-16.9984 -29.9895 -16.499 -0.042977 -0.075823 0.996195 0
-22.5362 26.1064 -16.5004 -0.056952 0.065974 0.996195 0
-22.5362 -26.1064 -16.5004 -0.056952 -0.065974 0.996195 0
32.2031 12.366 -16.5011 0.081363 0.031243 0.996195 0
32.1967 -12.3624 -16.5005 0.081364 -0.031241 0.996195 0
0.733472 -34.4915 -16.5014 0.001853 -0.087136 0.996195 0
-32.6706 -11.1189 -16.5024 -0.082508 -0.02808 0.996195 0
-36.9671 4.0993 -16.7371 -0.086625 0.009606 0.996195 0
-36.9671 -4.0993 -16.7371 -0.086625 -0.009606 0.996195 0
-13.9614 31.9313 -16.5321 -0.034916 0.079856 0.996195 0
-13.9614 -31.9313 -16.5321 -0.034916 -0.079856 0.996195 0
-25.2538 23.9108 -16.5257 -0.063288 0.059923 0.996195 0
31.1071 -15.7811 -16.5348 0.077726 -0.039432 0.996195 0
4.32147 34.6317 -16.5365 0.010792 0.086485 0.996195 0
4.32147 -34.6317 -16.5365 0.010792 -0.086485 0.996195 0
18.729 -29.3787 -16.5313 0.046851 -0.073492 0.996195 0
9.08576 -33.8702 -16.5511 0.022581 -0.08418 0.996195 0
28.7661 19.9637 -16.5465 0.071602 0.049692 0.996195 0
28.766 -19.9636 -16.5465 0.071602 -0.049692 0.996195 0
24.488 17.1941 -16.1009 0.071329 0.050083 0.996195 0
-28.3271 20.1478 -16.5243 -0.071023 0.050516 0.996195 0
-28.3271 -20.1478 -16.5243 -0.071023 -0.050516 0.996195 0
-9.35444 33.478 -16.5242 -0.023455 0.08394 0.996195 0
34.711 2.57634 -16.5283 0.086917 0.006451 0.996195 0
27.7198 2.8892 -15.9214 0.086686 0.009035 0.996195 0
-6.64536 27.0523 -15.9202 -0.020792 0.084639 0.996195 0
-6.64536 -27.0523 -15.9202 -0.020792 -0.084639 0.996195 0
-23.2149 -15.4191 -15.9213 -0.072601 -0.048221 0.996195 0
10.1052 25.7362 -15.9021 0.031854 0.081126 0.996195 0
10.1052 -25.7362 -15.9021 0.031854 -0.081126 0.996195 0
20.6747 18.2194 -15.894 0.065389 0.057623 0.996195 0
20.6747 -18.2194 -15.894 0.065389 -0.057623 0.996195 0
-4.40751 27.2638 -15.8993 -0.013909 0.086039 0.996195 0
27.1552 5.07807 -15.9001 0.085671 0.016021 0.996195 0
27.0273 -5.18029 -15.8907 0.085598 -0.016406 0.996195 0
4.77565 -27.3418 -15.9114 0.014996 -0.085856 0.996195 0
24.0532 13.7795 -15.9083 0.075625 0.043324 0.996195 0
-21.2557 -18.2309 -15.9331 -0.066156 -0.056741 0.996195 0
-9.88517 26.1606 -15.9298 -0.030807 0.081529 0.996195 0
-15.8333 -22.9076 -15.9194 -0.049555 -0.071697 0.996195 0
16.8625 28.53 -16.3825 0.044346 0.07503 0.996195 0
16.8625 -28.53 -16.3825 0.044346 -0.07503 0.996195 0
-32.3737 6.34901 -16.3694 -0.085527 0.016773 0.996195 0
-32.3737 -6.34901 -16.3694 -0.085527 -0.016773 0.996195 0
5.30035 32.7028 -16.3816 0.013944 0.086033 0.996195 0
-21.0375 25.2905 -16.3612 -0.055736 0.067004 0.996195 0
-21.0375 -25.2905 -16.3612 -0.055736 -0.067004 0.996195 0
28.9485 16.0369 -16.3784 0.076239 0.042235 0.996195 0
28.9476 -16.0366 -16.3783 0.076239 -0.042235 0.996195 0
30.8929 -11.2077 -16.3583 0.081931 -0.029724 0.996195 0
0.090821 32.8774 -16.3595 0.000241 0.087155 0.996195 0
-31.0241 -11.2568 -16.3705 -0.081929 -0.029727 0.996195 0
33.0784 -1.027 -16.3785 0.087114 -0.002705 0.996195 0
21.1071 25.4347 -16.3748 0.055658 0.067069 0.996195 0
21.1071 -25.4347 -16.3748 0.055658 -0.067069 0.996195 0
35.7797 0.970248 -16.6146 0.087124 0.002363 0.996195 0
-11.2231 -33.9721 -16.6133 -0.02734 -0.082757 0.996195 0
-28.144 22.0702 -16.6122 -0.068583 0.053782 0.996195 0
30.3474 19.1146 -16.6209 0.073746 0.04645 0.996195 0
30.3473 -19.1145 -16.6209 0.073746 -0.04645 0.996195 0
-15.2973 -28.7884 -16.3353 -0.040897 -0.076965 0.996195 0
-17.6544 -28.1904 -16.3932 -0.046259 -0.073866 0.996195 0
32.5871 -6.93941 -16.398 0.085244 -0.018153 0.996195 0
-4.47457 33.0533 -16.4013 -0.011692 0.086368 0.996195 0
-4.47457 -33.0533 -16.4013 -0.011692 -0.086368 0.996195 0
-29.6297 -15.4477 -16.4065 -0.077283 -0.040292 0.996195 0
24.6583 -22.6154 -16.4104 0.064232 -0.05891 0.996195 0
13.0195 -30.7125 -16.4016 0.034016 -0.080243 0.996195 0
37.1969 0.712788 -16.738 0.08714 0.00167 0.996195 0
-11.9335 35.2335 -16.7376 -0.027959 0.082549 0.996195 0
-11.9335 -35.2335 -16.7376 -0.027959 -0.082549 0.996195 0
-29.0999 23.1644 -16.7372 -0.068189 0.054281 0.996195 0
31.6656 19.5653 -16.7396 0.074144 0.045812 0.996195 0
31.6655 -19.5653 -16.7396 0.074144 -0.045812 0.996195 0
-27.4018 0.770853 -15.8814 -0.087121 0.002451 0.996195 0
-21.426 -30.1158 -16.7167 -0.050525 -0.071017 0.996195 0
35.6048 9.95206 -16.7175 0.083938 0.023462 0.996195 0
-2.69482 -36.8687 -16.7173 -0.006353 -0.086924 0.996195 0
-33.7789 15.041 -16.7181 -0.079619 0.035453 0.996195 0
-33.7789 -15.041 -16.7181 -0.079619 -0.035453 0.996195 0
25.5863 26.6697 -16.7166 0.060338 0.062893 0.996195 0
25.5863 -26.6697 -16.7166 0.060338 -0.062893 0.996195 0
11.2854 32.9689 -16.5318 0.028226 0.082459 0.996195 0
11.2854 -32.9689 -16.5318 0.028226 -0.082459 0.996195 0
32.0601 13.2764 -16.519 0.080524 0.033346 0.996195 0
32.056 -13.2743 -16.5186 0.080525 -0.033345 0.996195 0
1.63845 34.6684 -16.5196 0.004114 0.087059 0.996195 0
-33.0962 10.3201 -16.5162 -0.083204 0.025945 0.996195 0
-33.0962 -10.3201 -16.5162 -0.083204 -0.025945 0.996195 0
-2.67283 -35.4509 -16.5935 -0.006553 -0.086909 0.996195 0
34.2688 9.49041 -16.5941 0.083994 0.023261 0.996195 0
23.4054 -15.7498 -15.9513 0.072309 -0.048658 0.996195 0
6.64059 -27.1537 -15.9288 0.020704 -0.084661 0.996195 0
12.4058 25.0664 -15.93 0.038659 0.078113 0.996195 0
12.4058 -25.0664 -15.93 0.038659 -0.078113 0.996195 0
19.4669 20.2124 -15.9382 0.06046 0.062775 0.996195 0
19.4669 -20.2124 -15.9382 0.06046 -0.062775 0.996195 0
-25.6226 11.4639 -15.9389 -0.079556 0.035594 0.996195 0
-2.35747 -27.7725 -15.9216 -0.007372 -0.086843 0.996195 0
-27.5338 -3.17414 -15.9079 -0.086582 -0.009981 0.996195 0
-3.43111 -27.4998 -15.9077 -0.010791 -0.086485 0.996195 0
-24.8191 -12.5172 -15.915 -0.077819 -0.039247 0.996195 0
20.1638 19.0737 -15.9114 0.063316 0.059893 0.996195 0
20.1638 -19.0737 -15.9114 0.063316 -0.059893 0.996195 0
7.72721 26.8057 -15.9238 0.024141 0.083746 0.996195 0
-13.5225 24.1977 -15.9083 -0.042517 0.076082 0.996195 0
-18.4297 20.8554 -15.9181 -0.057713 0.065309 0.996195 0
0.859196 27.7599 -15.9129 0.002696 0.087114 0.996195 0
0.859196 -27.7599 -15.9129 0.002696 -0.087114 0.996195 0
-32.0277 3.32195 -16.3002 -0.086691 0.008992 0.996195 0
-32.0277 -3.32195 -16.3002 -0.086691 -0.008992 0.996195 0
7.92115 31.5887 -16.3323 0.021199 0.084538 0.996195 0
7.92115 -31.5887 -16.3323 0.021199 -0.084538 0.996195 0
13.9216 29.4006 -16.3291 0.037299 0.078771 0.996195 0
23.1317 23.0563 -16.3405 0.061729 0.061528 0.996195 0
-29.5171 13.896 -16.3374 -0.078854 0.037123 0.996195 0
-3.03328 -32.3637 -16.327 -0.008133 -0.086775 0.996195 0
31.4526 -8.07545 -16.3241 0.084418 -0.021674 0.996195 0
31.4979 8.10127 -16.3285 0.084409 0.02171 0.996195 0
20.038 29.9308 -16.6344 0.048486 0.072424 0.996195 0
-15.1258 32.6799 -16.6336 -0.036609 0.079094 0.996195 0
-25.5784 25.2054 -16.6249 -0.062079 0.061174 0.996195 0
-25.5784 -25.2054 -16.6249 -0.062079 -0.061174 0.996195 0
32.4929 15.5843 -16.6359 0.078585 0.037691 0.996195 0
32.4919 -15.5838 -16.6358 0.078585 -0.037691 0.996195 0
3.66236 35.8593 -16.6367 0.008855 0.086705 0.996195 0
3.66236 -35.8593 -16.6367 0.008855 -0.086705 0.996195 0
-34.7869 8.71468 -16.6206 -0.084543 0.021179 0.996195 0
-27.0765 7.55142 -15.9424 -0.083952 0.023414 0.996195 0
-27.0765 -7.55142 -15.9424 -0.083952 -0.023414 0.996195 0
16.2512 -22.9921 -15.9464 0.050306 -0.071172 0.996195 0
10.1623 31.9933 -16.42 0.026385 0.083066 0.996195 0
10.1623 -31.9933 -16.42 0.026385 -0.083066 0.996195 0
-12.4498 26.5668 -16.05 -0.036983 0.07892 0.996195 0
-12.4498 -26.5668 -16.05 -0.036983 -0.07892 0.996195 0
26.4475 -12.5844 -16.0455 0.078701 -0.037448 0.996195 0
-20.9769 20.8931 -16.0733 -0.061752 0.061505 0.996195 0
-20.9769 -20.8931 -16.0733 -0.061752 -0.061505 0.996195 0
29.1491 -2.29551 -16.0412 0.086887 -0.006842 0.996195 0
29.6318 2.10828 -16.0821 0.086936 0.006185 0.996195 0
-8.0031 28.6122 -16.0824 -0.023477 0.083934 0.996195 0
-8.0031 -28.6122 -16.0824 -0.023477 -0.083934 0.996195 0
22.5045 -16.1991 -15.909 0.070736 -0.050917 0.996195 0
22.5046 16.1991 -15.909 0.070736 0.050917 0.996195 0
27.6101 0.082367 -15.8987 0.087155 0.00026 0.996195 0
17.387 -21.5927 -15.9085 0.054662 -0.067884 0.996195 0
15.2623 23.0864 -15.9044 0.048065 0.072704 0.996195 0
-26.8205 6.61821 -15.9 -0.084618 0.02088 0.996195 0
-21.3214 -17.4339 -15.8927 -0.067472 -0.05517 0.996195 0
-9.15978 25.956 -15.8912 -0.029004 0.082188 0.996195 0
18.3475 -20.9269 -15.918 0.057457 -0.065535 0.996195 0
-25.8958 10.1778 -15.9174 -0.081116 0.031881 0.996195 0
-25.8958 -10.1778 -15.9174 -0.081116 -0.031881 0.996195 0
-14.9075 -23.1985 -15.8956 -0.047117 -0.073322 0.996195 0
27.208 2.42764 -15.873 0.086811 0.007746 0.996195 0
-27.5226 2.49059 -15.9009 -0.086801 0.007855 0.996195 0
21.4507 -17.0596 -15.8809 0.068214 -0.05425 0.996195 0
21.4507 17.0596 -15.8809 0.068214 0.05425 0.996195 0
27.1615 -2.38824 -15.8686 0.086821 -0.007634 0.996195 0
27.3423 -1.29358 -15.8779 0.087058 -0.004119 0.996195 0
-16.8367 21.5652 -15.8767 -0.053635 0.068698 0.996195 0
-16.8367 -21.5652 -15.8767 -0.053635 -0.068698 0.996195 0
13.2399 24.226 -15.8985 0.041797 0.076479 0.996195 0
13.2399 -24.226 -15.8985 0.041797 -0.076479 0.996195 0
-23.9198 13.9564 -15.906 -0.075279 0.043923 0.996195 0
-23.9198 -13.9564 -15.906 -0.075279 -0.043923 0.996195 0
-0.754371 27.3245 -15.8746 -0.002405 0.087123 0.996195 0
-0.754371 -27.3245 -15.8746 -0.002405 -0.087123 0.996195 0
5.09634 26.7988 -15.8697 0.016283 0.085621 0.996195 0
5.09634 -26.7988 -15.8697 0.016283 -0.085621 0.996195 0
23.4393 -13.8956 -15.867 0.074971 -0.044446 0.996195 0
16.5288 -22.062 -15.8949 0.052258 -0.069751 0.996195 0
27.3139 4.46008 -15.9044 0.086017 0.014046 0.996195 0
-19.5862 19.4011 -15.895 -0.06192 0.061335 0.996195 0
-26.3297 8.09842 -15.8932 -0.083304 0.025623 0.996195 0
-26.3297 -8.09842 -15.8932 -0.083304 -0.025623 0.996195 0
-5.03986 -27.2029 -15.9035 -0.015877 -0.085697 0.996195 0
-13.6393 23.6041 -15.8682 -0.043605 0.075463 0.996195 0
-13.6393 -23.6041 -15.8682 -0.043605 -0.075463 0.996195 0
9.49148 25.9953 -15.9042 0.029892 0.081869 0.996195 0
9.49148 -25.9953 -15.9042 0.029892 -0.081869 0.996195 0
-26.5217 1.77542 -15.0149 -0.997767 0.066793 0 0
-26.2585 4.12895 -15.0149 -0.987862 0.155334 0 0
-25.4738 7.59202 -15.0149 -0.958344 0.285617 0 0
-25.7867 6.4497 -15.0149 -0.970116 0.242642 0 0
-25.1103 8.71926 -15.0149 -0.944669 0.328025 0 0
-24.697 9.82919 -15.0149 -0.929119 0.369781 0 0
-24.2346 10.9196 -15.0149 -0.911724 0.410803 0 0
-23.1665 13.0333 -15.0149 -0.871542 0.490321 0 0
-21.2227 16.0048 -15.0149 -0.798412 0.602112 0 0
-21.9146 15.0435 -15.0149 -0.824442 0.565947 0 0
-18.9001 18.6907 -15.0149 -0.711035 0.703157 0 0
-18.0487 19.5141 -15.0149 -0.679005 0.734133 0 0
-16.2402 21.0431 -15.0149 -0.610969 0.791655 0 0
-12.2519 23.5891 -15.0149 -0.460925 0.887439 0 0
-11.1889 24.1115 -15.0149 -0.420935 0.907091 0 0
-8.99845 25.0117 -15.0149 -0.338528 0.940956 0 0
-6.73657 25.7133 -15.0149 -0.253435 0.967352 0 0
-5.58444 25.9879 -15.0149 -0.210091 0.977682 0 0
0.296118 26.5795 -15.0149 0.01114 0.999938 0 0
-0.888207 26.5663 -15.0149 -0.033415 0.999442 0 0
1.47985 26.5399 -15.0149 0.055673 0.998449 0 0
2.66065 26.4476 -15.0149 0.100096 0.994978 0 0
6.16204 25.857 -15.0149 0.23182 0.972759 0 0
8.43899 25.2059 -15.0149 0.317481 0.948265 0 0
13.8001 22.7181 -15.0149 0.51917 0.854671 0 0
14.7984 22.0808 -15.0149 0.556728 0.830695 0 0
16.705 20.676 -15.0149 0.628454 0.777847 0 0
18.479 19.1071 -15.0149 0.695192 0.718824 0 0
17.6095 19.9113 -15.0149 0.662481 0.749079 0 0
20.1063 17.3866 -15.0149 0.756412 0.654095 0 0
20.8608 16.4736 -15.0149 0.784799 0.61975 0 0
21.574 15.528 -15.0149 0.811628 0.584174 0 0
22.2443 14.5515 -15.0149 0.836846 0.547439 0 0
22.8704 13.5462 -15.0149 0.860402 0.509617 0 0
23.9853 11.4568 -15.0149 0.902345 0.431014 0 0
24.9099 9.27653 -15.0149 0.937127 0.34899 0 0
24.4719 10.377 -15.0149 0.92065 0.390389 0 0
25.6367 7.0226 -15.0149 0.964469 0.264195 0 0
25.924 5.8736 -15.0149 0.975281 0.220969 0 0
26.4756 2.36586 -15.0149 0.996031 0.089005 0 0
26.5811 0 -15.0149 1 0 0 0
26.3439 -3.54291 -15.0149 0.991077 -0.133287 0 0
26.16 -4.71294 -15.0149 0.984156 -0.177304 0 0
25.924 -5.8736 -15.0149 0.975281 -0.220969 0 0
25.6367 -7.0226 -15.0149 0.964469 -0.264195 0 0
24.9099 -9.27653 -15.0149 0.937127 -0.34899 0 0
24.4719 -10.377 -15.0149 0.92065 -0.390389 0 0
23.4512 -12.5139 -15.0149 0.882249 -0.470783 0 0
22.8704 -13.5462 -15.0149 0.860402 -0.509617 0 0
21.574 -15.528 -15.0149 0.811628 -0.584174 0 0
19.3118 -18.265 -15.0149 0.726524 -0.687141 0 0
18.479 -19.1071 -15.0149 0.695192 -0.718824 0 0
15.7674 -21.3996 -15.0149 0.59318 -0.80507 0 0
16.705 -20.676 -15.0149 0.628454 -0.777847 0 0
14.7984 -22.0808 -15.0149 0.556728 -0.830695 0 0
9.55345 -24.805 -15.0149 0.359408 -0.933181 0 0
8.43899 -25.2059 -15.0149 0.317481 -0.948265 0 0
6.16204 -25.857 -15.0149 0.23182 -0.972759 0 0
7.30776 -25.5568 -15.0149 0.274923 -0.961466 0 0
1.47985 -26.5399 -15.0149 0.055673 -0.998449 0 0
0.296118 -26.5795 -15.0149 0.01114 -0.999938 0 0
-3.24922 -26.3818 -15.0149 -0.122238 -0.992501 0 0
-4.42122 -26.2108 -15.0149 -0.166329 -0.98607 0 0
-5.58444 -25.9879 -15.0149 -0.210091 -0.977682 0 0
-6.73657 -25.7133 -15.0149 -0.253435 -0.967352 0 0
-10.1037 -24.586 -15.0149 -0.380109 -0.924942 0 0
-13.2905 -23.0199 -15.0149 -0.5 -0.866025 0 0
-15.2867 -21.7456 -15.0149 -0.575096 -0.818086 0 0
-17.1615 -20.2987 -15.0149 -0.645628 -0.763652 0 0
-18.0487 -19.5141 -15.0149 -0.679005 -0.734133 0 0
-18.9001 -18.6907 -15.0149 -0.711035 -0.703157 0 0
-19.7139 -17.8302 -15.0149 -0.741652 -0.670785 0 0
-21.9146 -15.0435 -15.0149 -0.824442 -0.565947 0 0
-25.1103 -8.71926 -15.0149 -0.944669 -0.328025 0 0
-25.7867 -6.4497 -15.0149 -0.970116 -0.242642 0 0
-26.4163 -2.95512 -15.0149 -0.993801 -0.111174 0 0
-26.5769 -0.473773 -15.0149 -0.999841 -0.017824 0 0
-40.0657 -0.471669 -19.7399 -0.999931 -0.011772 0 0
-40.0657 0.471669 -19.7399 -0.999931 0.011772 0 0
-36.5472 17.5865 -21.4207 -0.891289 0.428889 0.147167 0
-36.5498 -17.5862 -21.4358 -0.89196 -0.429173 0.142191 0
-37.6144 -15.2123 -22.1922 -0.921755 -0.372783 -0.10677 0
-37.6145 15.2129 -22.1891 -0.921853 0.372838 -0.105729 0
-37.6003 14.8173 -20.8462 -0.876194 0.345284 0.336248 0
-37.601 -14.8172 -20.848 -0.876387 -0.345354 0.335673 0
-38.6258 12.0831 -22.7125 -0.916769 0.286788 -0.278005 0
-28.709 28.696 -21.8644 -0.707266 0.706946 0.001121 0
-29.3282 28.0618 -21.8017 -0.722363 0.691172 0.021757 0
-24.3799 32.4459 -22.0698 -0.599388 0.797693 -0.066478 0
-22.9888 33.4541 -21.8711 -0.566346 0.824167 -0.001079 0
-21.4218 34.4704 -22.0735 -0.526622 0.847402 -0.067672 0
-19.9703 35.339 -21.8873 -0.491975 0.870586 -0.006408 0
-18.4239 36.1552 -22.1447 -0.452138 0.887282 -0.091115 0
-17.0895 36.8184 -21.9083 -0.420978 0.906973 -0.01331 0
-13.8807 38.1442 -21.8381 -0.341947 0.939668 0.009792 0
-14.7019 37.8353 -21.8391 -0.362178 0.932061 0.009465 0
-12.2553 38.6969 -21.8236 -0.301889 0.953232 0.01457 0
-8.12277 39.7704 -21.8595 -0.20011 0.97977 0.002735 0
-6.42524 40.0794 -21.8257 -0.158276 0.987298 0.013858 0
-4.58711 40.3252 -22.0611 -0.112795 0.991581 -0.063595 0
-2.00475 40.5412 -21.9327 -0.049378 0.998552 -0.021338 0
-2.87959 40.4892 -21.8674 -0.070941 0.997481 0.000148 0
-1.00529 40.5727 -22.0642 -0.024718 0.997603 -0.064626 0
1.62649 40.5588 -21.8845 0.040069 0.999182 -0.005498 0
0.728 40.5849 -21.8467 0.017934 0.999815 0.00696 0
2.68519 40.5016 -21.9425 0.066133 0.997509 -0.024559 0
6.35569 40.0906 -21.8994 0.156569 0.987612 -0.010401 0
10.6648 39.1644 -21.7923 0.262661 0.964568 0.024856 0
9.78141 39.3952 -21.8891 0.240967 0.970508 -0.007001 0
13.2148 38.3801 -21.8652 0.325556 0.945522 0.000862999 0
15.5431 37.4975 -21.9032 0.382893 0.92372 -0.011622 0
21.9019 34.1747 -21.9341 0.539451 0.841735 -0.02181 0
21.1562 34.6422 -21.8695 0.521197 0.853436 -0.000549 0
22.7344 33.6198 -22.0659 0.558976 0.826617 -0.065192 0
25.65 31.4578 -21.974 0.631549 0.774548 -0.034949 0
27.5679 29.7939 -21.8588 0.679151 0.733992 0.002984 0
29.0677 28.3285 -21.9992 0.715484 0.69729 -0.043233 0
30.7419 26.5066 -21.86 0.757348 0.653007 0.002583 0
30.1728 27.1527 -21.8762 0.743326 0.668923 -0.002749 0
33.8219 22.4438 -21.8321 0.833175 0.552884 0.011761 0
33.3163 23.1862 -21.7844 0.820483 0.57101 0.027478 0
34.4119 21.5288 -21.8595 0.847758 0.530376 0.002745 0
37.5632 15.3835 -21.826 0.925315 0.37895 0.013765 0
38.8135 11.876 -21.969 0.955709 0.292423 -0.033307 0
39.4692 9.4777 -21.9075 0.972276 0.233472 -0.013068 0
39.9959 6.9269 -21.8374 0.985282 0.170641 0.010036 0
40.3578 4.3432 -21.8047 0.994044 0.106977 0.020798 0
40.5802 -0.91348 -21.7919 0.999435 -0.022498 0.024987 0
40.5914 -0.000845 -21.8881 0.999978 -2.1e-05 -0.006675 0
40.4336 -3.57681 -21.8653 0.99611 -0.088117 0.000837 0
40.1384 -6.0464 -21.9047 0.988771 -0.148947 -0.012124 0
39.7035 -8.44347 -21.8843 0.978112 -0.208008 -0.005428 0
39.4807 -9.4231 -21.9723 0.972103 -0.232018 -0.034395 0
38.5535 -12.6996 -21.837 0.949749 -0.312848 0.010138 0
38.8338 -11.8143 -21.908 0.956623 -0.29103 -0.013229 0
37.9971 -14.2784 -21.8391 0.936048 -0.351745 0.009474 0
37.0071 -16.6767 -21.8235 0.911608 -0.410802 0.014599 0
35.4852 -19.7095 -21.8881 0.874185 -0.485547 -0.006653 0
26.5447 -30.7088 -21.897 0.653921 -0.756502 -0.009606 0
23.7448 -32.9218 -21.8569 0.584968 -0.811049 0.003593 0
20.4705 -35.0517 -21.8522 0.5043 -0.863513 0.005154 0
18.8257 -35.9543 -22.0699 0.462834 -0.883947 -0.066493 0
16.5503 -37.0623 -21.9709 0.407512 -0.912569 -0.033926 0
15.7099 -37.4144 -22.1445 0.385538 -0.91819 -0.091042 0
13.4616 -38.2941 -21.8365 0.331621 -0.943356 0.010308 0
2.59758 -40.5081 -21.9002 0.06399 -0.997894 -0.010656 0
3.48388 -40.4416 -21.8544 0.085827 -0.9963 0.004416 0
-1.83995 -40.5496 -21.8369 -0.045326 -0.99892 0.010183 0
-0.910852 -40.581 -21.9085 -0.022438 -0.999658 -0.013398 0
-6.98187 -39.9865 -21.8646 -0.172003 -0.985096 0.001069 0
-11.4231 -38.9509 -21.8543 -0.281414 -0.959576 0.004442 0
-13.9261 -38.1277 -21.8505 -0.343075 -0.939291 0.005712 0
-14.9183 -37.7504 -21.9003 -0.367504 -0.929961 -0.010683 0
-18.2133 -36.2757 -21.9051 -0.448666 -0.893615 -0.012254 0
-22.2342 -33.9531 -22.0604 -0.546736 -0.834902 -0.063392 0
-28.9059 -28.4976 -21.8641 -0.712118 -0.702059 0.001226 0
-29.6337 -27.739 -21.9337 -0.729889 -0.683222 -0.021684 0
-31.9634 -25.0201 -21.8901 -0.787421 -0.616372 -0.007316 0
-31.449 -25.6636 -21.8495 -0.774756 -0.632231 0.006034 0
-34.3272 21.6257 -21.518 -0.84047 0.529485 0.115132 0
3.73807 40.4122 -22.0697 0.091902 0.99355 -0.066422 0
8.30757 39.7194 -22.1435 0.203882 0.974782 -0.090734 0
26.3928 30.824 -22.1366 0.647846 0.756617 -0.0884591 0
35.0046 20.5509 -21.8806 0.862357 0.506283 -0.004189 0
36.5292 17.6699 -22.1491 0.896346 0.433581 -0.092581 0
39.0752 10.9441 -22.1439 0.958961 0.268583 -0.090864 0
40.5513 1.50582 -22.1396 0.995306 0.036959 -0.089448 0
32.4522 -24.3705 -22.0796 0.797685 -0.599033 -0.069709 0
24.9927 -31.9698 -22.136 0.61349 -0.784754 -0.08827 0
6.30268 -40.0982 -21.9426 0.155228 -0.987572 -0.024611 0
5.23493 -40.2457 -22.0698 0.128702 -0.989453 -0.066474 0
-9.00608 -39.5722 -22.0787 -0.221376 -0.972715 -0.069414 0
-15.9124 -37.3403 -21.9789 -0.391772 -0.919337 -0.03654 0
-16.8151 -36.9306 -22.1473 -0.412627 -0.906243 -0.091989 0
-34.2316 -21.806 -21.7021 -0.842157 -0.536465 0.054558 0
-40.0682 6.12859 -21.2809 -0.969883 0.148347 0.193184 0
-40.0524 6.15238 -22.5129 -0.965877 0.148367 -0.212293 0
-36.5667 -17.4599 -22.5173 -0.881548 -0.420923 -0.213767 0
-36.5677 17.4639 -22.5054 -0.882286 0.421359 -0.209829 0
-35.3411 -19.8862 -21.3788 -0.860141 -0.483996 0.160951 0
-39.5228 -8.17878 -23.0306 -0.9047 -0.187217 -0.382712 0
-33.7381 22.4167 -21.1538 -0.80958 0.537911 0.235015 0
-33.8267 -22.436 -21.8093 -0.833202 -0.552632 0.019265 0
-33.1793 23.0256 -20.7701 -0.766051 0.531621 0.361311 0
-32.0838 24.6704 -21.0249 -0.76162 0.585636 0.277426 0
-30.8036 26.314 -21.1812 -0.740673 0.632721 0.225983 0
-29.7068 27.5325 -21.1421 -0.71221 0.66008 0.238856 0
-28.0522 29.1652 -21.0052 -0.664692 0.691065 0.283928 0
-27.2319 29.956 -21.0662 -0.648827 0.713732 0.263835 0
-26.3315 30.8027 -21.2289 -0.635251 0.743118 0.210312 0
-25.3356 31.5687 -21.0455 -0.60255 0.750789 0.270644 0
-24.4553 32.265 -21.0733 -0.583025 0.769213 0.261523 0
-23.4966 33.0164 -21.2302 -0.56691 0.796597 0.20987 0
-22.4445 33.6859 -21.0466 -0.533839 0.801216 0.270312 0
-19.4146 35.5244 -21.0651 -0.462527 0.846321 0.264215 0
-18.499 36.0294 -21.1318 -0.443148 0.863093 0.24226 0
-16.0138 37.1072 -20.8478 -0.373237 0.864865 0.335712 0
-13.6826 38.036 -20.8677 -0.319629 0.888529 0.329171 0
-12.8238 38.421 -21.1465 -0.30755 0.921438 0.237415 0
-7.94465 39.6379 -20.8796 -0.185835 0.927179 0.325275 0
-8.63564 39.5838 -21.1896 -0.207769 0.952365 0.223232 0
-7.03454 39.8905 -21.1525 -0.168784 0.957117 0.235457 0
-3.53932 40.368 -21.2261 -0.085371 0.973703 0.211219 0
-2.29316 40.4125 -21.0436 -0.054528 0.960955 0.271277 0
-1.17352 40.4678 -21.0699 -0.027969 0.964495 0.262616 0
2.42186 40.3965 -21.0139 0.057433 0.957974 0.281048 0
3.56296 40.3272 -21.0679 0.084904 0.960979 0.26327 0
4.79777 40.2373 -21.2236 0.115706 0.97039 0.212027 0
7.12119 39.843 -21.0326 0.169165 0.946474 0.274899 0
10.7826 38.9394 -20.819 0.25046 0.904493 0.345199 0
9.96228 39.2251 -21.0188 0.236356 0.93062 0.279433 0
13.1734 38.2361 -20.926 0.309691 0.898884 0.309999 0
12.452 38.6058 -21.4623 0.304222 0.943205 0.133469 0
13.9486 38.0188 -21.1154 0.333706 0.909561 0.247668 0
14.7728 37.782 -21.4863 0.361273 0.923967 0.125568 0
17.4515 36.5097 -21.0043 0.413476 0.86502 0.284214 0
19.4517 35.5047 -21.0671 0.463491 0.845999 0.263557 0
21.5923 34.2378 -21.0448 0.513492 0.814218 0.270877 0
22.5376 33.6319 -21.0711 0.537206 0.801649 0.262238 0
23.5611 32.9686 -21.2231 0.568193 0.795062 0.212209 0
24.5346 32.1891 -21.0288 0.58262 0.764391 0.276154 0
25.4016 31.5104 -21.0311 0.603334 0.748429 0.275395 0
26.2432 30.845 -21.1216 0.628158 0.738308 0.245599 0
27.0026 30.266 -21.4367 0.658995 0.738637 0.141917 0
28.2144 28.9027 -20.7821 0.652411 0.668327 0.35735 0
29.7268 27.539 -21.2246 0.716958 0.664193 0.211704 0
30.3409 26.8464 -21.1818 0.729574 0.645546 0.225814 0
32.2418 24.3784 -20.8639 0.752852 0.569239 0.330427 0
31.8979 24.9666 -21.1559 0.765546 0.599195 0.234317 0
32.8676 23.6653 -21.1318 0.78735 0.566908 0.242271 0
34.7455 20.728 -20.9794 0.821255 0.489933 0.292412 0
35.3304 19.7244 -20.9952 0.836356 0.466925 0.287211 0
37.4613 15.1582 -20.8386 0.872184 0.352916 0.338741 0
37.1691 16.0187 -21.0312 0.882841 0.380476 0.275373 0
37.9064 14.2639 -21.1333 0.908165 0.341736 0.241771 0
38.2881 13.094 -21.0011 0.906882 0.31014 0.285269 0
38.6349 12.0536 -21.0226 0.916935 0.286072 0.278195 0
38.9655 11.0388 -21.1239 0.932846 0.264272 0.244865 0
39.2724 10.1525 -21.4568 0.95927 0.247986 0.135295 0
39.5411 8.35925 -20.8475 0.921555 0.194823 0.335829 0
39.4065 9.23875 -21.0348 0.936293 0.219511 0.274173 0
39.8129 7.47776 -21.165 0.956155 0.179588 0.231336 0
40.1973 4.96492 -21.1391 0.963487 0.119004 0.239855 0
40.4658 1.62223 -21.1215 0.968579 0.038829 0.245655 0
40.442 -1.90309 -21.0771 0.964475 -0.045385 0.260247 0
40.2838 -3.57147 -20.926 0.947027 -0.083961 0.309986 0
40.4687 -2.78225 -21.4623 0.988718 -0.067975 0.133477 0
39.9984 -6.02046 -20.9484 0.942497 -0.141862 0.302612 0
40.2287 -5.23214 -21.4869 0.983823 -0.127956 0.125379 0
39.9039 -6.97906 -21.1674 0.958517 -0.167641 0.230526 0
39.4176 -9.18086 -21.0264 0.935833 -0.217968 0.276958 0
38.3298 -12.8143 -20.8478 0.893354 -0.298663 0.335736 0
38.659 -11.9882 -21.0351 0.918558 -0.284846 0.274068 0
38.1181 -13.7116 -21.1657 0.915499 -0.329319 0.231106 0
37.4667 -15.1723 -20.8677 0.875228 -0.354427 0.329176 0
36.1974 -18.1321 -21.0701 0.862725 -0.432157 0.262575 0
35.7141 -19.1592 -21.2532 0.862986 -0.462959 0.202296 0
35.2528 -19.9663 -21.1876 0.848041 -0.480309 0.223896 0
33.724 -22.3623 -20.9989 0.798612 -0.529558 0.285985 0
31.1919 -25.856 -21.1907 0.75052 -0.622131 0.222872 0
30.1164 -27.0876 -21.1524 0.722599 -0.649928 0.235467 0
27.6545 -29.618 -21.2197 0.666754 -0.714094 0.213328 0
26.6992 -30.4173 -21.0277 0.633958 -0.722242 0.27652 0
25.0435 -31.8266 -21.1212 0.599422 -0.761779 0.245734 0
24.3234 -32.4581 -21.4358 0.593587 -0.792106 0.142207 0
22.7399 -33.3802 -20.7796 0.525657 -0.771619 0.358174 0
23.5097 -32.932 -20.9925 0.556385 -0.779376 0.288112 0
22.0089 -33.9469 -20.9747 0.519969 -0.802011 0.293957 0
18.9264 -35.7889 -21.0714 0.451142 -0.853086 0.262135 0
16.7446 -36.8581 -21.0646 0.398901 -0.878058 0.264373 0
15.7941 -37.2944 -21.1316 0.378346 -0.893382 0.24233 0
7.65625 -39.7284 -20.9818 0.181008 -0.939254 0.291613 0
6.533 -39.9361 -21.007 0.154825 -0.946443 0.283328 0
5.38748 -40.1239 -21.0668 0.128369 -0.956043 0.263636 0
2.89669 -40.3698 -21.0299 0.068794 -0.958749 0.275802 0
0.727988 -40.4935 -21.1283 0.017434 -0.969767 0.243409 0
-0.207902 -40.5633 -21.4587 -0.005079 -0.99088 0.13465 0
-2.93274 -40.4027 -21.1649 -0.070433 -0.970316 0.231357 0
-5.46408 -40.1319 -21.1369 -0.130946 -0.961753 0.24059 0
-6.65329 -39.9131 -20.9966 -0.15752 -0.944965 0.286755 0
-7.74113 -39.7195 -21.0067 -0.183451 -0.941284 0.283425 0
-8.83948 -39.5088 -21.0729 -0.21073 -0.941878 0.261646 0
-11.5183 -38.7493 -20.876 -0.269321 -0.90604 0.326431 0
-12.4461 -38.5436 -21.141 -0.298366 -0.923988 0.239215 0
-13.5813 -38.115 -20.9917 -0.321394 -0.901975 0.288352 0
-14.6218 -37.7274 -20.9898 -0.345954 -0.892636 0.288993 0
-17.5584 -36.5664 -21.457 -0.428885 -0.89318 0.135232 0
-18.3551 -36.0729 -21.0321 -0.436005 -0.856873 0.275078 0
-21.0861 -34.5426 -21.0172 -0.500194 -0.819401 0.279978 0
-24.0504 -32.5589 -21.0469 -0.572052 -0.774432 0.270207 0
-27.002 -30.0849 -20.877 -0.631428 -0.703519 0.326129 0
-28.5934 -28.6316 -20.9978 -0.677041 -0.677947 0.286362 0
-29.3698 -27.8376 -21.0045 -0.695869 -0.659567 0.284145 0
-30.1517 -27.0141 -21.064 -0.718256 -0.643514 0.264572 0
-30.9826 -26.1173 -21.2219 -0.747106 -0.629786 0.212607 0
-31.7182 -25.1429 -21.0339 -0.753558 -0.597343 0.274465 0
-32.9083 -23.7059 -21.4162 -0.802382 -0.578004 0.148642 0
-33.2744 -22.9935 -20.9394 -0.783331 -0.541302 0.305589 0
-32.7506 -23.8307 -22.595 -0.785095 -0.571266 -0.239334 0
-31.3987 -25.5424 -22.698 -0.746219 -0.607038 -0.273244 0
-30.8916 -26.2579 -22.4059 -0.749897 -0.637413 -0.177087 0
-30.2525 -26.785 -22.9129 -0.703031 -0.62245 -0.343953 0
-28.9484 -28.2598 -22.7674 -0.683483 -0.667227 -0.296072 0
-28.2271 -29.0163 -22.6797 -0.67194 -0.690727 -0.267193 0
-26.9425 -30.1476 -22.838 -0.631474 -0.706594 -0.319319 0
-25.7438 -31.3168 -22.4251 -0.62425 -0.759388 -0.183417 0
-24.3942 -32.2499 -22.825 -0.572549 -0.756928 -0.315037 0
-25.0582 -31.695 -22.9184 -0.581933 -0.736064 -0.345781 0
-22.9414 -33.4268 -22.4135 -0.556667 -0.811094 -0.179578 0
-21.4651 -34.2743 -22.812 -0.504499 -0.805555 -0.310743 0
-19.8914 -35.3423 -22.3343 -0.484659 -0.861123 -0.153533 0
-18.3521 -36.0674 -22.7252 -0.435066 -0.855038 -0.282183 0
-17.5792 -36.5186 -22.4783 -0.424894 -0.882663 -0.200927 0
-16.8774 -36.6979 -22.9483 -0.390521 -0.849144 -0.355596 0
-16.083 -37.0881 -22.8592 -0.376073 -0.867239 -0.32629 0
-15.1012 -37.5207 -22.7978 -0.35545 -0.883157 -0.306086 0
-13.0885 -38.3084 -22.6737 -0.311731 -0.9124 -0.265235 0
-10.6449 -39.0449 -22.7185 -0.252512 -0.926201 -0.27998 0
-9.05606 -39.3755 -22.9199 -0.210275 -0.914269 -0.34626 0
-7.1546 -39.8171 -22.7688 -0.1689 -0.939969 -0.296532 0
-8.19392 -39.5953 -22.8325 -0.192163 -0.928587 -0.317488 0
-6.1321 -40.0143 -22.6782 -0.145992 -0.952655 -0.266712 0
-1.12638 -40.4515 -22.7279 -0.026696 -0.958731 -0.283058 0
-0.246324 -40.5284 -22.4798 -0.005953 -0.97949 -0.201406 0
0.457433 -40.3902 -22.9484 0.010584 -0.934556 -0.355658 0
2.37944 -40.378 -22.7904 0.05605 -0.951137 -0.303639 0
1.33237 -40.4036 -22.8581 0.031159 -0.944879 -0.325935 0
3.41802 -40.3278 -22.71 0.081144 -0.957384 -0.277186 0
6.0389 -39.9804 -22.8334 0.141609 -0.937521 -0.317807 0
8.23235 -39.6152 -22.7468 0.194761 -0.937216 -0.289301 0
7.12796 -39.817 -22.7841 0.168013 -0.938528 -0.301557 0
9.27287 -39.4078 -22.6685 0.220954 -0.939009 -0.263516 0
11.7393 -38.7382 -22.6908 0.279176 -0.921247 -0.27086 0
13.2743 -38.1914 -22.8375 0.311138 -0.895172 -0.319155 0
16.3127 -36.9922 -22.8471 0.381954 -0.866156 -0.322313 0
18.0249 -36.313 -22.4222 0.437151 -0.880687 -0.182451 0
21.1716 -34.5804 -22.3871 0.514471 -0.840307 -0.170889 0
21.8091 -34.0281 -22.8819 0.508657 -0.793642 -0.333767 0
26.295 -30.7356 -22.7879 0.619559 -0.724188 -0.302817 0
27.0902 -30.0697 -22.7077 0.643257 -0.714004 -0.276438 0
27.7898 -29.5213 -22.4053 0.674621 -0.716655 -0.176892 0
28.9332 -28.2551 -22.8118 0.680033 -0.664095 -0.310699 0
30.288 -26.9676 -22.3443 0.737617 -0.656753 -0.156832 0
32.252 -24.3358 -22.9204 0.748821 -0.565024 -0.346432 0
33.4309 -22.7802 -22.7698 0.78913 -0.537722 -0.296865 0
34.0278 -21.927 -22.6807 0.809953 -0.521922 -0.267531 0
34.8814 -20.4468 -22.8378 0.81757 -0.479243 -0.319226 0
34.5596 -21.222 -22.3345 0.842047 -0.517077 -0.153584 0
35.3273 -19.7436 -22.718 0.83805 -0.468368 -0.279827 0
35.79 -19.0423 -22.4218 0.868021 -0.461836 -0.182337 0
36.8878 -16.6592 -22.7003 0.876497 -0.395842 -0.273976 0
38.219 -13.5624 -22.3433 0.93081 -0.330307 -0.15649 0
38.9623 -11.161 -22.4788 0.941699 -0.269756 -0.201082 0
39.019 -10.4467 -22.9472 0.902971 -0.241755 -0.355243 0
39.2675 -9.61075 -22.8553 0.918604 -0.224829 -0.32499 0
39.756 -7.61024 -22.691 0.945435 -0.180979 -0.270923 0
39.99 -5.97379 -22.834 0.937693 -0.140074 -0.31798 0
39.9788 -6.79964 -22.3505 0.973326 -0.165544 -0.158844 0
40.3306 -4.3574 -22.2658 0.985648 -0.106492 -0.130983 0
40.4037 -2.76045 -22.6161 0.966947 -0.066063 -0.246272 0
40.372 1.35143 -22.9438 0.934675 0.031288 -0.354125 0
40.3194 3.26594 -22.7795 0.95081 0.077017 -0.300047 0
40.2251 5.17208 -22.3292 0.980336 0.12605 -0.151834 0
39.3992 9.23639 -22.7274 0.933833 0.21892 -0.282896 0
38.9363 10.7519 -22.9465 0.901129 0.248839 -0.355028 0
38.4368 12.6067 -22.7798 0.906386 0.297281 -0.300148 0
38.7267 11.6011 -22.8538 0.906095 0.271433 -0.324524 0
37.4671 15.2038 -22.8321 0.878716 0.356575 -0.317352 0
36.8563 16.8597 -22.4785 0.890814 0.407496 -0.200991 0
36.4302 17.447 -22.9491 0.842861 0.403658 -0.355872 0
36.0655 18.2595 -22.8616 0.843105 0.426854 -0.327062 0
35.0262 20.238 -22.7759 0.826285 0.477423 -0.298867 0
32.2012 24.4579 -22.8259 0.755711 0.573988 -0.315341 0
31.7259 25.1371 -22.6932 0.754324 0.597666 -0.271645 0
30.6728 26.3416 -22.8407 0.718698 0.617213 -0.320188 0
31.264 25.8284 -22.3495 0.761193 0.628852 -0.158526 0
30.1602 26.987 -22.7135 0.715772 0.640465 -0.278342 0
29.6454 27.6593 -22.3979 0.719962 0.671729 -0.174458 0
27.018 30.2159 -22.4577 0.653878 0.731271 -0.194129 0
26.3818 30.5908 -22.9413 0.610971 0.708445 -0.353297 0
24.9265 31.8553 -22.7884 0.587287 0.750535 -0.302971 0
25.7305 31.1814 -22.854 0.602009 0.729544 -0.324578 0
23.439 33.0809 -22.4084 0.568902 0.802927 -0.177929 0
21.9671 33.9512 -22.8209 0.515809 0.797206 -0.313694 0
22.6815 33.4399 -22.912 0.527142 0.777178 -0.343679 0
18.8444 35.7753 -22.8305 0.442029 0.839175 -0.316852 0
16.9786 36.7467 -22.6848 0.403989 0.874353 -0.268886 0
14.7127 37.7256 -22.6348 0.351571 0.901483 -0.252442 0
13.9479 38.092 -22.2656 0.340878 0.930949 -0.130904 0
11.5841 38.8795 -22.2398 0.283397 0.951157 -0.122416 0
9.12902 39.4895 -22.471 0.220752 0.95491 -0.198534 0
8.41538 39.5075 -22.9456 0.194785 0.914454 -0.354729 0
6.53924 39.9162 -22.7896 0.154049 0.940331 -0.303391 0
7.5655 39.7119 -22.8565 0.176959 0.928869 -0.325405 0
5.51629 40.0948 -22.7097 0.130961 0.951881 -0.277076 0
4.63668 40.2767 -22.41 0.11253 0.977492 -0.178453 0
1.82604 40.4111 -22.7766 0.043074 0.953249 -0.299099 0
-2.82605 40.3699 -22.7227 -0.067012 0.957263 -0.281347 0
-3.70715 40.3724 -22.4126 -0.089958 0.979675 -0.17929 0
-6.37522 39.9698 -22.701 -0.151473 0.949668 -0.274202 0
-8.03062 39.6259 -22.8408 -0.188163 0.928462 -0.320239 0
-7.24351 39.9017 -22.3444 -0.176404 0.971742 -0.15684 0
-8.85084 39.4899 -22.7197 -0.209931 0.93665 -0.280384 0
-9.68149 39.3674 -22.4227 -0.234795 0.954736 -0.182622 0
-10.3942 39.0457 -22.9145 -0.2415 0.907194 -0.344495 0
-13.0334 38.4035 -22.3375 -0.317514 0.935568 -0.15459 0
-16.0525 37.1093 -22.838 -0.376239 0.869767 -0.319295 0
-16.8428 36.7956 -22.7277 -0.399193 0.872097 -0.283004 0
-20.6506 34.8864 -22.4235 -0.500794 0.846023 -0.182894 0
-22.0323 33.9079 -22.8237 -0.517188 0.795956 -0.314596 0
-25.7439 31.2238 -22.7246 -0.610338 0.740256 -0.281972 0
-26.4696 30.7079 -22.4162 -0.642178 0.745003 -0.180492 0
-27.0019 30.0575 -22.916 -0.627256 0.698239 -0.34498 0
-28.4713 28.7401 -22.7679 -0.672184 0.678531 -0.296252 0
-27.6859 29.4702 -22.8297 -0.649483 0.691341 -0.316576 0
-30.3469 26.719 -22.8357 -0.71145 0.626397 -0.318538 0
-29.8817 27.4198 -22.3327 -0.728133 0.668144 -0.15299 0
-30.9209 26.112 -22.7132 -0.73385 0.61972 -0.278228 0
-33.1361 23.2785 -22.6252 -0.792435 0.556693 -0.249278 0
-40.3542 -3.92563 -21.3368 -0.979981 -0.095332 0.174782 0
-40.3542 3.92563 -21.3368 -0.979981 0.095332 0.174783 0
-40.3509 -3.92675 -22.4166 -0.97893 -0.095265 -0.180613 0
-40.2676 -3.16089 -20.7837 -0.931307 -0.073105 0.356822 0
-40.2676 3.16089 -20.7837 -0.931307 0.073105 0.356822 0
-40.2648 -3.16132 -22.9592 -0.930403 -0.073049 -0.359186 0
-38.8844 -11.0894 -20.9047 -0.912056 -0.260109 0.317012 0
-39.2781 -10.0643 -22.3855 -0.95454 -0.244583 -0.17039 0
-39.2781 10.0643 -22.3855 -0.954545 0.244585 -0.170361 0
-37.1088 16.4006 -22.2157 -0.908638 0.401583 -0.114493 0
-37.8115 -14.7107 -21.5276 -0.92609 -0.360298 0.111996 0
-37.8111 14.711 -21.5252 -0.926005 0.360275 0.11277 0
-40.3969 -1.89733 -20.925 -0.949582 -0.044599 0.310329 0
-40.3957 -1.89742 -22.8143 -0.949193 -0.044584 -0.311519 0
-40.3957 1.89742 -22.8143 -0.949193 0.044584 -0.311519 0
-36.2569 -17.6666 -23.0964 -0.822186 -0.40062 -0.404369 0
-36.2586 17.6703 -23.0892 -0.823107 0.401132 -0.401979 0
-36.1824 17.9622 -20.7947 -0.83797 0.415998 0.353202 0
-36.1864 -17.9644 -20.8069 -0.839319 -0.416673 0.349182 0
-38.1507 -13.4224 -22.806 -0.897227 -0.315668 -0.308768 0
-36.682 16.9013 -20.7758 -0.847538 0.390504 0.359426 0
-36.6844 -16.9019 -20.782 -0.848255 -0.390823 0.357379 0
-36.757 17.2206 -21.9224 -0.9054 0.42418 -0.017953 0
-35.104 -19.8886 -20.6729 -0.799944 -0.453217 0.393298 0
-39.6111 8.47653 -21.1601 -0.950958 0.203499 0.232952 0
-35.6322 -19.0213 -20.7835 -0.824076 -0.439911 0.3569 0
-39.8097 6.59917 -20.6879 -0.9091 0.1507 0.388363 0
-39.8097 -6.59917 -20.6879 -0.909101 -0.1507 0.388361 0
-39.7895 -6.58835 -23.0981 -0.90207 -0.149365 -0.404919 0
-37.6977 14.5809 -22.8761 -0.879809 0.340298 -0.331864 0
-34.0316 -21.7775 -20.8146 -0.790074 -0.505585 0.346652 0
-39.1526 9.76376 -23.051 -0.893696 0.222868 -0.389406 0
-39.3588 8.71176 -20.5938 -0.886387 0.196195 0.419316 0
-39.3588 -8.71176 -20.5939 -0.88639 -0.196195 0.41931 0
-35.9975 18.7327 -21.6042 -0.883729 0.459884 0.086774 0
-36.0007 -18.7324 -21.6367 -0.884524 -0.460248 0.076089 0
-34.6602 20.8155 -20.8915 -0.811816 0.487544 0.321335 0
-39.9799 -5.44671 -23.0567 -0.91185 -0.124227 -0.391276 0
-39.9907 5.44381 -20.7036 -0.915234 0.124588 0.383178 0
-39.9907 -5.44381 -20.7036 -0.915234 -0.124588 0.383176 0
-40.1329 4.30301 -23.0239 -0.919513 0.098589 -0.380494 0
-39.3086 -8.87609 -23.17 -0.881322 -0.199007 -0.428564 0
-39.8099 7.44737 -22.6056 -0.95353 0.17838 -0.242819 0
-39.2432 9.72551 -20.8917 -0.919178 0.227797 0.321279 0
-35.4133 -19.7792 -22.2864 -0.864733 -0.482974 -0.137744 0
-35.411 19.8013 -22.2173 -0.867017 0.484824 -0.115006 0
-40.4644 2.91281 -21.5002 -0.990091 0.071271 0.120995 0
-40.5462 -1.91512 -21.8705 -0.998886 -0.04718 -0.000888 0
-40.5462 1.91512 -21.8705 -0.998886 0.04718 -0.000888 0
-40.2028 5.60285 -21.8912 -0.990399 0.138026 -0.007697 0
-40.2285 4.99258 -21.2956 -0.974626 0.120957 0.188343 0
-40.2216 -4.99739 -22.4715 -0.972586 -0.12084 -0.19868 0
-40.2216 4.99739 -22.4715 -0.972587 0.12084 -0.198678 0
-39.2016 -10.5022 -21.6552 -0.963569 -0.258143 0.069984 0
-38.481 -12.9179 -21.8905 -0.947983 -0.318233 -0.007443 0
-38.481 12.918 -21.8898 -0.947984 0.318237 -0.007222 0
-40.0198 -6.78709 -21.9033 -0.985855 -0.167194 -0.011669 0
-38.0998 13.6839 -21.0621 -0.907439 0.325916 0.265206 0
-38.1001 -13.6839 -21.063 -0.907519 -0.325941 0.264899 0
-36.9972 16.6222 -21.4299 -0.902641 0.40554 0.144141 0
-36.9987 -16.6217 -21.438 -0.903001 -0.405673 0.141488 0
-39.5391 -8.81999 -22.563 -0.950125 -0.211945 -0.228783 0
-39.5391 8.82 -22.5629 -0.950128 0.211945 -0.22877 0
-34.1027 21.671 -22.9137 -0.792426 0.503557 -0.344227 0
-34.2263 -21.5942 -22.7213 -0.811684 -0.512113 -0.280909 0
-35.1998 -19.7466 -23.0301 -0.8058 -0.452042 -0.38255 0
-35.1954 19.7841 -22.9945 -0.809565 0.455075 -0.370824 0
-35.9132 18.6539 -22.7222 -0.851623 0.442347 -0.281191 0
-40.5496 -0.924525 -22.3031 -0.989431 -0.022559 -0.143241 0
-40.5496 0.924525 -22.3031 -0.989431 0.022559 -0.143241 0
-38.8696 11.6865 -21.733 -0.956708 0.287642 0.044397 0
-34.85 -20.8072 -21.9915 -0.857896 -0.512207 -0.040715 0
-34.879 20.7631 -21.8322 -0.859215 0.511481 0.011717 0
-40.4631 -2.91305 -22.2457 -0.989675 -0.071249 -0.124369 0
-40.4631 2.91305 -22.2457 -0.989675 0.071249 -0.124369 0
-39.0257 -11.0559 -22.2935 -0.952648 -0.269883 -0.14009 0
-39.0257 11.0559 -22.2933 -0.952655 0.269886 -0.140033 0
-40.3559 -0.80098 -20.7141 -0.92492 -0.018358 0.379717 0
-40.3555 -0.801007 -23.0226 -0.924773 -0.018356 -0.380075 0
-40.3555 0.801007 -23.0226 -0.924773 0.018356 -0.380075 0
-37.0495 -14.2772 -25.1489 -0.859831 -0.331339 -0.388464 0
-38.243 -10.8406 -25.0395 -0.895625 -0.253878 -0.365243 0
-38.4829 9.56919 -25.2642 -0.883845 0.219778 -0.412935 0
-38.4829 -9.56919 -25.2642 -0.883845 -0.219778 -0.412935 0
-37.9646 -7.10454 -26.7204 -0.680133 -0.127277 -0.721955 0
-39.4967 6.23777 -24.2301 -0.96909 0.15305 -0.193494 0
-39.4967 -6.23777 -24.2301 -0.96909 -0.15305 -0.193494 0
-27.3191 28.3029 -25.8511 -0.585649 0.60674 -0.537477 0
38.1705 -9.50755 -25.8511 0.818276 -0.203817 -0.537478 0
-10.8515 -37.8104 -25.8511 -0.232628 -0.810556 -0.537478 0
9.79777 38.0971 -25.8511 0.210038 0.816701 -0.537478 0
9.79777 -38.0971 -25.8511 0.210038 -0.816701 -0.537478 0
-9.9465 38.2457 -25.5415 -0.221926 0.853336 -0.47177 0
10.7972 38.0143 -25.5415 0.240907 0.848173 -0.47177 0
27.5228 28.3578 -25.5415 0.614086 0.632718 -0.47177 0
27.5228 -28.3578 -25.5415 0.614086 -0.632718 -0.47177 0
28.7468 26.967 -25.7227 0.627242 0.588407 -0.51024 0
38.4461 8.68893 -25.7227 0.838875 0.189588 -0.51024 0
38.4461 -8.68893 -25.7227 0.838875 -0.189588 -0.51024 0
-11.6982 -37.6398 -25.7227 -0.255249 -0.821281 -0.51024 0
-8.65451 38.4976 -25.6493 -0.190619 0.847928 -0.494653 0
37.6672 11.7538 -25.6493 0.829637 0.258883 -0.494653 0
-8.65451 -38.4976 -25.6493 -0.190619 -0.847928 -0.494653 0
-29.0127 -26.7439 -25.6493 -0.63902 -0.589048 -0.494646 0
12.0393 37.5769 -25.6493 0.26517 0.827649 -0.494653 0
26.5229 -29.2148 -25.6493 0.58418 -0.643469 -0.494653 0
12.0393 -37.5769 -25.6493 0.26517 -0.827649 -0.494653 0
7.94064 38.6136 -25.7128 0.173486 0.843625 -0.508134 0
29.4701 26.1836 -25.7128 0.643857 0.572056 -0.508134 0
38.6728 -7.64715 -25.7128 0.844918 -0.167074 -0.508134 0
-12.7138 -37.3152 -25.7128 -0.277769 -0.815257 -0.508134 0
-25.959 -29.6681 -25.7128 -0.567149 -0.648184 -0.508134 0
-29.81 25.8183 -25.6878 -0.653393 0.565902 -0.502824 0
37.2643 12.907 -25.6879 0.816773 0.282901 -0.502841 0
-7.45432 -38.7253 -25.6879 -0.163387 -0.848797 -0.502841 0
-29.81 -25.8183 -25.6878 -0.653393 -0.565902 -0.502824 0
13.1896 37.1652 -25.6879 0.289094 0.814602 -0.502841 0
25.5912 30.0051 -25.6879 0.560919 0.657663 -0.502841 0
25.5912 -30.0051 -25.6879 0.560919 -0.657663 -0.502841 0
6.81603 38.828 -25.7127 0.148919 0.848326 -0.5081 0
30.218 -25.3169 -25.7127 0.660213 -0.553131 -0.5081 0
6.81603 -38.828 -25.7127 0.148919 -0.848326 -0.5081 0
-25.0866 30.4094 -25.7127 -0.548101 0.664395 -0.5081 0
38.8787 6.52095 -25.7127 0.849433 0.142472 -0.5081 0
38.8787 -6.52095 -25.7127 0.849433 -0.142472 -0.5081 0
-13.792 -36.9304 -25.7127 -0.301332 -0.806866 -0.5081 0
-25.0866 -30.4094 -25.7127 -0.548101 -0.664395 -0.5081 0
-30.5782 24.8898 -25.7028 -0.668937 0.544497 -0.506011 0
36.8442 14.0365 -25.703 0.805994 0.307059 -0.506052 0
36.8442 -14.0365 -25.703 0.805994 -0.307059 -0.506052 0
-30.5782 -24.8898 -25.7028 -0.668937 -0.544497 -0.506011 0
24.6569 30.7662 -25.703 0.539386 0.673033 -0.506052 0
24.6569 -30.7662 -25.703 0.539386 -0.673033 -0.506052 0
14.3159 -36.7366 -25.703 0.313171 -0.803639 -0.506052 0
5.65454 39.0139 -25.7129 0.123538 0.852356 -0.50816 0
5.65454 -39.0139 -25.7129 0.123538 -0.852356 -0.50816 0
-14.8876 36.5023 -25.7129 -0.325257 0.797484 -0.508161 0
39.0557 5.35808 -25.7129 0.85327 0.117061 -0.508161 0
-24.1681 -31.1442 -25.7129 -0.528013 -0.680423 -0.508161 0
-5.07772 39.0955 -25.7091 -0.110991 0.854568 -0.507341 0
36.3965 15.1503 -25.7091 0.795573 0.331163 -0.507341 0
-5.07772 -39.0955 -25.7091 -0.110991 -0.854568 -0.507341 0
-31.319 -23.9453 -25.7086 -0.68463 -0.523442 -0.507238 0
15.4263 36.2804 -25.7091 0.337195 0.793036 -0.50734 0
23.7066 31.4998 -25.7091 0.518191 0.688537 -0.50734 0
4.47544 39.1666 -25.7131 0.097775 0.855676 -0.508191 0
4.47544 -39.1666 -25.7131 0.097775 -0.855676 -0.508191 0
-23.2179 31.8588 -25.7131 -0.507243 0.696022 -0.508192 0
-15.9816 36.0367 -25.7131 -0.349151 0.787296 -0.508192 0
39.1995 -4.17787 -25.7131 0.856394 -0.091274 -0.508192 0
-15.9816 -36.0367 -25.7131 -0.349151 -0.787296 -0.508192 0
-23.2179 -31.8588 -25.7131 -0.507243 -0.696022 -0.508192 0
-3.88667 39.2303 -25.7115 -0.08493 0.857242 -0.507861 0
35.9178 16.2492 -25.7115 0.784858 0.35507 -0.507861 0
35.9178 -16.2492 -25.7115 0.784858 -0.35507 -0.507861 0
-32.0317 -22.9815 -25.7103 -0.700051 -0.502258 -0.507608 0
22.7372 32.2047 -25.7115 0.496842 0.703723 -0.50786 0
22.7372 -32.2047 -25.7115 0.496842 -0.703723 -0.50786 0
16.5215 -35.7934 -25.7115 0.361021 -0.78214 -0.50786 0
3.28718 39.2841 -25.7131 0.071815 0.858238 -0.508204 0
32.3775 -22.4889 -25.7131 0.707348 -0.491312 -0.508204 0
3.28718 -39.2841 -25.7131 0.071815 -0.858238 -0.508204 0
-22.2423 32.5473 -25.7132 -0.485926 0.711058 -0.508205 0
-17.0656 35.5361 -25.7132 -0.372831 0.776353 -0.508205 0
39.308 2.98876 -25.7132 0.858757 0.065295 -0.508205 0
-2.69282 39.3297 -25.7125 -0.058835 0.859303 -0.508071 0
35.407 -17.3328 -25.7125 0.773596 -0.378699 -0.508071 0
-2.69282 -39.3297 -25.7125 -0.058835 -0.859303 -0.508071 0
-32.7157 -21.9977 -25.7096 -0.71507 -0.480806 -0.507445 0
21.7478 -32.8803 -25.7125 0.475162 -0.718393 -0.508068 0
2.09383 39.3658 -25.7132 0.045744 0.860019 -0.508207 0
2.09383 -39.3658 -25.7132 0.045744 -0.860019 -0.508207 0
-35.9038 -16.58 -25.486 -0.806114 -0.372254 -0.460007 0
-21.2447 33.2071 -25.7132 -0.464129 0.72547 -0.50821 0
39.3805 -1.79487 -25.7132 0.86034 -0.039212 -0.50821 0
-21.2447 -33.2071 -25.7132 -0.464129 -0.72547 -0.50821 0
-33.371 20.9946 -25.7056 -0.72977 0.459118 -0.506603 0
-1.49681 39.3931 -25.7129 -0.032702 0.860644 -0.508156 0
18.6646 34.7231 -25.7129 0.407779 0.758619 -0.508147 0
18.6646 -34.7231 -25.7129 0.407779 -0.758619 -0.508147 0
33.6823 20.483 -25.7131 0.735854 0.447492 -0.508203 0
33.6823 -20.483 -25.7131 0.735854 -0.447492 -0.508203 0
0.897707 -39.4112 -25.7131 0.019612 -0.861014 -0.508203 0
-20.2268 33.8367 -25.7132 -0.441891 0.739225 -0.508212 0
39.4169 0.59854 -25.7132 0.861133 0.013076 -0.508212 0
34.2888 19.4507 -25.7131 0.749111 0.424942 -0.50819 0
34.2888 -19.4507 -25.7131 0.749111 -0.424942 -0.50819 0
-0.299599 -39.4203 -25.7131 -0.006545 -0.86122 -0.50819 0
-33.9987 -19.9746 -25.6948 -0.74453 -0.43742 -0.50432 0
19.7108 34.1401 -25.713 0.430629 0.745872 -0.508167 0
-39.9326 -1.80851 -24.2923 -0.977404 -0.044266 -0.206692 0
-39.979 0.817149 -24.2248 -0.981118 0.020054 -0.192365 0
-39.2405 6.57435 -24.9401 -0.926002 0.155142 -0.344167 0
-39.4771 -5.20805 -24.851 -0.937504 -0.123681 -0.325251 0
-39.4771 5.20805 -24.851 -0.937504 0.123681 -0.325251 0
-38.2417 -4.37834 -26.8423 -0.659598 -0.075518 -0.747815 0
-36.0301 -14.9832 -26.2887 -0.716816 -0.29809 -0.630331 0
-37.5957 -13.4773 -24.446 -0.913994 -0.327648 -0.239295 0
-36.3739 16.4496 -24.516 -0.881238 0.398529 -0.254154 0
-39.8574 -3.01485 -24.3034 -0.975121 -0.073759 -0.209042 0
-37.5934 -8.42671 -26.8112 -0.65502 -0.146825 -0.741209 0
-38.4532 3.01694 -26.7698 -0.678759 0.053254 -0.732427 0
-36.3123 15.8652 -25.3246 -0.829153 0.362265 -0.425757 0
-36.3123 -15.8652 -25.3246 -0.829153 -0.362265 -0.425757 0
-38.9706 -8.65508 -24.5179 -0.944055 -0.209668 -0.254558 0
-39.6624 5.26457 -24.0984 -0.977627 0.129765 -0.165548 0
-35.2779 -17.1635 -26.0091 -0.738211 -0.359156 -0.571009 0
-35.2779 17.1635 -26.0091 -0.738211 0.359156 -0.571009 0
10.076 -37.4398 -26.5718 0.188 -0.69856 -0.690413 0
27.3858 -27.446 -26.5718 0.510971 -0.512093 -0.690413 0
10.076 37.4398 -26.5718 0.188 0.69856 -0.690413 0
-27.2343 -27.5964 -26.5718 -0.508144 -0.514899 -0.690412 0
-10.282 -37.3838 -26.5718 -0.191843 -0.697514 -0.690413 0
37.5163 9.78743 -26.5718 0.699987 0.182616 -0.690413 0
-10.282 37.3838 -26.5718 -0.191843 0.697514 -0.690413 0
-29.0405 27.362 -24.5911 -0.700777 0.660273 -0.270094 0
-9.17592 38.8308 -24.5911 -0.221425 0.937026 -0.270098 0
38.2164 11.4688 -24.5911 0.922201 0.276754 -0.270098 0
38.2164 -11.4688 -24.5911 0.922201 -0.276754 -0.270098 0
-9.17592 -38.8308 -24.5911 -0.221425 -0.937026 -0.270098 0
-29.0405 -27.362 -24.5911 -0.700777 -0.660273 -0.270094 0
11.7542 38.1296 -24.5911 0.28364 0.920106 -0.270098 0
27.1441 -29.2442 -24.5911 0.655015 -0.705693 -0.270098 0
-34.4023 17.9676 -26.5296 -0.648708 0.338806 -0.681461 0
19.4178 -34.8264 -24.6814 0.466163 -0.836077 -0.289254 0
38.7371 -0 -26.608 0.716008 0 -0.698092 0
-34.6789 19.688 -24.6683 -0.833179 0.473015 -0.286479 0
0.298244 39.8727 -24.6815 0.00716 0.957217 -0.289282 0
0.298244 -39.8727 -24.6815 0.00716 -0.957217 -0.289282 0
-34.6789 -19.688 -24.6683 -0.833179 -0.473015 -0.286479 0
-33.7263 -19.1009 -26.5847 -0.627185 -0.355207 -0.693157 0
33.3972 -19.6263 -26.6079 0.617313 -0.362772 -0.698084 0
33.3972 19.6263 -26.6079 0.617313 0.362772 -0.698084 0
-33.7263 19.1009 -26.5847 -0.627185 0.355207 -0.693157 0
-19.9369 34.5318 -24.6816 -0.47862 0.828995 -0.289293 0
-19.9369 -34.5318 -24.6816 -0.47862 -0.828995 -0.289293 0
18.8493 -33.8419 -26.6078 0.34842 -0.625549 -0.698063 0
18.8493 33.8419 -26.6078 0.34842 0.625549 -0.698063 0
-0.895433 -38.7268 -26.6079 -0.016551 -0.715837 -0.698071 0
33.9861 18.5879 -26.6079 0.628209 0.343585 -0.698071 0
-33.0994 20.1393 -26.6 -0.613088 0.373034 -0.696397 0
19.4178 34.8264 -24.6814 0.466163 0.836077 -0.289254 0
-18.3259 -34.128 -26.608 -0.338733 -0.630816 -0.698091 0
-34.0766 20.7097 -24.6739 -0.818438 0.497396 -0.287675 0
-0.895382 39.8638 -24.6814 -0.021495 0.957008 -0.289265 0
34.9708 19.1565 -24.6814 0.839541 0.459888 -0.289265 0
34.9708 -19.1565 -24.6814 0.839541 -0.459888 -0.289265 0
-0.895382 -39.8638 -24.6814 -0.021495 -0.957008 -0.289265 0
1.49151 -38.7084 -26.6079 0.027569 -0.715481 -0.698088 0
-20.9614 33.9197 -24.6816 -0.503214 0.814301 -0.289292 0
-18.8946 -35.1129 -24.6816 -0.453598 -0.842946 -0.289292 0
-20.9614 -33.9197 -24.6816 -0.503214 -0.814301 -0.289292 0
20.8984 32.6165 -26.6077 0.386308 0.602919 -0.698036 0
17.7975 34.4068 -26.6077 0.328989 0.636013 -0.698036 0
33.7619 21.2146 -24.6815 0.810514 0.509294 -0.289288 0
33.7619 -21.2146 -24.6815 0.810514 -0.509294 -0.289288 0
1.49143 -39.8459 -24.6815 0.035804 -0.956572 -0.289288 0
-35.2351 -18.6661 -24.6813 -0.845894 -0.448119 -0.289226 0
-32.4574 -21.1499 -26.6048 -0.600437 -0.391258 -0.697418 0
34.5429 -17.5319 -26.6077 0.638526 -0.324077 -0.698039 0
34.5429 17.5319 -26.6077 0.638526 0.324077 -0.698039 0
-32.4574 21.1499 -26.6048 -0.600437 0.391258 -0.697418 0
18.3665 35.3921 -24.6812 0.440929 0.849667 -0.289218 0
-17.2662 -34.6762 -26.608 -0.319146 -0.640951 -0.698089 0
38.6636 2.38517 -26.608 0.714653 0.044087 -0.698089 0
-17.2662 34.6762 -26.608 -0.319146 0.640951 -0.698089 0
-21.3974 32.2911 -26.608 -0.395507 0.596864 -0.698089 0
-2.08832 39.8192 -24.6812 -0.050135 0.955948 -0.289223 0
35.5286 -18.1011 -24.6812 0.852943 -0.434556 -0.289223 0
-2.08832 -39.8192 -24.6812 -0.050135 -0.955948 -0.289223 0
32.1253 -21.6455 -26.6079 0.5938 -0.400094 -0.698087 0
32.1253 21.6455 -26.6079 0.5938 0.400094 -0.698087 0
-21.9668 33.2774 -24.6816 -0.527351 0.798882 -0.28929 0
39.8024 2.38509 -24.6816 0.955527 0.057258 -0.28929 0
-17.8357 -35.6625 -24.6816 -0.428177 -0.85614 -0.28929 0
-21.9668 -33.2774 -24.6816 -0.527351 -0.798882 -0.28929 0
16.7288 -34.9393 -26.6073 0.309263 -0.645917 -0.69796 0
21.8939 31.9572 -26.6073 0.404749 0.590788 -0.69796 0
2.68289 39.7835 -24.6815 0.064408 0.955073 -0.289289 0
33.1121 22.2152 -24.6815 0.794913 0.533315 -0.289289 0
2.68289 -39.7835 -24.6815 0.064408 -0.955073 -0.289289 0
-3.27955 -38.5986 -26.6074 -0.060628 -0.713565 -0.697961 0
17.2987 35.9263 -24.6807 0.415307 0.862515 -0.289115 0
22.4637 32.9443 -24.6807 0.539307 0.790924 -0.289115 0
17.2987 -35.9263 -24.6807 0.415307 -0.862515 -0.289115 0
-22.381 -31.6173 -26.6079 -0.413692 -0.584416 -0.698081 0
-16.1909 -35.1912 -26.6079 -0.299274 -0.650476 -0.698081 0
-32.7756 22.7099 -24.6793 -0.78694 0.545263 -0.288814 0
-3.27953 39.739 -24.6807 -0.078735 0.95405 -0.289117 0
36.0547 -17.0293 -24.6807 0.865599 -0.408839 -0.289117 0
-32.7756 -22.7099 -24.6793 -0.78694 -0.545263 -0.288814 0
3.87093 -38.5432 -26.6079 0.071551 -0.712436 -0.69808 0
31.444 -22.6239 -26.6079 0.581212 -0.418182 -0.69808 0
3.87093 38.5432 -26.6079 0.071551 0.712436 -0.69808 0
-16.7616 36.1797 -24.6815 -0.402391 0.868558 -0.289288 0
39.7134 -3.57392 -24.6815 0.953389 -0.085798 -0.289288 0
-16.7616 -36.1797 -24.6815 -0.402391 -0.868558 -0.289288 0
-22.9518 -32.6058 -24.6815 -0.550998 -0.78276 -0.289288 0
15.6442 -35.4392 -26.6064 0.28928 -0.655314 -0.697768 0
22.8692 31.2678 -26.6064 0.422879 0.578181 -0.697768 0
15.6442 35.4392 -26.6064 0.28928 0.655314 -0.697768 0
3.87105 39.6855 -24.6815 0.092931 0.952721 -0.289287 0
32.4331 23.1952 -24.6815 0.778615 0.556841 -0.289287 0
32.4331 -23.1952 -24.6815 0.778615 -0.556841 -0.289287 0
3.87105 -39.6855 -24.6815 0.092931 -0.952721 -0.289287 0
35.5587 -15.3706 -26.6064 0.657523 -0.284222 -0.697769 0
-4.46796 38.48 -26.6064 -0.082618 0.711543 -0.697769 0
-31.0911 23.1096 -26.606 -0.57498 0.427376 -0.697673 0
16.2153 36.4285 -24.6795 0.389323 0.874638 -0.288854 0
23.4404 32.2571 -24.6795 0.562797 0.774482 -0.288854 0
23.4404 -32.2571 -24.6795 0.562797 -0.774482 -0.288854 0
-15.1026 -35.672 -26.6078 -0.279167 -0.659388 -0.69805 0
38.4441 4.75679 -26.6078 0.71063 0.087928 -0.69805 0
-15.1026 35.672 -26.6078 -0.279167 0.659388 -0.69805 0
-23.3415 30.9152 -26.6078 -0.431463 0.57146 -0.69805 0
-4.46814 39.6233 -24.6795 -0.107278 0.951343 -0.288855 0
36.5489 15.9421 -24.6795 0.877527 0.382766 -0.288855 0
36.5489 -15.9421 -24.6795 0.877527 -0.382766 -0.288855 0
-4.46814 -39.6233 -24.6795 -0.107278 -0.951343 -0.288855 0
30.7344 23.579 -26.6078 0.568119 0.435853 -0.69805 0
5.05284 38.4063 -26.6078 0.093401 0.709932 -0.69805 0
39.589 4.75741 -24.6816 0.950402 0.11421 -0.289295 0
39.589 -4.75741 -24.6816 0.950402 -0.11421 -0.289295 0
-15.6745 -36.6638 -24.6816 -0.376292 -0.880178 -0.289295 0
23.8241 30.5492 -26.6042 0.440793 0.565221 -0.6973 0
5.05358 -39.5523 -24.6816 0.12132 -0.949521 -0.289295 0
36.0179 -14.2673 -26.6042 0.666402 -0.263973 -0.6973 0
36.0179 14.2673 -26.6042 0.666402 0.263973 -0.6973 0
15.1168 36.8989 -24.6764 0.363016 0.886093 -0.288197 0
24.397 31.541 -24.6764 0.585871 0.757428 -0.288197 0
24.397 -31.541 -24.6764 0.585871 -0.757428 -0.288197 0
-24.2753 -30.1883 -26.6071 -0.448802 -0.558121 -0.69791 0
38.2815 -5.92887 -26.6071 0.707748 -0.109613 -0.69791 0
-14.0062 36.1172 -26.6071 -0.258946 0.667734 -0.69791 0
-5.6535 39.4726 -24.6764 -0.135763 0.947898 -0.288198 0
-5.6535 -39.4726 -24.6764 -0.135763 -0.947898 -0.288198 0
-31.3576 -24.6324 -24.6762 -0.753034 -0.591533 -0.288147 0
6.22364 -38.2347 -26.6071 0.115063 -0.706882 -0.69791 0
30.0004 -24.5072 -26.6071 0.554647 -0.453088 -0.69791 0
30.0004 24.5072 -26.6071 0.554647 0.453088 -0.69791 0
-14.5778 37.1133 -24.682 -0.349956 0.890946 -0.28939 0
-14.5778 -37.1133 -24.682 -0.349956 -0.890946 -0.28939 0
6.22685 39.3845 -24.682 0.149482 0.945467 -0.28939 0
30.9945 25.0849 -24.682 0.744058 0.602189 -0.28939 0
30.9945 -25.0849 -24.682 0.744058 -0.602189 -0.28939 0
6.22685 -39.3845 -24.682 0.149482 -0.945467 -0.28939 0
-29.611 -24.9887 -26.5989 -0.548631 -0.462989 -0.696165 0
-6.83531 -38.1381 -26.599 -0.126642 -0.706608 -0.696181 0
36.4463 -13.1495 -26.599 0.675261 -0.243629 -0.696181 0
-29.611 24.9887 -26.5989 -0.548631 0.462989 -0.696165 0
14.0039 37.338 -24.6685 0.336447 0.897054 -0.286526 0
25.3337 30.7967 -24.6685 0.608649 0.739899 -0.286526 0
25.3337 -30.7967 -24.6685 0.608649 -0.739899 -0.286526 0
14.0039 -37.338 -24.6685 0.336447 -0.897054 -0.286526 0
-12.9157 -36.5249 -26.6036 -0.239003 -0.675887 -0.697176 0
-6.83548 39.2876 -24.6685 -0.164224 0.943893 -0.286526 0
37.4418 13.7241 -24.6685 0.899547 0.329724 -0.286526 0
37.4418 -13.7241 -24.6685 0.899547 -0.329724 -0.286526 0
-6.83548 -39.2876 -24.6685 -0.164224 -0.943893 -0.286526 0
-30.6063 -25.5635 -24.6684 -0.735328 -0.614173 -0.286505 0
7.37034 -38.0337 -26.6036 0.136387 -0.703807 -0.697176 0
29.253 -25.3998 -26.6036 0.541321 -0.470018 -0.697176 0
29.253 25.3998 -26.6036 0.541321 0.470018 -0.697176 0
7.37034 38.0337 -26.6036 0.136387 0.703807 -0.697176 0
-25.7607 30.4339 -24.6852 -0.618298 0.730463 -0.290056 0
-13.4762 37.5264 -24.6852 -0.32345 0.900693 -0.290056 0
-13.4762 -37.5264 -24.6852 -0.32345 -0.900693 -0.290056 0
-25.7607 -30.4339 -24.6852 -0.618298 -0.730463 -0.290056 0
25.6795 -29.0291 -26.5871 0.477247 -0.539497 -0.69367 0
25.6795 29.0291 -26.5871 0.477247 0.539497 -0.69367 0
12.3001 36.7537 -26.5871 0.228595 0.683057 -0.69367 0
7.38594 39.1827 -24.6852 0.177274 0.940447 -0.290056 0
7.38594 -39.1827 -24.6852 0.177274 -0.940447 -0.290056 0
36.8473 -12.0167 -26.5871 0.684797 -0.223327 -0.69367 0
-8.01689 37.9191 -26.5871 -0.148992 0.704715 -0.69367 0
-28.8304 25.9024 -26.5871 -0.53581 0.481392 -0.693663 0
37.8923 -8.1587 -26.5836 0.704859 -0.151765 -0.692922 0
-11.8805 36.895 -26.5836 -0.220997 0.686309 -0.692922 0
-26.0118 28.7363 -26.5836 -0.483862 0.534543 -0.692922 0
-29.8291 26.4754 -24.6478 -0.717516 0.636845 -0.282132 0
37.8429 -12.5951 -24.6479 0.91028 -0.302964 -0.282141 0
-8.01383 -39.0705 -24.6479 -0.192766 -0.939807 -0.282141 0
8.45029 -37.8283 -26.5836 0.157189 -0.703669 -0.692922 0
28.5351 -26.2323 -26.5836 0.530801 -0.487965 -0.692922 0
28.5351 26.2323 -26.5836 0.530801 0.487965 -0.692922 0
8.45029 37.8283 -26.5836 0.157189 0.703669 -0.692922 0
-12.364 37.9014 -24.7037 -0.296426 0.908684 -0.293981 0
39.0056 8.24317 -24.7037 0.935157 0.19763 -0.293981 0
-26.6416 -29.6582 -24.7037 -0.638731 -0.711055 -0.29398 0
11.1563 -37.1381 -26.5659 0.208467 -0.693963 -0.689171 0
11.1563 37.1381 -26.5659 0.208467 0.693963 -0.689171 0
8.53497 38.9428 -24.7037 0.204625 0.933651 -0.293981 0
29.458 26.8629 -24.7037 0.706253 0.644036 -0.293981 0
29.458 -26.8629 -24.7037 0.706253 -0.644036 -0.293981 0
-9.19769 -37.671 -26.5659 -0.171868 -0.703921 -0.689171 0
37.2229 10.87 -26.5659 0.695548 0.203118 -0.689171 0
-28.0252 26.8009 -26.5659 -0.523681 0.500805 -0.689168 0
-11.1167 -37.2558 -26.4558 -0.213341 -0.714976 -0.665804 0
37.8228 -9.00052 -26.4558 0.725858 -0.172729 -0.665804 0
-11.1167 37.2558 -26.4558 -0.213341 0.714976 -0.665804 0
-26.7061 28.2553 -26.4558 -0.512517 0.542247 -0.665803 0
9.29091 -37.7526 -26.4558 0.178302 -0.724509 -0.665804 0
28.0492 -26.9224 -26.4558 0.538293 -0.516669 -0.665804 0
28.0492 26.9224 -26.4558 0.538293 0.516669 -0.665804 0
38.6916 9.48134 -24.7999 0.92201 0.225938 -0.314404 0
38.6916 -9.48134 -24.7999 0.92201 -0.225938 -0.314404 0
-11.1347 -38.2486 -24.7999 -0.265337 -0.911453 -0.314404 0
-27.5569 -28.7672 -24.7999 -0.656673 -0.685515 -0.314403 0
28.5599 27.7718 -24.7999 0.680573 0.661793 -0.314404 0
28.5599 -27.7718 -24.7999 0.680573 -0.661793 -0.314404 0
-28.3729 -28.113 -24.4315 -0.69025 -0.683927 -0.236216 0
27.9006 28.5818 -24.4315 0.678759 0.695332 -0.236218 0
27.9006 -28.5818 -24.4315 0.678759 -0.695332 -0.236218 0
10.8023 -38.4535 -24.4315 0.262796 -0.935489 -0.236218 0
-39.1766 -4.50354 -25.6908 -0.85837 -0.098674 -0.503452 0
-39.1766 4.50354 -25.6908 -0.85837 0.098674 -0.503452 0
-39.6706 -2.37085 -25.0608 -0.927471 -0.055429 -0.369764 0
-38.527 -6.46533 -26.2331 -0.774914 -0.130041 -0.618545 0
-38.527 6.46533 -26.2331 -0.774914 0.130041 -0.618545 0
-38.8364 1.88692 -26.4522 -0.745938 0.036242 -0.665028 0
-38.1006 -9.07537 -26.1003 -0.78517 -0.187024 -0.590364 0
-38.1006 9.07537 -26.1003 -0.78517 0.187024 -0.590364 0
-36.8918 -12.6797 -26.3026 -0.731892 -0.251551 -0.63329 0
-36.8918 12.6797 -26.3026 -0.731892 0.251551 -0.63329 0
-35.7177 -14.463 -26.8034 -0.623882 -0.252625 -0.739562 0
-35.7177 14.463 -26.8034 -0.623882 0.252625 -0.739562 0
-39.2792 -7.39999 -24.3082 -0.960785 -0.181007 -0.210068 0
-39.0399 -7.61389 -24.9724 -0.919053 -0.179241 -0.351019 0
-36.7546 15.3072 -24.8639 -0.872078 0.363195 -0.327979 0
-36.9867 -11.3476 -26.6573 -0.67462 -0.206975 -0.708555 0
-36.9867 11.3476 -26.6573 -0.67462 0.206975 -0.708555 0
-35.2088 16.3441 -26.5235 -0.664909 0.308654 -0.680168 0
-39.7608 -1.09079 -24.9717 -0.936073 -0.02568 -0.350866 0
-39.7608 1.09079 -24.9717 -0.936073 0.02568 -0.350866 0
-36.4719 -15.0645 -25.6455 -0.803692 -0.331961 -0.493843 0
-35.3566 -15.4606 -26.7532 -0.627261 -0.274288 -0.72891 0
-35.3566 15.4606 -26.7532 -0.627261 0.274288 -0.72891 0
-36.5762 -14.0123 -26.0977 -0.754104 -0.288897 -0.589802 0
-36.5762 14.0123 -26.0977 -0.754104 0.288897 -0.589802 0
-38.7859 4.02014 -26.3224 -0.766359 0.079433 -0.637483 0
-37.859 10.4328 -25.9527 -0.799352 0.220278 -0.559029 0
-38.6784 5.17003 -26.2873 -0.769709 0.102885 -0.63005 0
-38.4311 11.0384 -24.237 -0.942697 0.270767 -0.194954 0
-38.4311 -11.0384 -24.237 -0.942697 -0.270767 -0.194954 0
-38.3022 -1.88513 -26.9642 -0.63279 -0.031144 -0.773697 0
-37.4857 -7.49951 -27.0593 -0.596274 -0.119292 -0.793868 0
-37.4857 7.49951 -27.0593 -0.596274 0.119292 -0.793868 0
-36.8729 -15.4982 -24.1709 -0.906665 -0.381084 -0.180924 0
-39.5791 -3.73218 -25.027 -0.92783 -0.087491 -0.362598 0
-39.5791 3.73218 -25.027 -0.92783 0.087491 -0.362598 0
-39.7568 4.2511 -24.2445 -0.974938 0.104248 -0.196542 0
-37.2129 -14.5908 -24.3041 -0.910398 -0.356957 -0.209182 0
-38.68 10.0117 -24.378 -0.943301 0.244158 -0.224878 0
-38.68 -10.0117 -24.378 -0.943301 -0.244158 -0.224878 0
-38.04 5.77626 -26.856 -0.653127 0.099175 -0.750726 0
-35.585 -16.4917 -26.0246 -0.742755 -0.344226 -0.574302 0
-35.585 16.4917 -26.0246 -0.742755 0.344226 -0.574302 0
-36.3625 12.3736 -26.9129 -0.612159 0.208308 -0.762804 0
-36.1095 -13.3765 -26.828 -0.625738 -0.2318 -0.744795 0
-38.4637 0.971945 -26.856 -0.660401 0.016688 -0.750728 0
-39.3651 1.54288 -25.7569 -0.855034 0.033512 -0.517487 0
-28.5113 11.7609 -29.8594 -0.126452 0.052162 -0.9906 0
-28.5113 -11.7609 -29.8594 -0.126452 -0.052162 -0.9906 0
-31.7057 11.1851 -29.2467 -0.275784 0.09729 -0.956283 0
28.3135 0.546563 -30.027 -0.004521 -8.7e-05 -0.99999 0
28.2707 3.86925 -30.0267 0.007481 0.001024 -0.999971 0
27.8961 -5.61003 -30.0271 0.003026 -0.000609 -0.999995 0
27.3052 7.29028 -30.0267 -0.007457 -0.001991 -0.99997 0
27.3063 -7.31166 -30.0267 -0.007098 0.001901 -0.999973 0
26.8454 9.06369 -30.0271 -0.003463 -0.001169 -0.999993 0
26.4824 10.7793 -30.0262 0.009996 0.004069 -0.999942 0
26.4933 -10.7323 -30.0262 0.009608 -0.003892 -0.999946 0
25.092 13.7868 -30.0257 0.011321 0.00622 -0.999917 0
22.8873 16.6904 -30.027 -0.003295 -0.002403 -0.999992 0
22.8718 -16.7011 -30.027 -0.003575 0.00261 -0.99999 0
20.6485 -19.5439 -30.0272 0.001286 -0.001217 -0.999998 0
18.2457 -21.8164 -30.0271 0.001471 -0.001759 -0.999997 0
16.7354 22.7629 -30.0266 -0.004864 -0.006616 -0.999966 0
16.7341 -22.7637 -30.0266 -0.004869 0.006623 -0.999966 0
15.1892 -23.7879 -30.0263 -0.005299 0.008298 -0.999952 0
13.6111 24.6755 -30.0258 -0.005923 -0.010738 -0.999925 0
13.6109 -24.6756 -30.0258 -0.005924 0.010739 -0.999925 0
11.9382 -25.4442 -30.0248 -0.006989 0.014895 -0.999865 0
10.3617 26.2206 -30.026 -0.004235 -0.010718 -0.999934 0
8.77863 26.7371 -30.0253 -0.004509 -0.013734 -0.999896 0
8.77861 -26.7371 -30.0253 -0.004509 0.013734 -0.999896 0
-23.1363 -17.0078 -30.0244 -0.014242 -0.010469 -0.999844 0
-24.5515 15.2433 -30.0202 -0.023756 0.014749 -0.999609 0
-24.5515 -15.2433 -30.0202 -0.023756 -0.014749 -0.999609 0
-26.2772 18.7066 -29.6058 -0.175948 0.125256 -0.976398 0
-22.4025 22.694 -29.6829 -0.137291 0.139077 -0.980719 0
-22.4025 -22.694 -29.6829 -0.137291 -0.139077 -0.980719 0
32.335 0.847707 -29.5855 0.22097 0.005793 -0.975263 0
32.6163 -0.934814 -29.5188 0.23683 -0.006788 -0.971527 0
29.9059 -1.14933 -29.9616 0.085546 -0.003288 -0.996329 0
-31.8076 7.0082 -29.5332 -0.228142 0.050267 -0.972329 0
-33.2424 10.7425 -28.788 -0.348317 0.112561 -0.930594 0
-33.702 8.65759 -28.842 -0.347007 0.089142 -0.933616 0
-33.702 -8.65759 -28.842 -0.347007 -0.089142 -0.933616 0
-33.256 -5.63752 -29.2128 -0.294381 -0.049903 -0.954384 0
-26.0249 -7.00258 -29.9683 0.078365 0.021086 -0.996702 0
-26.0249 7.00258 -29.9683 0.078365 -0.021086 -0.996702 0
-22.2393 -8.0968 -29.3887 0.249046 0.090672 -0.964238 0
-22.2393 8.0968 -29.3887 0.249046 -0.090672 -0.964238 0
-33.9642 5.33085 -28.9958 -0.330912 0.051938 -0.942231 0
-34.8573 7.97343 -28.4405 -0.401743 0.091897 -0.91113 0
-21.4249 -5.45795 -28.8824 0.34141 0.086974 -0.935882 0
-21.4249 5.45795 -28.8824 0.34141 -0.086974 -0.935882 0
-35.0781 -4.13856 -28.6308 -0.385017 -0.045425 -0.921791 0
-35.639 6.24681 -28.2416 -0.429361 0.075259 -0.899992 0
-35.639 -6.24681 -28.2416 -0.429361 -0.075259 -0.899992 0
-22.9087 4.06259 -29.2733 0.283095 -0.050204 -0.957777 0
-21.1089 4.13889 -28.6448 0.378615 -0.074236 -0.922572 0
-21.7562 -2.377 -28.7966 0.362672 0.039624 -0.931074 0
-20.9351 -3.36736 -28.5131 0.397887 0.063999 -0.915199 0
-20.9351 3.36736 -28.5131 0.397887 -0.063999 -0.915199 0
-36.4667 3.71798 -28.0035 -0.460041 0.046904 -0.886658 0
-36.4667 -3.71798 -28.0035 -0.460041 -0.046904 -0.886658 0
-36.1976 2.23779 -28.2004 -0.439796 0.027189 -0.897686 0
-19.6833 -1.28732 -27.7785 0.484792 0.031706 -0.874055 0
-19.3754 -0.617887 -27.5845 0.504622 0.016093 -0.86319 0
-19.3754 0.617887 -27.5845 0.504622 -0.016093 -0.86319 0
-37.418 -0.663032 -27.5786 -0.505367 -0.008955 -0.862858 0
-23.5953 -15.4791 -30.0263 0.008428 0.005529 -0.999949 0
-23.5953 15.4791 -30.0263 0.008428 -0.005529 -0.999949 0
-20.6547 18.1505 -30.0043 0.03799 -0.033384 -0.99872 0
-19.6296 -19.5275 -30.013 0.028237 0.02809 -0.999206 0
-18.3211 -20.51 -30.0046 0.033512 0.037515 -0.998734 0
-18.3211 20.51 -30.0046 0.033512 -0.037515 -0.998734 0
-16.98 -21.4535 -29.9969 0.036129 0.045648 -0.998304 0
-12.5496 24.3787 -30.0003 0.02513 -0.048816 -0.998492 0
-11.0707 25.0374 -29.9978 0.023188 -0.052441 -0.998355 0
-9.41815 -25.7239 -29.9988 0.019366 0.052895 -0.998412 0
-9.41815 25.7239 -29.9988 0.019366 -0.052895 -0.998412 0
-7.95841 -26.1483 -29.9953 0.017399 0.057168 -0.998213 0
-6.28403 -26.4314 -29.9847 0.015952 0.067097 -0.997619 0
-6.28403 26.4314 -29.9847 0.015952 -0.067097 -0.997619 0
-4.54946 -26.6862 -29.9777 0.012502 0.073335 -0.997229 0
-2.81896 -26.8471 -29.9718 0.008216 0.078247 -0.9969 0
-2.81896 26.8471 -29.9718 0.008216 -0.078247 -0.9969 0
0.895235 -26.9795 -29.9718 -0.00261 0.078656 -0.996898 0
0.895235 26.9795 -29.9718 -0.00261 -0.078656 -0.996898 0
2.7143 27.0134 -29.9834 -0.007 -0.069662 -0.997546 0
27.4519 -3.24639 -30.0112 -0.042065 0.004975 -0.999102 0
27.5655 -1.27236 -30.0091 -0.045017 0.002078 -0.998984 0
-29.2413 7.46392 -29.9383 -0.096564 0.024648 -0.995022 0
-31.0618 -6.15258 -29.726 -0.179427 -0.03554 -0.983129 0
-32.6156 -11.6905 -28.8983 -0.329421 -0.118075 -0.936771 0
-23.2975 -13.0849 -29.9481 0.081989 0.046049 -0.995569 0
-23.2975 13.0849 -29.9481 0.081989 -0.046049 -0.995569 0
-32.7447 6.58948 -29.3123 -0.27463 0.055266 -0.95996 0
-33.9728 -9.76583 -28.6194 -0.374063 -0.107528 -0.921149 0
-30.057 15.6652 -29.1606 -0.272918 0.14224 -0.951464 0
-30.057 -15.6652 -29.1606 -0.272918 -0.14224 -0.951464 0
-22.3811 -9.21622 -29.5273 0.217265 0.089467 -0.972004 0
22.6435 -6.1438 -29.3309 -0.266884 0.072413 -0.961004 0
22.7275 6.13556 -29.3535 -0.262705 -0.07092 -0.962266 0
22.9363 -4.68764 -29.316 -0.27377 0.055952 -0.960166 0
23.0732 3.06017 -29.2761 -0.284511 -0.037734 -0.95793 0
23.9202 -1.7762 -29.4731 -0.246509 0.018305 -0.968968 0
24.612 1.77815 -29.6347 -0.207996 -0.015027 -0.978014 0
24.5155 3.26731 -29.6465 -0.203598 -0.027135 -0.978678 0
24.1988 -4.98044 -29.641 -0.202618 0.041701 -0.97837 0
23.9296 -6.50882 -29.6604 -0.194589 0.052928 -0.979456 0
24.0489 6.49956 -29.6832 -0.188581 -0.050967 -0.980734 0
23.3349 -9.61229 -29.7449 -0.163768 0.06746 -0.98419 0
22.1211 -12.1902 -29.7486 -0.154125 0.084933 -0.984394 0
18.328 17.2126 -29.7278 -0.132935 -0.124845 -0.98323 0
17.3005 -18.3383 -29.7402 -0.122541 0.129892 -0.983927 0
17.311 18.3308 -29.7405 -0.122542 -0.129761 -0.983944 0
16.105 19.2407 -29.718 -0.118927 -0.142082 -0.982685 0
14.9797 -20.4215 -29.7607 -0.101801 0.138783 -0.985077 0
14.9828 20.4197 -29.7608 -0.101806 -0.138749 -0.985081 0
13.607 -21.2354 -29.742 -0.09605 0.149897 -0.984025 0
12.1309 21.7976 -29.69 -0.094065 -0.169022 -0.981113 0
9.12312 22.9458 -29.6382 -0.076701 -0.192912 -0.978214 0
7.74624 23.5363 -29.6561 -0.063407 -0.192656 -0.979216 0
6.36869 -23.843 -29.6352 -0.053776 0.201327 -0.978047 0
5.01455 -23.8715 -29.5718 -0.046136 0.21963 -0.974492 0
5.01455 23.8715 -29.5718 -0.046136 -0.21963 -0.974492 0
2.886 -24.051 -29.532 -0.027866 0.232225 -0.972263 0
2.886 24.051 -29.532 -0.027866 -0.232225 -0.972263 0
1.67679 -24.2037 -29.5411 -0.016017 0.231199 -0.972775 0
1.67679 24.2037 -29.5411 -0.016017 -0.231199 -0.972775 0
0.035504 -24.2954 -29.5491 -0.000336 0.22986 -0.973224 0
0.035504 24.2954 -29.5491 -0.000336 -0.22986 -0.973224 0
-1.10819 -24.2893 -29.5536 0.010428 0.228554 -0.973475 0
-1.10819 24.2893 -29.5536 0.010428 -0.228554 -0.973475 0
-6.02883 -23.9584 -29.6408 0.050492 0.200652 -0.978361 0
-6.02883 23.9584 -29.6408 0.050492 -0.200652 -0.978361 0
-7.23527 -23.4942 -29.6145 0.062911 0.204284 -0.976888 0
-10.0828 -22.358 -29.602 0.089179 0.197749 -0.976188 0
-10.0828 22.358 -29.602 0.089179 -0.197749 -0.976188 0
-11.7579 21.5804 -29.6129 0.102467 -0.188066 -0.976797 0
-14.376 -19.875 -29.6027 0.12704 0.175635 -0.976224 0
-15.3401 -19.0047 -29.5788 0.139877 0.173292 -0.974887 0
-15.3401 19.0047 -29.5788 0.139877 -0.173292 -0.974887 0
-17.0747 -17.7692 -29.6276 0.145767 0.151696 -0.97762 0
-17.0747 17.7692 -29.6276 0.145767 -0.151696 -0.97762 0
-17.9321 -16.9491 -29.6343 0.151621 0.14331 -0.977995 0
-18.9156 -16.2296 -29.6856 0.147739 0.12676 -0.98087 0
-18.9156 16.2296 -29.6856 0.147739 -0.12676 -0.98087 0
-20.2101 14.5409 -29.6804 0.159212 -0.114551 -0.980576 0
-27.7261 -20.5076 -28.9576 -0.274084 -0.202726 -0.940096 0
-22.4968 24.7467 -29.2997 -0.190058 0.209065 -0.959255 0
-22.4968 -24.7467 -29.2997 -0.190058 -0.209065 -0.959255 0
-20.9851 -26.4637 -29.199 -0.187044 -0.235876 -0.953613 0
-19.2965 27.7375 -29.1942 -0.172399 0.247814 -0.953345 0
-15.9216 29.9344 -29.1571 -0.14481 0.272258 -0.951265 0
-15.9216 -29.9344 -29.1571 -0.14481 -0.272258 -0.951265 0
-14.5733 30.9368 -29.0596 -0.138387 0.293775 -0.945804 0
-8.19482 32.9857 -29.1299 -0.075473 0.303795 -0.949743 0
-6.24407 33.5344 -29.0891 -0.058555 0.314477 -0.947457 0
-4.09362 33.8287 -29.1009 -0.038192 0.315607 -0.948121 0
-1.94286 33.9817 -29.1137 -0.018024 0.315245 -0.948839 0
-1.94286 -33.9817 -29.1137 -0.018024 -0.315245 -0.948839 0
0.211612 -34.0194 -29.1194 0.001958 -0.314797 -0.949157 0
2.35908 33.9274 -29.123 0.021795 0.313443 -0.949357 0
6.61208 33.3565 -29.1242 0.061052 0.307994 -0.949427 0
6.61208 -33.3565 -29.1242 0.061052 -0.307994 -0.949427 0
8.67648 32.8769 -29.1252 0.080078 0.30343 -0.949483 0
10.6605 -32.2283 -29.1439 0.0975539 -0.294922 -0.950528 0
12.4794 31.356 -29.2072 0.110774 0.278334 -0.954075 0
12.4794 -31.356 -29.2072 0.110774 -0.278334 -0.954075 0
18.0847 28.5189 -29.2005 0.161074 0.254007 -0.953696 0
19.9096 -27.2778 -29.2001 0.177363 -0.243003 -0.953673 0
23.453 24.8347 -29.0729 0.221466 0.234513 -0.94655 0
24.9205 23.3539 -29.0747 0.235138 0.220356 -0.946654 0
26.2598 21.8276 -29.0768 0.24756 0.205776 -0.946768 0
27.7801 20.6299 -28.915 0.278922 0.207132 -0.937709 0
27.7795 -20.6304 -28.9151 0.278908 -0.207131 -0.937714 0
29.1375 18.7924 -28.8891 0.295237 0.190414 -0.936257 0
30.2952 -16.931 -28.8766 0.308301 -0.172299 -0.935555 0
31.3024 15.0119 -28.8725 0.318991 0.152981 -0.93533 0
31.3044 -15.0122 -28.8718 0.319091 -0.153022 -0.935289 0
32.1727 13.0357 -28.8736 0.327747 0.132796 -0.935386 0
32.9124 11.0057 -28.8771 0.334869 0.111978 -0.935587 0
32.9155 -11.0115 -28.8753 0.335108 -0.112107 -0.935486 0
33.5267 8.93052 -28.8802 0.340764 0.090769 -0.935757 0
34.4003 -2.47964 -28.9564 0.340213 -0.024523 -0.940029 0
34.3759 -0.133539 -28.9971 0.334744 -0.0013 -0.942308 0
32.8054 1.86034 -29.4615 0.249324 0.014139 -0.968317 0
33.3225 -1.97609 -29.3181 0.278525 -0.016517 -0.960287 0
33.1682 6.29596 -29.2033 0.294997 0.055996 -0.953856 0
33.1511 -6.31815 -29.2073 0.294255 -0.056081 -0.95408 0
32.7049 8.3483 -29.2055 0.29056 0.074169 -0.953978 0
32.7043 -8.36423 -29.2044 0.290708 -0.074349 -0.953919 0
32.1365 -10.3832 -29.1996 0.286346 -0.092517 -0.953649 0
30.6197 14.2859 -29.1945 0.273523 0.127615 -0.953362 0
30.6229 -14.2858 -29.1936 0.273673 -0.12767 -0.953312 0
29.6654 -16.1565 -29.1972 0.26464 -0.14413 -0.953516 0
28.5647 -17.9687 -29.2078 0.253488 -0.159457 -0.954105 0
25.3616 21.0775 -29.4305 0.19717 0.163864 -0.966578 0
25.36 -21.0787 -29.4306 0.19714 -0.163858 -0.966585 0
22.6112 23.9929 -29.4327 0.175514 0.186239 -0.9667 0
22.6105 -23.9934 -29.4327 0.175505 -0.186239 -0.966702 0
17.3784 -27.6468 -29.5126 0.126846 -0.201797 -0.971179 0
15.9404 -28.7268 -29.4628 0.12103 -0.218113 -0.96839 0
14.0158 29.6439 -29.4789 0.105118 0.222328 -0.969289 0
11.975 30.373 -29.5142 0.087287 0.221394 -0.97127 0
8.33559 31.6918 -29.4841 0.062262 0.236721 -0.969581 0
8.33559 -31.6918 -29.4841 0.062262 -0.236721 -0.969581 0
6.34656 -32.1299 -29.4889 0.047226 -0.239086 -0.969849 0
4.28063 32.429 -29.499 0.031597 0.23937 -0.970414 0
4.28063 -32.429 -29.499 0.031597 -0.23937 -0.970414 0
0.148564 32.7543 -29.4879 0.001106 0.243923 -0.969794 0
-1.94043 32.7104 -29.4845 -0.014489 0.244239 -0.969607 0
-1.94043 -32.7104 -29.4845 -0.014489 -0.244239 -0.969607 0
-4.02158 32.5566 -29.4754 -0.030244 0.244836 -0.969093 0
-4.02158 -32.5566 -29.4754 -0.030244 -0.244836 -0.969093 0
-6.07307 32.2847 -29.4634 -0.046092 0.245026 -0.96842 0
-7.93376 31.962 -29.4423 -0.061159 0.246384 -0.967241 0
-7.93376 -31.962 -29.4423 -0.061159 -0.246384 -0.967241 0
-11.4091 -30.6707 -29.4956 -0.084446 -0.227013 -0.970224 0
-16.5755 28.0578 -29.5289 -0.119328 0.201989 -0.972091 0
-16.5755 -28.0578 -29.5289 -0.119328 -0.201989 -0.972091 0
-18.2306 26.9501 -29.5411 -0.129846 0.19195 -0.972777 0
-19.8488 25.7313 -29.5506 -0.140184 0.181729 -0.973305 0
-23.2817 22.626 -29.5582 -0.163294 0.158694 -0.973731 0
-27.3449 17.919 -29.5033 -0.201138 0.131805 -0.970655 0
-30.9448 13.3807 -29.2179 -0.273203 0.118135 -0.954675 0
-30.9448 -13.3807 -29.2179 -0.273203 -0.118135 -0.954675 0
33.8421 2.42232 -29.1495 0.308896 0.02211 -0.950839 0
23.7824 23.7119 -29.258 0.205616 0.205006 -0.956919 0
23.7817 -23.7124 -29.2581 0.205606 -0.205006 -0.956921 0
20.9528 26.084 -29.2958 0.177409 0.220856 -0.959035 0
20.9526 -26.0842 -29.2958 0.177407 -0.220857 -0.959035 0
19.085 27.2528 -29.3498 0.15651 0.223491 -0.962058 0
16.9881 28.6843 -29.3308 0.140934 0.237965 -0.960994 0
16.9881 -28.6843 -29.3308 0.140933 -0.237965 -0.960995 0
15.6195 29.4813 -29.3233 0.130161 0.245674 -0.960574 0
13.6755 -30.3278 -29.3504 0.112102 -0.248604 -0.962096 0
11.367 31.3025 -29.3408 0.093732 0.25812 -0.961555 0
9.4925 32.0124 -29.3155 0.079465 0.267988 -0.960139 0
9.4925 -32.0124 -29.3155 0.079465 -0.267988 -0.960139 0
7.505 32.5519 -29.3109 0.062995 0.273233 -0.959883 0
7.505 -32.5519 -29.3109 0.062995 -0.273233 -0.959883 0
5.44154 32.9383 -29.3171 0.045511 0.275486 -0.960227 0
3.34249 33.2197 -29.3163 0.027968 0.277967 -0.960183 0
3.34249 -33.2197 -29.3163 0.027968 -0.277967 -0.960183 0
1.23885 33.3813 -29.3114 0.010396 0.280119 -0.959909 0
-0.881207 33.4023 -29.3086 -0.007407 0.280756 -0.959751 0
-0.881207 -33.4023 -29.3086 -0.007407 -0.280756 -0.959751 0
-3.00241 -33.3046 -29.301 -0.025346 -0.281153 -0.959328 0
-5.11387 33.091 -29.288 -0.043492 0.281427 -0.958596 0
-7.14804 -32.718 -29.2862 -0.060852 -0.278531 -0.958498 0
-8.6758 32.264 -29.3097 -0.072876 0.271014 -0.959813 0
-8.6758 -32.264 -29.3097 -0.072876 -0.271014 -0.959813 0
-10.9052 -31.4893 -29.3346 -0.090263 -0.260639 -0.961208 0
-12.8162 -31.1248 -29.2346 -0.112188 -0.272455 -0.955606 0
-23.1845 23.6765 -29.387 -0.185668 0.189607 -0.964146 0
-15.0213 30.2588 -29.1965 -0.134053 0.270037 -0.953472 0
-15.0213 -30.2588 -29.1965 -0.134053 -0.270037 -0.953472 0
-21.7406 25.5138 -29.2771 -0.186021 0.218306 -0.957987 0
-16.6285 29.1938 -29.2538 -0.14409 0.252971 -0.956684 0
-16.6285 -29.1938 -29.2538 -0.14409 -0.252971 -0.956684 0
-20.0031 26.8976 -29.2771 -0.17115 0.23014 -0.957989 0
-20.0031 -26.8976 -29.2771 -0.17115 -0.23014 -0.957989 0
-25.2998 -5.22847 -29.842 0.140691 0.029075 -0.989627 0
-25.2998 5.22847 -29.842 0.140691 -0.029075 -0.989627 0
-34.4633 8.81557 -28.5227 -0.389247 0.099568 -0.915736 0
-34.4633 -8.81557 -28.5227 -0.389247 -0.099568 -0.915736 0
-32.4875 15.1208 -28.4057 -0.377513 0.175707 -0.909181 0
-21.7481 -7.47401 -29.1901 0.286182 0.09835 -0.953114 0
-29.2741 19.1403 -28.7718 -0.308297 0.201574 -0.929689 0
-29.2741 -19.1403 -28.7718 -0.308297 -0.201574 -0.929689 0
-28.4412 -19.8332 -28.8885 -0.288244 -0.201004 -0.936223 0
-11.1946 -32.5197 -28.9913 -0.109258 -0.317387 -0.941981 0
-9.33295 32.981 -29.0323 -0.089622 0.316707 -0.94428 0
-7.43224 33.96 -28.8544 -0.076208 0.348216 -0.934312 0
-7.43224 -33.96 -28.8544 -0.076208 -0.348216 -0.934312 0
-5.23174 34.4498 -28.8232 -0.054201 0.356903 -0.932568 0
-3.03744 34.6519 -28.8463 -0.031229 0.35627 -0.933861 0
-3.03744 -34.6519 -28.8463 -0.031229 -0.35627 -0.933861 0
-0.845661 34.749 -28.8561 -0.008666 0.356098 -0.934408 0
1.34719 -34.7213 -28.8606 0.013785 -0.355274 -0.934661 0
3.53057 34.5577 -28.8643 0.03608 0.353151 -0.93487 0
3.53057 -34.5577 -28.8643 0.03608 -0.353151 -0.93487 0
5.69958 34.264 -28.8654 0.058224 0.350024 -0.934929 0
9.91318 33.2605 -28.8762 0.100896 0.338524 -0.935533 0
9.91318 -33.2605 -28.8762 0.100896 -0.338524 -0.935533 0
13.6469 -31.2898 -29.0804 0.128453 -0.29452 -0.946973 0
15.6114 -30.4819 -29.0425 0.149296 -0.291508 -0.944846 0
17.7259 -29.7508 -28.9043 0.178651 -0.299845 -0.937111 0
19.2418 28.2236 -29.0728 0.181704 0.266521 -0.946547 0
19.2417 -28.2236 -29.0728 0.181704 -0.266521 -0.946547 0
21.0941 27.0767 -29.0157 0.203915 0.261747 -0.943349 0
21.094 -27.0767 -29.0157 0.203913 -0.261748 -0.943349 0
23.1424 -26.0666 -28.8183 0.24014 -0.270484 -0.932293 0
24.7177 24.5766 -28.8187 0.256457 0.254992 -0.932314 0
24.7174 -24.5768 -28.8187 0.256451 -0.254993 -0.932315 0
26.1382 23.0252 -28.8277 0.270401 0.238197 -0.932816 0
26.1377 -23.0255 -28.8277 0.270393 -0.238198 -0.932818 0
27.3201 21.5722 -28.8366 0.281799 0.222511 -0.933316 0
27.3196 -21.5726 -28.8367 0.281787 -0.222511 -0.933319 0
28.8071 19.545 -28.836 0.297196 0.201641 -0.933282 0
31.0956 -15.785 -28.8124 0.323289 -0.16411 -0.931961 0
32.0209 -13.8206 -28.811 0.333055 -0.143751 -0.931885 0
33.4717 9.72904 -28.8185 0.347304 0.100949 -0.932303 0
33.4723 -9.73765 -28.8174 0.347439 -0.101076 -0.932239 0
34.0097 7.62178 -28.82 0.35272 0.079047 -0.932384 0
34.5638 -3.30618 -28.8704 0.352486 -0.033717 -0.935209 0
34.7902 -0.978411 -28.839 0.358564 -0.010084 -0.933451 0
-33.8986 13.4551 -28.0984 -0.420204 0.166787 -0.89197 0
-28.1318 3.68911 -30.0272 0.001491 -0.000195 -0.999999 0
-32.5342 -13.926 -28.6021 -0.359911 -0.154057 -0.92018 0
-27.2271 -3.81569 -30.0042 0.050267 0.007045 -0.998711 0
-27.2271 3.81569 -30.0042 0.050267 -0.007045 -0.998711 0
-25.8926 -2.7392 -29.8702 0.131582 0.01392 -0.991208 0
-25.8926 2.7392 -29.8702 0.131582 -0.01392 -0.991208 0
-20.448 6.10956 -28.5728 0.378777 -0.113173 -0.918542 0
-19.8748 9.12243 -28.7898 0.332449 -0.152592 -0.930695 0
-26.7731 -9.26449 -30.0271 0.003638 0.001259 -0.999993 0
-22.7564 -2.80323 -29.1683 0.304131 0.037464 -0.951893 0
-22.7564 2.80323 -29.1683 0.304131 -0.037464 -0.951893 0
-35.9473 9.73037 -27.6843 -0.477999 0.129387 -0.868779 0
-36.1541 -8.49595 -27.742 -0.476508 -0.111976 -0.87201 0
-19.8218 7.04801 -28.4387 0.388505 -0.13814 -0.911033 0
-29.8193 -10.7294 -29.7212 -0.173462 -0.062414 -0.982861 0
-35.2058 -2.18744 -28.6508 -0.384276 -0.023876 -0.92291 0
-35.2058 2.18744 -28.6508 -0.384276 0.023876 -0.92291 0
-27.5523 -13.2916 -29.8922 -0.110544 -0.053328 -0.99244 0
-22.8263 -1.46546 -29.1505 0.308878 0.01983 -0.950895 0
-22.8263 1.46546 -29.1505 0.308878 -0.01983 -0.950895 0
-21.2236 -1.71104 -28.5517 0.396768 0.031987 -0.917361 0
-37.0856 -1.46992 -27.7556 -0.48775 -0.019332 -0.872769 0
-37.0856 1.46992 -27.7556 -0.48775 0.019332 -0.872769 0
-35.4811 1.08794 -28.5555 -0.397379 0.012185 -0.917574 0
-19.9185 -3.38123 -28.0348 0.452577 0.076827 -0.888409 0
-20.2518 4.21542 -28.275 0.422965 -0.08804 -0.901859 0
-21.9465 -1.18815 -28.8327 0.359097 0.019441 -0.933098 0
-20.4761 -0.757355 -28.1797 0.442694 0.016374 -0.896523 0
-20.4761 0.757355 -28.1797 0.442694 -0.016374 -0.896523 0
-37.1353 3.97972 -27.6228 -0.498339 0.053406 -0.865336 0
-37.1353 -3.97972 -27.6228 -0.498339 -0.053406 -0.865336 0
-36.8127 5.0273 -27.7334 -0.485841 0.066349 -0.871525 0
-36.8127 -5.0273 -27.7334 -0.485841 -0.066349 -0.871525 0
-33.1637 9.44139 -28.9594 -0.327625 0.093272 -0.940193 0
-25.5895 15.2676 -29.9723 -0.067267 0.040134 -0.996927 0
-18.9047 14.3626 -29.409 0.207722 -0.157814 -0.965374 0
-17.6154 15.6816 -29.3656 0.201442 -0.179327 -0.962945 0
-15.4583 -17.1808 -29.2261 0.198098 0.220172 -0.955134 0
-14.4809 -18.121 -29.2522 0.18193 0.227662 -0.956594 0
-14.4809 18.121 -29.2522 0.18193 -0.227662 -0.956594 0
-13.4098 -19.2074 -29.3203 0.159481 0.22843 -0.960409 0
-13.4098 19.2074 -29.3203 0.159481 -0.22843 -0.960409 0
-12.1382 19.9089 -29.2886 0.148176 -0.243036 -0.958633 0
-10.915 -20.7891 -29.3362 0.128076 0.243938 -0.961296 0
-9.56621 -21.3033 -29.299 0.115793 0.257864 -0.959217 0
-8.24545 22.02 -29.3455 0.095971 -0.256297 -0.961822 0
-6.83877 -22.3695 -29.3105 0.082005 0.268235 -0.959857 0
-5.40668 -22.9124 -29.3536 0.062488 0.264809 -0.962274 0
-5.40668 22.9124 -29.3536 0.062488 -0.264809 -0.962274 0
-3.95944 23.0148 -29.2991 0.047923 -0.27856 -0.959222 0
-2.51194 -23.3072 -29.3252 0.029752 0.276056 -0.960681 0
0.263305 -23.2114 -29.2573 -0.003295 0.290474 -0.956877 0
3.58609 22.2139 -29.0249 -0.052646 -0.326114 -0.943863 0
4.56847 21.8776 -28.9709 -0.069265 -0.331699 -0.940839 0
6.67031 -22.4836 -29.3281 -0.078811 0.265647 -0.960844 0
7.90859 -22.1631 -29.3509 -0.091626 0.256772 -0.962119 0
9.44942 -21.6709 -29.3815 -0.106515 0.244278 -0.963838 0
9.44964 21.6708 -29.3815 -0.106517 -0.244275 -0.963838 0
10.9245 -21.1365 -29.4227 -0.118469 0.229211 -0.966141 0
10.925 21.1363 -29.4227 -0.118472 -0.229204 -0.966142 0
12.404 -20.422 -29.4493 -0.131004 0.215685 -0.967635 0
12.4054 20.4214 -29.4494 -0.131012 -0.215667 -0.967638 0
14.7 18.9433 -29.471 -0.151826 -0.195652 -0.968849 0
16.0084 -17.8452 -29.4699 -0.16554 0.184534 -0.968785 0
16.9373 -17 -29.476 -0.174019 0.174664 -0.969128 0
20.0115 -13.593 -29.5242 -0.194957 0.132427 -0.971831 0
21.6235 10.9867 -29.5394 -0.206969 -0.105158 -0.97268 0
21.9576 -9.79093 -29.4872 -0.222923 0.099402 -0.969755 0
22.0305 9.83179 -29.5079 -0.218634 -0.097572 -0.970917 0
23.3375 5.49427 -29.4704 -0.241185 -0.056781 -0.968817 0
23.5019 -3.93042 -29.4321 -0.252521 0.042231 -0.966669 0
23.1877 -2.42595 -29.2877 -0.283272 0.029637 -0.958582 0
-19.9804 -13.2175 -29.4656 0.20754 0.137293 -0.968544 0
23.3532 1.42555 -29.312 -0.27968 -0.017073 -0.959941 0
-31.1904 -3.91198 -29.7673 -0.168683 -0.021157 -0.985443 0
21.5207 -8.78994 -29.2674 -0.267181 0.109128 -0.957447 0
21.5652 8.84372 -29.2859 -0.263836 -0.108197 -0.95848 0
20.8507 -10.0485 -29.2367 -0.265078 0.127748 -0.955727 0
20.3263 -11.2037 -29.2562 -0.254573 0.140318 -0.956819 0
19.4145 -12.2737 -29.1812 -0.257099 0.162536 -0.952619 0
18.5404 -13.3675 -29.1451 -0.25181 0.181554 -0.950595 0
18.573 13.3172 -29.1441 -0.252418 -0.180988 -0.950541 0
17.6857 14.4364 -29.1362 -0.241667 -0.197268 -0.950096 0
14.6813 -17.5607 -29.1556 -0.19795 0.236773 -0.951186 0
14.689 17.5564 -29.1562 -0.19798 -0.236628 -0.951216 0
12.3075 19.0534 -29.0872 -0.173732 -0.268956 -0.947354 0
11.1494 -19.8921 -29.1276 -0.153239 0.2734 -0.949616 0
11.1504 19.8917 -29.1277 -0.153247 -0.273386 -0.949619 0
9.79561 -20.489 -29.0965 -0.137444 0.287484 -0.947872 0
8.2773 -20.851 -29.0011 -0.123282 0.310554 -0.942527 0
5.6153 21.3893 -28.8843 -0.089391 -0.340499 -0.935986 0
3.81586 -21.3046 -28.6997 -0.06671 0.372457 -0.925649 0
3.81586 21.3046 -28.6997 -0.066711 -0.372457 -0.925649 0
2.47786 22.001 -28.894 -0.039236 -0.348376 -0.936533 0
0.885215 22.5011 -29.0309 -0.012948 -0.329129 -0.944196 0
-1.82699 22.7488 -29.1337 0.025007 -0.31138 -0.949956 0
-3.21435 -22.6729 -29.159 0.043239 0.30499 -0.951373 0
-3.21435 22.6729 -29.159 0.043239 -0.30499 -0.951373 0
-4.58231 -22.4636 -29.1676 0.061271 0.300366 -0.951854 0
-4.58231 22.4636 -29.1676 0.061271 -0.300366 -0.951854 0
-6.01951 22.1507 -29.1765 0.079981 -0.294316 -0.952356 0
-7.36826 -21.716 -29.1695 0.098393 0.289987 -0.951959 0
-7.36826 21.716 -29.1695 0.098393 -0.289987 -0.951959 0
-8.73691 21.1951 -29.1673 0.116848 -0.283465 -0.951837 0
-10.0085 20.5978 -29.1593 0.1346 -0.277012 -0.951392 0
-11.2994 -19.9109 -29.1571 0.1522 0.268195 -0.951266 0
-13.6464 18.2723 -29.1283 0.187471 -0.251019 -0.949655 0
-14.6481 -17.2852 -29.0786 0.207931 0.245365 -0.946869 0
-14.6481 17.2852 -29.0786 0.207931 -0.245365 -0.946869 0
-17.8766 14.5958 -29.2158 0.230857 -0.188489 -0.954556 0
-18.8203 -13.2816 -29.2022 0.245494 0.173246 -0.953792 0
23.3325 -0.715834 -29.2964 -0.283047 0.008684 -0.959067 0
31.06 0.497322 -29.8273 0.149216 0.002389 -0.988802 0
35.3612 1.93633 -28.5915 0.392299 0.021482 -0.919587 0
35.1844 4.02018 -28.5918 0.390298 0.044596 -0.919608 0
34.9018 6.24619 -28.5734 0.389064 0.069629 -0.918576 0
34.4454 -8.42156 -28.5719 0.384133 -0.093917 -0.918489 0
33.8622 10.5461 -28.5691 0.377908 0.117696 -0.918332 0
33.863 -10.5518 -28.568 0.378025 -0.117794 -0.918271 0
33.1453 12.638 -28.5663 0.37018 0.141147 -0.918175 0
31.3136 16.6632 -28.567 0.349651 0.186063 -0.918218 0
30.1857 18.5903 -28.5757 0.33629 0.207109 -0.918703 0
30.1857 -18.5904 -28.5756 0.336295 -0.207113 -0.9187 0
28.8935 -20.4665 -28.5942 0.32031 -0.22689 -0.91974 0
27.8519 22.3656 -28.4572 0.319716 0.256738 -0.912068 0
27.8517 -22.3658 -28.4572 0.319711 -0.256739 -0.912069 0
26.5652 24.0255 -28.413 0.308167 0.278706 -0.909591 0
26.5649 -24.0257 -28.413 0.308163 -0.278707 -0.909592 0
25.0652 25.6243 -28.4006 0.291608 0.298112 -0.908897 0
25.0651 -25.6244 -28.4006 0.291605 -0.298113 -0.908898 0
23.4597 -27.1697 -28.377 0.274417 -0.317813 -0.907574 0
21.7896 28.2388 -28.4806 0.248702 0.322312 -0.91338 0
21.7895 -28.2388 -28.4806 0.248701 -0.322312 -0.91338 0
19.8992 -29.4061 -28.5518 0.223081 -0.32966 -0.917365 0
17.9202 30.9496 -28.4379 0.206664 0.356924 -0.910986 0
16.1051 31.7568 -28.5077 0.182589 0.360038 -0.914896 0
14.0647 32.5677 -28.5654 0.157115 0.363811 -0.918127 0
14.0647 -32.5677 -28.5654 0.157115 -0.363811 -0.918127 0
11.8347 33.6552 -28.4774 0.135186 0.384439 -0.913198 0
11.8347 -33.6552 -28.4774 0.135186 -0.384439 -0.913198 0
9.71916 34.3969 -28.4468 0.111849 0.395842 -0.911482 0
9.71916 -34.3969 -28.4468 0.111849 -0.395842 -0.911482 0
7.55778 34.9548 -28.4382 0.087153 0.403083 -0.911004 0
5.35335 35.3621 -28.4371 0.061749 0.40789 -0.910941 0
3.12246 -35.6323 -28.4354 0.036031 -0.411173 -0.910845 0
-1.37186 35.7608 -28.4271 -0.015862 0.413467 -0.910381 0
-1.37186 -35.7608 -28.4271 -0.015862 -0.413467 -0.910381 0
-3.61361 35.631 -28.4149 -0.0419 0.413148 -0.909699 0
-3.61361 -35.631 -28.4149 -0.0419 -0.413148 -0.909699 0
-5.80785 -35.4238 -28.3768 -0.06794 -0.414384 -0.907563 0
-8.06447 34.8342 -28.4414 -0.092925 0.401385 -0.911183 0
-8.06447 -34.8342 -28.4414 -0.092925 -0.401385 -0.911183 0
-9.80447 34.2114 -28.5159 -0.110929 0.38707 -0.915353 0
-12.2442 -33.0093 -28.6784 -0.132602 -0.357482 -0.924458 0
-16.5937 31.3837 -28.5543 -0.185903 0.351598 -0.917507 0
-16.5937 -31.3837 -28.5543 -0.185903 -0.351598 -0.917507 0
-18.3782 -30.4504 -28.5255 -0.207427 -0.343679 -0.915892 0
-21.9651 27.9852 -28.5215 -0.248163 0.316179 -0.915667 0
-23.6953 -26.6046 -28.499 -0.269229 -0.302284 -0.914407 0
-25.3542 24.8491 -28.5542 -0.284061 0.278403 -0.917497 0
-25.3542 -24.8491 -28.5542 -0.284061 -0.278403 -0.917497 0
-27.8662 21.5404 -28.6727 -0.302282 0.233662 -0.924136 0
-27.0336 23.2688 -28.4804 -0.308576 0.265602 -0.913365 0
-26.7437 2.98979 -29.965 0.082893 -0.009267 -0.996515 0
-21.4682 23.0767 -29.7526 -0.118989 0.127905 -0.984623 0
-18.6452 -25.7299 -29.7051 -0.110946 -0.153103 -0.981963 0
-17.0397 26.8699 -29.697 -0.10252 0.161663 -0.981506 0
-17.0397 -26.8699 -29.697 -0.10252 -0.161663 -0.981506 0
-15.3903 27.9311 -29.6826 -0.094363 0.171256 -0.980697 0
-15.3903 -27.9311 -29.6826 -0.094363 -0.171256 -0.980697 0
-11.8543 -29.7686 -29.6517 -0.075479 -0.189543 -0.978967 0
-19.6195 10.2865 -28.8987 0.309875 -0.162467 -0.936793 0
-30.5068 -17.8829 -28.6137 -0.336414 -0.197204 -0.920834 0
-31.4118 -17.893 -28.257 -0.37722 -0.214874 -0.900852 0
-32.7249 -3.18812 -29.4559 -0.249757 -0.024332 -0.968003 0
-25.9442 16.3175 -29.8849 -0.106655 0.06708 -0.992031 0
-25.9442 -16.3175 -29.8849 -0.106655 -0.06708 -0.992031 0
35.7806 -1.07421 -28.4227 0.414124 -0.012433 -0.910135 0
-25.0546 16.9549 -29.9308 -0.085947 0.058162 -0.994601 0
-25.0546 -16.9549 -29.9308 -0.085947 -0.058162 -0.994601 0
30.2919 1.53046 -29.9225 0.10802 0.005458 -0.994134 0
-19.3044 -12.4614 -29.1839 0.255157 0.16471 -0.952767 0
30.2162 -3.21952 -29.9162 0.110704 -0.011796 -0.993783 0
29.4038 6.81672 -29.9378 0.097347 0.022568 -0.994995 0
28.9538 8.66275 -29.9339 0.097792 0.029259 -0.994777 0
28.9832 -8.68528 -29.9304 0.099634 -0.029857 -0.994576 0
27.7974 -12.1964 -29.9197 0.100318 -0.044015 -0.993981 0
27.0139 13.8631 -29.9189 0.097862 0.050221 -0.993932 0
26.0693 -15.4645 -29.9246 0.092083 -0.054624 -0.994252 0
24.989 17.0494 -29.9309 0.085671 0.058451 -0.994607 0
23.6549 18.4979 -29.9527 0.071886 0.056214 -0.995827 0
19.9 22.4725 -29.9538 0.060061 0.067826 -0.995888 0
19.8983 -22.4737 -29.9538 0.060048 -0.06782 -0.995889 0
18.577 23.7294 -29.9425 0.05996 0.07659 -0.995258 0
18.5762 -23.7299 -29.9425 0.059955 -0.076588 -0.995259 0
16.9836 24.8198 -29.9485 0.052974 0.077416 -0.995591 0
15.3627 25.8247 -29.9509 0.047228 0.07939 -0.995724 0
15.3625 -25.8248 -29.9509 0.047227 -0.07939 -0.995724 0
13.6659 26.7801 -29.9493 0.042413 0.083114 -0.995637 0
13.6659 -26.7801 -29.9493 0.042413 -0.083114 -0.995637 0
11.8102 27.4164 -29.968 0.032184 0.074712 -0.996686 0
10.12 28.0095 -29.9736 0.026305 0.072806 -0.996999 0
8.42157 28.5254 -29.9766 0.0213 0.072148 -0.997166 0
8.42156 -28.5254 -29.9766 0.0213 -0.072148 -0.997166 0
6.67542 28.9348 -29.9801 0.01631 0.070697 -0.997364 0
6.67542 -28.9348 -29.9801 0.01631 -0.070697 -0.997364 0
4.8811 29.2134 -29.9855 0.011251 0.067335 -0.997667 0
4.8811 -29.2134 -29.9855 0.011251 -0.067335 -0.997667 0
3.04238 29.5754 -29.9774 0.007634 0.07421 -0.997213 0
1.00487 29.5297 -29.9903 0.002185 0.064224 -0.997933 0
1.00487 -29.5297 -29.9903 0.002185 -0.064224 -0.997933 0
-0.95114 29.4861 -29.9932 -0.00199 0.061689 -0.998093 0
-2.8804 -29.3871 -29.9915 -0.006165 -0.062899 -0.998001 0
-4.77461 29.2025 -29.9874 -0.010761 0.065819 -0.997774 0
-6.64163 -28.9246 -29.9814 -0.016017 -0.069756 -0.997435 0
-8.43828 -28.5129 -29.9771 -0.021233 -0.071745 -0.997197 0
-10.116 -28.0457 -29.971 -0.026889 -0.074546 -0.996855 0
-13.6669 26.6602 -29.9589 -0.039849 0.077735 -0.996177 0
-15.294 -25.7037 -29.9632 -0.043251 -0.07269 -0.996416 0
-16.8485 -24.6719 -29.966 -0.046638 -0.068294 -0.996575 0
-18.3443 23.553 -29.9679 -0.050055 0.064267 -0.996677 0
-18.3443 -23.553 -29.9679 -0.050055 -0.064267 -0.996677 0
-19.7462 22.3776 -29.9687 -0.053534 0.060668 -0.996721 0
-19.7462 -22.3776 -29.9687 -0.053534 -0.060668 -0.996721 0
-21.1791 -21.1799 -29.9595 -0.0615 -0.061502 -0.99621 0
-22.0158 19.7231 -29.9895 -0.048346 0.043311 -0.997891 0
-22.0158 -19.7231 -29.9895 -0.048346 -0.043311 -0.997891 0
-34.0234 -2.76938 -29.0806 -0.320234 -0.026066 -0.94698 0
35.5745 2.90597 -28.4696 0.407143 0.033258 -0.912759 0
35.4823 -2.90416 -28.5104 0.402004 -0.032903 -0.915046 0
35.2978 -5.18871 -28.4766 0.403278 -0.059281 -0.913155 0
34.9407 7.38142 -28.4611 0.400713 0.084653 -0.912285 0
34.9324 -7.39074 -28.4639 0.40035 -0.084703 -0.912439 0
34.4154 9.54791 -28.4595 0.394837 0.10954 -0.912198 0
33.7579 11.6773 -28.4572 0.387512 0.134046 -0.912067 0
33.7595 -11.6809 -28.456 0.387644 -0.134127 -0.911999 0
32.9712 -13.7611 -28.454 0.378777 -0.15809 -0.911886 0
32.0472 15.7879 -28.4552 0.368057 0.181321 -0.911952 0
32.0483 -15.7881 -28.4546 0.368115 -0.181347 -0.911924 0
29.7719 19.6745 -28.4729 0.340456 0.224987 -0.912946 0
27.3433 -23.276 -28.3713 0.320258 -0.27262 -0.907256 0
24.3494 -26.4886 -28.3381 0.287325 -0.312567 -0.905398 0
22.8792 27.9866 -28.258 0.274697 0.336018 -0.900907 0
22.8792 -27.9867 -28.258 0.274696 -0.336018 -0.900907 0
21.0603 -29.1944 -28.3296 0.248981 -0.345145 -0.904922 0
18.9348 -30.3606 -28.4298 0.218785 -0.350807 -0.910531 0
17.2184 31.6948 -28.2956 0.205078 0.377498 -0.903016 0
17.2184 -31.6948 -28.2956 0.205078 -0.377498 -0.903016 0
15.2324 32.5777 -28.346 0.179428 0.383744 -0.90584 0
15.2324 -32.5777 -28.346 0.179428 -0.383744 -0.90584 0
12.9465 33.3117 -28.4488 0.148915 0.383163 -0.911598 0
10.8174 34.1757 -28.3998 0.125872 0.397671 -0.908853 0
8.6713 34.8191 -28.3833 0.101284 0.406699 -0.90793 0
6.47863 35.3004 -28.3799 0.075732 0.412642 -0.90774 0
4.25162 35.6394 -28.379 0.04971 0.416699 -0.907684 0
2.00559 35.8413 -28.3765 0.023463 0.419295 -0.907547 0
-0.250031 35.9045 -28.3728 -0.002927 0.420384 -0.907341 0
-0.250031 -35.9045 -28.3728 -0.002927 -0.420384 -0.907341 0
-2.50475 35.8341 -28.3653 -0.029377 0.420278 -0.90692 0
-4.73953 35.6504 -28.3455 -0.055835 0.419986 -0.905811 0
-9.00743 34.9201 -28.2988 -0.107209 0.415628 -0.903194 0
-10.8989 -34.1552 -28.3975 -0.12689 -0.39765 -0.908721 0
-13.3161 33.1742 -28.4453 -0.153297 0.381906 -0.911399 0
-13.3161 -33.1742 -28.4453 -0.153297 -0.381906 -0.911399 0
-15.5547 32.2675 -28.4117 -0.180497 0.374433 -0.909517 0
-17.6142 31.3058 -28.3656 -0.206573 0.367144 -0.906936 0
-17.6142 -31.3058 -28.3656 -0.206573 -0.367144 -0.906936 0
-21.2938 -28.9662 -28.3516 -0.250513 -0.340775 -0.906154 0
-23.0571 27.6085 -28.3426 -0.271805 0.325459 -0.905648 0
-24.6956 26.2471 -28.3104 -0.293194 0.311614 -0.903844 0
-24.6956 -26.2471 -28.3104 -0.293194 -0.311614 -0.903844 0
-26.3406 -24.7401 -28.2634 -0.315896 -0.296701 -0.901209 0
-28.5822 20.893 -28.5957 -0.31673 0.231523 -0.919826 0
-28.5822 -20.893 -28.5957 -0.31673 -0.231523 -0.919826 0
-24.8434 -2.46948 -29.6939 0.191373 0.019023 -0.981333 0
-24.8434 2.46948 -29.6939 0.191373 -0.019023 -0.981333 0
36.2178 2.11569 -28.1941 0.440603 0.025738 -0.897333 0
35.9675 -4.53095 -28.2078 0.436349 -0.054968 -0.898097 0
35.6491 6.78063 -28.1898 0.434061 0.08256 -0.897093 0
35.6403 -6.78761 -28.1935 0.433633 -0.082584 -0.897297 0
35.1602 8.99407 -28.1878 0.428281 0.109555 -0.89698 0
35.1577 -8.99978 -28.1883 0.428208 -0.109614 -0.897008 0
34.534 -11.1751 -28.1855 0.420851 -0.136185 -0.896849 0
32.8785 15.3856 -28.1839 0.400805 0.187558 -0.896759 0
32.8795 -15.3861 -28.1834 0.40086 -0.187584 -0.896729 0
30.6726 -19.3732 -28.1947 0.373103 -0.235656 -0.897363 0
29.3162 -21.2725 -28.2228 0.354564 -0.25728 -0.898939 0
28.3476 23.0365 -28.0698 0.353297 0.287105 -0.890366 0
28.3474 -23.0366 -28.0698 0.353294 -0.287106 -0.890367 0
25.3696 26.4135 -28.0202 0.319082 0.332212 -0.887593 0
25.3696 -26.4136 -28.0202 0.319081 -0.332212 -0.887594 0
-12.7916 33.9978 -28.1719 -0.15631 0.415443 -0.896088 0
-12.7916 -33.9978 -28.1719 -0.15631 -0.415443 -0.896088 0
-17.1507 32.1785 -28.1022 -0.212443 0.398589 -0.892186 0
-17.1507 -32.1785 -28.1022 -0.212443 -0.398589 -0.892186 0
-19.0985 31.1425 -28.0673 -0.238133 0.388305 -0.890231 0
-19.0985 -31.1425 -28.0673 -0.238133 -0.388305 -0.890231 0
-20.9803 29.914 -28.0644 -0.261739 0.37319 -0.890069 0
-20.9803 -29.914 -28.0644 -0.261739 -0.37319 -0.890069 0
-22.7989 28.5627 -28.0603 -0.284647 0.356608 -0.889835 0
-24.5272 27.1244 -28.0483 -0.306906 0.339404 -0.889165 0
-26.1682 -25.4984 -28.065 -0.326425 -0.31807 -0.8901 0
30.2105 -0.246406 -29.935 0.101484 -0.000828 -0.994837 0
2.97613 21.1747 -28.5907 -0.054698 -0.389168 -0.919541 0
-2.5001 -22.3322 -29.0144 0.036938 0.329946 -0.943277 0
-3.84419 -22.1556 -29.0197 0.056615 0.326295 -0.943571 0
-3.84419 22.1556 -29.0197 0.056615 -0.326295 -0.943571 0
-30.9052 -8.60174 -29.6437 -0.19859 -0.055273 -0.978523 0
-5.21408 21.9231 -29.0364 0.076005 -0.319572 -0.944509 0
-6.5772 21.5285 -29.0282 0.096366 -0.315425 -0.944045 0
-7.91282 -21.0869 -29.0323 0.11564 0.30817 -0.944277 0
-7.91282 21.0869 -29.0323 0.11564 -0.30817 -0.944277 0
-9.20421 -20.5146 -29.019 0.135608 0.302247 -0.943534 0
-9.20421 20.5146 -29.019 0.135608 -0.302247 -0.943534 0
-10.4683 19.9102 -29.0224 0.153913 -0.292734 -0.943725 0
-12.8261 -18.404 -29.0006 0.191085 0.274185 -0.942501 0
-13.8663 -17.4768 -28.9564 0.212005 0.267207 -0.940029 0
-13.8663 17.4768 -28.9564 0.212005 -0.267207 -0.940029 0
-14.8967 -16.4432 -28.9118 0.23359 0.257841 -0.937525 0
-14.8967 16.4432 -28.9118 0.23359 -0.257841 -0.937525 0
-16.3603 -15.5569 -29.0508 0.236363 0.224756 -0.945313 0
-16.8719 -14.6748 -28.975 0.255191 0.22196 -0.941069 0
-16.8719 14.6748 -28.975 0.255191 -0.22196 -0.941069 0
-18.1059 13.8219 -29.1194 0.250232 -0.191025 -0.949154 0
30.7899 2.5157 -29.8523 0.13917 0.011371 -0.990203 0
-22.9463 20.0361 -29.9076 -0.087046 0.076006 -0.993301 0
-22.9463 -20.0361 -29.9076 -0.087046 -0.076006 -0.993301 0
-24.4724 -18.5131 -29.8802 -0.102135 -0.077264 -0.991765 0
-30.3592 9.69897 -29.6865 -0.185206 0.059168 -0.980917 0
-30.3592 -9.69897 -29.6865 -0.185206 -0.059168 -0.980917 0
-19.9061 -7.97165 -28.6162 0.361702 0.144848 -0.920973 0
-19.9061 7.97165 -28.6162 0.361702 -0.144848 -0.920973 0
-33.245 -2.33796 -29.3337 -0.27531 -0.019361 -0.96116 0
-33.245 2.33796 -29.3337 -0.27531 0.019361 -0.96116 0
-14.8443 20.8241 -29.8021 0.09188 -0.128893 -0.987393 0
-14.8443 -20.8241 -29.8021 0.09188 0.128893 -0.987393 0
-13.699 -22.133 -29.8692 0.069861 0.112872 -0.991151 0
-12.0968 22.5661 -29.807 0.073976 -0.137999 -0.987666 0
-10.8198 23.702 -29.8726 0.054535 -0.119466 -0.991339 0
-10.8198 -23.702 -29.8726 0.054535 0.119466 -0.991339 0
-9.2001 -23.9161 -29.8103 0.055798 0.145051 -0.98785 0
-7.85451 24.8765 -29.8768 0.038997 -0.123508 -0.991577 0
-4.41388 25.4878 -29.8467 0.024201 -0.139749 -0.989891 0
-2.82188 25.653 -29.8381 0.015872 -0.144291 -0.989408 0
-2.82188 -25.653 -29.8381 0.015872 0.144291 -0.989408 0
-1.0853 -25.6242 -29.8138 0.006523 0.154013 -0.988047 0
26.6903 1.89698 -29.9515 -0.091726 -0.006519 -0.995763 0
0.279069 -25.2386 -29.7454 -0.001956 0.17694 -0.98422 0
1.70702 -25.3528 -29.7752 -0.011247 0.167049 -0.985884 0
4.97664 25.5093 -29.8639 -0.025839 -0.132443 -0.990854 0
6.70769 -25.3352 -29.8922 -0.031413 0.11865 -0.992439 0
8.22319 -24.9849 -29.9037 -0.036704 0.111518 -0.993084 0
9.70931 24.5056 -29.9102 -0.042098 -0.106253 -0.993448 0
14.4147 22.6153 -29.9571 -0.047591 -0.074665 -0.996072 0
14.4139 -22.6158 -29.9571 -0.047591 0.074672 -0.996072 0
15.8235 21.5079 -29.9463 -0.056357 -0.076602 -0.995468 0
15.8213 -21.5091 -29.9462 -0.056359 0.07662 -0.995466 0
17.1619 20.4201 -29.9436 -0.062173 -0.073977 -0.99532 0
18.296 19.4167 -29.9441 -0.066095 -0.070144 -0.995345 0
18.2889 -19.422 -29.944 -0.066111 0.070207 -0.995339 0
19.3787 18.3681 -29.9462 -0.069058 -0.065457 -0.995463 0
19.3675 -18.3774 -29.946 -0.069095 0.065562 -0.995453 0
22.7132 -14.3378 -29.9607 -0.07291 0.046025 -0.996276 0
23.5589 12.8711 -29.9595 -0.076374 -0.041726 -0.996206 0
23.5193 -12.8719 -29.9564 -0.07803 0.042705 -0.996036 0
25.1711 -8.56454 -29.9351 -0.096039 0.032678 -0.994841 0
25.8274 6.93048 -29.95 -0.08971 -0.024073 -0.995677 0
25.7455 -6.93305 -29.9425 -0.093928 0.025294 -0.995258 0
25.9386 -5.0805 -29.9184 -0.108171 0.021187 -0.993907 0
26.3466 3.35758 -29.9322 -0.102217 -0.013026 -0.994677 0
26.2259 -3.59589 -29.9228 -0.106995 0.01467 -0.994151 0
-28.4245 -10.0185 -29.9423 -0.091855 -0.032375 -0.995246 0
-31.8609 -13.2081 -28.9562 -0.315128 -0.130638 -0.940015 0
-26.6787 11.2331 -30.0188 -0.028268 0.011902 -0.99953 0
32.5599 -2.74628 -29.5076 0.238647 -0.020129 -0.970898 0
32.2555 6.66197 -29.4412 0.248849 0.051397 -0.967178 0
32.2475 -6.6905 -29.4417 0.24869 -0.051597 -0.967208 0
31.7734 8.66371 -29.4419 0.244997 0.066804 -0.96722 0
31.1902 10.6334 -29.4368 0.241394 0.082296 -0.966931 0
31.1998 -10.6408 -29.4337 0.241992 -0.082532 -0.966762 0
30.4919 12.5541 -29.4309 0.236981 0.09757 -0.966602 0
30.4992 -12.5548 -29.4291 0.237347 -0.097703 -0.966499 0
29.6657 14.4165 -29.4288 0.230904 0.112212 -0.966484 0
29.6684 -14.4154 -29.4283 0.231011 -0.112244 -0.966455 0
28.7009 16.2206 -29.433 0.222732 0.125879 -0.966719 0
27.5964 17.962 -29.4436 0.212532 0.138334 -0.967313 0
26.3409 -19.5689 -29.4727 0.198494 -0.147463 -0.968945 0
20.4216 25.5741 -29.4947 0.151255 0.189418 -0.970177 0
18.5976 26.7461 -29.5317 0.133559 0.192077 -0.972249 0
18.5975 -26.7462 -29.5317 0.133558 -0.192078 -0.972249 0
15.191 28.907 -29.5125 0.110889 0.211012 -0.971173 0
-33.0707 -15.6604 -28.037 -0.414667 -0.196363 -0.888534 0
-25.5573 -13.2806 -30.0227 -0.020001 -0.010393 -0.999746 0
4.45625 -20.8266 -28.5542 -0.083221 0.388939 -0.917497 0
4.45626 20.8266 -28.5542 -0.083221 -0.388939 -0.917497 0
6.10957 -20.2656 -28.4965 -0.116932 0.387867 -0.914268 0
6.10961 20.2656 -28.4965 -0.116933 -0.387866 -0.914268 0
7.10628 20.2267 -28.6144 -0.129227 -0.367821 -0.920874 0
9.88914 -18.9705 -28.5951 -0.181391 0.347965 -0.919792 0
11.0599 -18.3354 -28.6034 -0.202117 0.335076 -0.920257 0
16.2133 -14.1345 -28.6442 -0.290886 0.25359 -0.922539 0
16.2447 14.117 -28.6493 -0.290768 -0.252683 -0.922825 0
17.0837 -13.0878 -28.6489 -0.305836 0.2343 -0.922804 0
17.1375 13.0621 -28.6602 -0.305204 -0.232625 -0.923437 0
17.961 -12.0156 -28.6857 -0.316086 0.211456 -0.924865 0
19.674 -9.98671 -28.8652 -0.316436 0.160626 -0.934916 0
19.7045 10.1156 -28.8975 -0.311424 -0.159874 -0.936726 0
20.5506 9.06883 -29.0112 -0.304211 -0.134247 -0.943098 0
-24.3735 8.20153 -29.8244 0.142431 -0.047927 -0.988644 0
-34.4933 -2.16442 -28.9303 -0.344428 -0.021613 -0.938564 0
-34.4933 2.16442 -28.9303 -0.344428 0.021613 -0.938564 0
-30.7268 -2.64957 -29.8595 -0.136235 -0.011747 -0.990607 0
-30.7268 2.64957 -29.8595 -0.136235 0.011747 -0.990607 0
-27.5465 -2.68158 -30.0126 0.04029 0.003922 -0.99918 0
-23.986 -7.02325 -29.6992 0.183099 0.053612 -0.981632 0
-25.4381 -25.9018 -28.1819 -0.310225 -0.31588 -0.89665 0
-23.8764 -27.5326 -28.1125 -0.295173 -0.340373 -0.892759 0
-22.1119 -28.9404 -28.1239 -0.272761 -0.356994 -0.893396 0
-20.2773 30.2483 -28.1263 -0.250013 0.372954 -0.893532 0
-11.8502 34.0787 -28.2906 -0.141292 0.406326 -0.902738 0
-9.76019 35.1123 -28.1124 -0.120663 0.434084 -0.892755 0
-9.76019 -35.1123 -28.1124 -0.120663 -0.434084 -0.892755 0
-7.58881 -35.568 -28.15 -0.093135 -0.436517 -0.894862 0
-5.46904 36.1175 -28.0689 -0.068172 0.450204 -0.89032 0
-5.46904 -36.1175 -28.0689 -0.068172 -0.450204 -0.89032 0
-3.23079 -36.3408 -28.0919 -0.040098 -0.451034 -0.891606 0
-0.948992 36.4553 -28.1002 -0.011759 0.451736 -0.892074 0
-0.948992 -36.4553 -28.1002 -0.011759 -0.451736 -0.892074 0
-27.6231 -5.96161 -30.0266 0.007685 0.001659 -0.999969 0
-27.6231 5.96161 -30.0266 0.007685 -0.001659 -0.999969 0
1.3389 36.4359 -28.1039 0.016579 0.451182 -0.892278 0
3.62065 -36.2759 -28.1061 0.044815 -0.449012 -0.892401 0
5.88682 35.9753 -28.1073 0.072849 0.445193 -0.892466 0
5.88682 -35.9753 -28.1073 0.072849 -0.445193 -0.892466 0
8.12522 35.5329 -28.1091 0.100513 0.439558 -0.892573 0
8.12522 -35.5329 -28.1091 0.100513 -0.439558 -0.892573 0
10.3238 34.9382 -28.1185 0.127481 0.431428 -0.893095 0
12.4912 -34.1635 -28.1466 0.153403 -0.419559 -0.894672 0
14.7156 -33.2701 -28.1447 0.180789 -0.408742 -0.894564 0
16.7825 -32.3732 -28.1018 0.2079 -0.401037 -0.892159 0
18.6664 31.2838 -28.1195 0.230454 0.386228 -0.893151 0
18.6664 -31.2839 -28.1195 0.230454 -0.386228 -0.893151 0
28.1601 -0.492837 -30.0256 -0.013161 0.00023 -0.999913 0
20.6713 -29.9657 -28.1324 0.254571 -0.369034 -0.893872 0
25.841 -25.7843 -28.0815 0.321348 -0.320643 -0.891024 0
29.9159 -20.7147 -28.1406 0.367831 -0.254698 -0.894332 0
31.2123 18.7649 -28.1249 0.38494 0.231427 -0.893455 0
31.2124 -18.765 -28.1248 0.384947 -0.231432 -0.893451 0
32.3382 16.7739 -28.1194 0.399249 0.207091 -0.893148 0
32.3387 -16.774 -28.1191 0.399277 -0.207104 -0.893132 0
34.1758 12.6155 -28.1193 0.421946 0.155755 -0.893142 0
34.1769 -12.6174 -28.1185 0.422028 -0.155804 -0.893094 0
35.9688 1.31933 -28.3319 0.425019 0.01559 -0.90505 0
34.893 10.4578 -28.1211 0.430655 0.129071 -0.893239 0
34.8928 -10.4617 -28.1206 0.43069 -0.129131 -0.893214 0
35.4712 -8.26471 -28.1237 0.437571 -0.101953 -0.893385 0
35.9154 6.0247 -28.1257 0.442878 0.074291 -0.893499 0
36.2147 3.7386 -28.1307 0.446131 0.046056 -0.893782 0
36.1822 -3.7417 -28.1468 0.444338 -0.04595 -0.89468 0
-23.5408 16.3173 -30.0255 -0.011214 0.007773 -0.999907 0
-23.5408 -16.3173 -30.0255 -0.011214 -0.007773 -0.999907 0
-21.7321 18.0242 -30.0264 0.007135 -0.005917 -0.999957 0
-21.7321 -18.0242 -30.0264 0.007135 0.005917 -0.999957 0
-20.4583 -19.2309 -30.0243 0.013124 0.012337 -0.999838 0
-19.3267 -20.4013 -30.0247 0.011452 0.012088 -0.999861 0
-18.0239 21.5107 -30.024 0.012079 -0.014415 -0.999823 0
-15.1511 23.5844 -30.0234 0.011133 -0.01733 -0.999788 0
-15.1511 -23.5844 -30.0234 0.011133 0.01733 -0.999788 0
-13.603 24.4471 -30.0222 0.011511 -0.020687 -0.99972 0
-10.4266 25.9571 -30.0221 0.008904 -0.022167 -0.999715 0
-8.84731 26.5578 -30.0226 0.0072 -0.021613 -0.99974 0
-7.22968 26.8975 -30.0188 0.007957 -0.029603 -0.99953 0
-7.22968 -26.8975 -30.0188 0.007957 0.029603 -0.99953 0
-5.49094 27.1867 -30.0148 0.007361 -0.036445 -0.999309 0
-3.72298 27.4078 -30.0119 0.005579 -0.041069 -0.999141 0
-3.72298 -27.4078 -30.0119 0.005579 0.041069 -0.999141 0
-1.91837 -27.5133 -30.0084 0.003192 0.045783 -0.998946 0
1.85535 27.6415 -30.0136 -0.00261 -0.03888 -0.99924 0
1.85535 -27.6415 -30.0136 -0.00261 0.03888 -0.99924 0
-25.0084 14.2769 -30.0228 -0.019321 0.01103 -0.999752 0
-28.5362 16.0459 -29.492 -0.211816 0.119104 -0.970025 0
-28.5362 -16.0459 -29.492 -0.211816 -0.119104 -0.970025 0
-26.1026 -12.2988 -30.0214 -0.023078 -0.010874 -0.999675 0
-26.1026 12.2988 -30.0214 -0.023078 0.010874 -0.999675 0
-29.3182 -20.3201 -28.4791 -0.334758 -0.232017 -0.913294 0
-22.4887 13.9114 -29.9197 0.093158 -0.057627 -0.993982 0
-28.569 5.72089 -30.012 -0.040459 0.008102 -0.999148 0
-29.4663 11.9808 -29.6986 -0.176893 0.071923 -0.981599 0
-28.0209 -15.0946 -29.6949 -0.169055 -0.091069 -0.98139 0
-31.5987 -5.08184 -29.6594 -0.199366 -0.032063 -0.9794 0
-23.1956 5.92913 -29.4617 0.241914 -0.061837 -0.968325 0
-30.2131 -20.9545 -27.9442 -0.385168 -0.267136 -0.883337 0
-27.7728 16.2892 -29.6186 -0.183481 0.107614 -0.977115 0
-27.7728 -16.2892 -29.6186 -0.183481 -0.107614 -0.977115 0
-27.7254 -24.7029 -27.7448 -0.365258 -0.32544 -0.872167 0
-25.8348 -10.1907 -30.0162 0.032689 0.012894 -0.999382 0
-25.8348 10.1907 -30.0162 0.032689 -0.012894 -0.999382 0
-26.1098 -26.3846 -27.7528 -0.343545 -0.34716 -0.872615 0
-24.4343 27.9856 -27.735 -0.322395 0.369252 -0.871616 0
-22.6439 29.4407 -27.7405 -0.298514 0.388116 -0.871926 0
-20.7684 30.7883 -27.7424 -0.273708 0.405761 -0.872033 0
-20.7684 -30.7883 -27.7424 -0.273708 -0.405761 -0.872033 0
-18.8229 32.0057 -27.7468 -0.247898 0.421518 -0.872278 0
-18.8229 -32.0057 -27.7468 -0.247898 -0.421518 -0.872278 0
-16.7805 33.0511 -27.7822 -0.219771 0.432863 -0.87426 0
-16.7805 -33.0511 -27.7822 -0.219771 -0.432863 -0.87426 0
-10.1677 35.7202 -27.7419 -0.134012 0.470798 -0.872004 0
-7.95866 36.2881 -27.7355 -0.105001 0.478763 -0.871643 0
-7.95866 -36.2881 -27.7355 -0.105001 -0.478763 -0.871643 0
-5.71171 36.7514 -27.7118 -0.075632 0.486648 -0.870318 0
-5.71171 -36.7514 -27.7118 -0.075632 -0.486648 -0.870318 0
-1.10993 -37.1437 -27.73 -0.014656 -0.490462 -0.871339 0
1.21705 37.1363 -27.7323 0.016065 0.490193 -0.871466 0
8.12867 36.2505 -27.7354 0.107245 0.47827 -0.87164 0
10.3756 -35.6634 -27.7403 0.136787 -0.470168 -0.871912 0
12.5874 34.9174 -27.7544 0.16558 0.45932 -0.872702 0
12.5874 -34.9174 -27.7544 0.16558 -0.45932 -0.872702 0
14.7925 34.0383 -27.7562 0.194532 0.447627 -0.872804 0
16.9077 33.0885 -27.7313 0.223213 0.436831 -0.87141 0
18.8998 -31.9825 -27.7361 0.249327 -0.421914 -0.871679 0
22.7952 -29.3726 -27.7188 0.301523 -0.388526 -0.870707 0
24.5533 -27.9448 -27.708 0.325313 -0.370249 -0.870107 0
26.2208 -26.3578 -27.7196 0.34679 -0.348602 -0.870754 0
27.7924 -24.6716 -27.7284 0.36708 -0.325861 -0.871245 0
-18.711 -9.54936 -28.4249 0.368794 0.188218 -0.910255 0
-18.711 9.54936 -28.4249 0.368794 -0.188218 -0.910255 0
-26.1348 21.5238 -29.1726 -0.235954 0.194325 -0.952136 0
-26.1348 -21.5238 -29.1726 -0.235954 -0.194325 -0.952136 0
-23.2145 -10.2535 -29.7697 0.154796 0.068371 -0.985578 0
-23.2145 10.2535 -29.7697 0.154796 -0.068371 -0.985578 0
-32.6381 -12.7913 -28.7403 -0.347074 -0.136023 -0.927921 0
-34.5695 13.4742 -27.7624 -0.454172 0.177023 -0.87315 0
-34.5695 -13.4742 -27.7624 -0.454172 -0.177023 -0.87315 0
-33.762 15.6894 -27.6909 -0.448496 0.208419 -0.869145 0
-26.5995 -5.57282 -29.9853 0.067012 0.01404 -0.997653 0
-31.331 12.3956 -29.2241 -0.275742 0.109093 -0.955021 0
-31.331 -12.3956 -29.2241 -0.275742 -0.109093 -0.955021 0
-20.4941 23.3297 -29.8289 -0.098082 0.111653 -0.988895 0
-20.4941 -23.3297 -29.8289 -0.098082 -0.111653 -0.988895 0
-19.0734 24.6093 -29.8163 -0.093871 0.121116 -0.98819 0
-19.0734 -24.6093 -29.8163 -0.093871 -0.121116 -0.98819 0
-17.5276 25.7819 -29.81 -0.087421 0.128591 -0.987837 0
-17.5276 -25.7819 -29.81 -0.087421 -0.128591 -0.987837 0
-15.9223 26.8589 -29.8024 -0.080663 0.136069 -0.98741 0
-12.4531 -28.7809 -29.7801 -0.065837 -0.152158 -0.986161 0
-10.8764 29.7983 -29.7155 -0.063791 0.17477 -0.982541 0
-8.75355 -29.7319 -29.8377 -0.041037 -0.139386 -0.989387 0
-6.83875 30.2222 -29.8388 -0.031976 0.141312 -0.989449 0
-4.88646 30.4977 -29.8531 -0.022039 0.13755 -0.99025 0
-4.88646 -30.4977 -29.8531 -0.022039 -0.13755 -0.99025 0
1.06797 -30.8139 -29.8607 0.00472 -0.136184 -0.990672 0
2.98202 30.7514 -29.8518 0.013494 0.139154 -0.990179 0
5.03028 30.4063 -29.8624 0.022123 0.133728 -0.990771 0
6.93098 -30.1167 -29.8507 0.03146 -0.1367 -0.990113 0
8.75766 -29.67 -29.8462 0.040211 -0.136229 -0.989861 0
10.5112 -29.1094 -29.8442 0.048498 -0.13431 -0.989752 0
13.9659 27.884 -29.8084 0.069892 0.139544 -0.987746 0
13.9659 -27.884 -29.8084 0.069892 -0.139544 -0.987746 0
15.7043 -26.857 -29.82 0.076673 -0.131123 -0.988397 0
17.3285 -25.8226 -29.8221 0.084219 -0.125502 -0.988512 0
19.0161 24.7416 -29.8054 0.09576 0.124592 -0.987576 0
22.0442 22.053 -29.8091 0.110153 0.110197 -0.987787 0
27.8491 14.5802 -29.7673 0.15062 0.078856 -0.985442 0
27.848 -14.5774 -29.7677 0.150514 -0.078788 -0.985463 0
29.3877 11.0584 -29.7734 0.157259 0.059175 -0.985783 0
29.9739 9.19845 -29.7811 0.158174 0.048541 -0.986217 0
30.4636 7.2964 -29.7859 0.159358 0.038168 -0.986483 0
30.4779 -7.32759 -29.7823 0.160478 -0.038583 -0.986285 0
31.2454 -3.76602 -29.7609 0.170828 -0.02059 -0.985086 0
-27.7603 8.88515 -30.0115 -0.039904 0.012772 -0.999122 0
-9.32068 -31.846 -29.3748 -0.075241 -0.257077 -0.963457 0
12.9455 -30.4518 -29.4002 0.102765 -0.241734 -0.964886 0
14.8883 29.6419 -29.3778 0.119946 0.238808 -0.96363 0
14.8882 -29.6419 -29.3778 0.119946 -0.238808 -0.96363 0
18.37 -27.5224 -29.4001 0.145842 -0.218505 -0.964876 0
20.2169 -26.3563 -29.3649 0.164228 -0.2141 -0.962907 0
25.1716 22.2276 -29.2588 0.217531 0.19209 -0.956965 0
25.1705 -22.2284 -29.2589 0.217513 -0.192088 -0.956969 0
26.558 -20.6325 -29.2436 0.231377 -0.179753 -0.956114 0
29.2388 17.1424 -29.1609 0.265455 0.155633 -0.951479 0
31.1599 13.3857 -29.1544 0.283755 0.121896 -0.951118 0
31.9244 -11.4269 -29.1562 0.290473 -0.103971 -0.951218 0
33.074 7.35848 -29.1644 0.299776 0.066696 -0.951675 0
33.4412 -5.31595 -29.1713 0.302105 -0.048024 -0.952064 0
33.5612 -3.20429 -29.218 0.296301 -0.02829 -0.954676 0
33.7842 -0.928628 -29.1918 0.302194 -0.008306 -0.95321 0
-33.5161 12.2604 -28.4717 -0.383385 0.140245 -0.912878 0
-23.7537 -2.20889 -29.4395 0.25337 0.023561 -0.967083 0
-23.7537 2.20889 -29.4395 0.25337 -0.023561 -0.967083 0
-26.1552 17.4608 -29.765 -0.142006 0.094801 -0.985316 0
-35.3843 11.4616 -27.7108 -0.468616 0.151793 -0.870263 0
-35.3843 -11.4616 -27.7108 -0.468616 -0.151793 -0.870263 0
-25.0642 3.78825 -29.7646 0.168941 -0.025534 -0.985295 0
-35.848 4.81595 -28.2475 -0.431346 0.057949 -0.900323 0
-27.5634 10.6458 -29.9902 -0.06 0.023174 -0.997929 0
-27.5634 -10.6458 -29.9902 -0.06 -0.023174 -0.997929 0
-31.6128 -7.96417 -29.5259 -0.228171 -0.057483 -0.971923 0
-31.6128 7.96417 -29.5259 -0.228171 0.057483 -0.971923 0
-34.8574 -5.33706 -28.655 -0.380026 -0.058186 -0.923144 0
-32.9524 -1.13973 -29.4317 -0.255955 -0.008853 -0.966648 0
-21.7436 -4.57563 -28.9237 0.338697 0.071274 -0.938192 0
-33.813 6.53208 -28.975 -0.332081 0.064152 -0.941067 0
-33.813 -6.53208 -28.975 -0.332081 -0.064152 -0.941067 0
-34.4632 11.1411 -28.2237 -0.416742 0.134723 -0.898986 0
-34.4632 -11.1411 -28.2237 -0.416742 -0.134723 -0.898986 0
-21.8758 -3.55804 -28.9027 0.344754 0.056073 -0.937017 0
-21.8758 3.55804 -28.9027 0.344754 -0.056073 -0.937017 0
-23.9827 -12.1995 -29.9647 0.074496 0.037894 -0.996501 0
-35.8125 -10.7315 -27.6008 -0.482133 -0.144475 -0.864103 0
27.5579 2.92877 -30.014 -0.038229 -0.004063 -0.999261 0
27.0061 -2.22615 -29.9797 -0.072666 0.00599 -0.997338 0
26.7476 -6.14694 -30.0017 -0.052109 0.011975 -0.99857 0
25.8341 9.75085 -30.0099 -0.041209 -0.015554 -0.999029 0
25.8414 -9.62421 -30.0082 -0.043253 0.016109 -0.998934 0
25.3037 -11.1547 -30.0116 -0.038243 0.016859 -0.999126 0
24.6725 12.6219 -30.014 -0.034198 -0.017495 -0.999262 0
23.9179 13.9465 -30.013 -0.034471 -0.0201 -0.999204 0
23.8903 -13.951 -30.0121 -0.035502 0.020732 -0.999155 0
22.8407 -15.5303 -30.0102 -0.036083 0.024534 -0.999048 0
21.7378 16.9603 -30.008 -0.036566 -0.02853 -0.998924 0
20.4864 -18.3978 -30.0062 -0.036029 0.032356 -0.998827 0
19.4467 19.5042 -30.0066 -0.03389 -0.03399 -0.998847 0
18.2942 20.5819 -30.0064 -0.032088 -0.036101 -0.998833 0
14.0359 23.6128 -30.003 -0.026616 -0.044777 -0.998642 0
12.4497 24.3919 -29.9984 -0.025821 -0.05059 -0.998386 0
10.7319 25.0894 -29.9926 -0.024476 -0.05722 -0.998062 0
9.25828 -25.6051 -29.9887 -0.02232 0.06173 -0.997843 0
7.71243 26.0454 -29.9843 -0.019658 -0.066387 -0.9976 0
7.71241 -26.0454 -29.9843 -0.019658 0.066387 -0.9976 0
4.67594 -26.7171 -29.9815 -0.012323 0.07041 -0.997442 0
3.51098 -26.3556 -29.9351 -0.013394 0.100543 -0.994843 0
1.77398 -26.4572 -29.9276 -0.007055 0.105222 -0.994424 0
-0.06295 26.1804 -29.8888 0.000299 -0.124282 -0.992247 0
-0.062951 -26.1804 -29.8888 0.000299 0.124282 -0.992247 0
-1.94162 26.2656 -29.9077 0.008515 -0.115189 -0.993307 0
-1.94162 -26.2656 -29.9077 0.008515 0.115189 -0.993307 0
-3.65549 -26.214 -29.9224 0.014943 0.107162 -0.994129 0
-5.34504 25.9697 -29.9274 0.021289 -0.103434 -0.994408 0
-5.34504 -25.9697 -29.9274 0.021289 0.103434 -0.994408 0
-7.05587 25.7112 -29.9424 0.025756 -0.093854 -0.995253 0
-8.59614 -25.616 -29.9738 0.024583 0.073257 -0.99701 0
-9.95262 24.6606 -29.9356 0.037862 -0.093814 -0.99487 0
-9.95262 -24.6606 -29.9356 0.037862 0.093814 -0.99487 0
-11.6829 24.3869 -29.9754 0.032874 -0.068622 -0.997101 0
-11.6829 -24.3869 -29.9754 0.032874 0.068622 -0.997101 0
-14.6455 -22.6969 -29.9732 0.042138 0.065304 -0.996975 0
-18.5996 19.3531 -29.9591 0.06045 -0.062899 -0.996187 0
-19.4877 18.4228 -29.957 0.064392 -0.060873 -0.996066 0
-19.4877 -18.4228 -29.957 0.064392 0.060873 -0.996066 0
-25.0647 -6.42942 -29.848 0.136895 0.035115 -0.989963 0
27.0561 -0.133813 -29.9766 -0.075223 0.000372 -0.997167 0
27.2442 0.970722 -29.9909 -0.063699 -0.00227 -0.997967 0
-30.1998 6.80623 -29.843 -0.139753 0.031497 -0.989685 0
-18.8962 -7.46431 -28.093 0.421029 0.166314 -0.891669 0
-33.3346 7.6653 -29.0571 -0.316866 0.072863 -0.945667 0
-33.3346 -7.6653 -29.0571 -0.316866 -0.072863 -0.945667 0
-23.2398 -8.15574 -29.6246 0.199245 0.069923 -0.977452 0
-30.5871 -14.5234 -29.1717 -0.276277 -0.131182 -0.952083 0
-22.5207 -0.665671 -29.035 0.328567 0.009712 -0.944431 0
-35.2965 8.96023 -28.1263 -0.435194 0.110477 -0.893533 0
-35.2965 -8.96023 -28.1263 -0.435194 -0.110477 -0.893533 0
-34.1701 -7.73672 -28.7484 -0.362473 -0.08207 -0.928374 0
-31.617 14.4944 -28.8478 -0.324911 0.148952 -0.933941 0
-28.9401 -10.9728 -29.844 -0.133597 -0.050654 -0.98974 0
-23.7621 -0.975475 -29.4198 0.258393 0.010607 -0.965982 0
-33.4959 -3.35734 -29.2335 -0.293376 -0.029405 -0.955545 0
-28.0061 12.4806 -29.8834 -0.115706 0.051563 -0.991944 0
-28.0061 -12.4806 -29.8834 -0.115706 -0.051563 -0.991944 0
-24.9841 -7.37139 -29.8718 0.126276 0.037257 -0.991295 0
-23.1257 -4.99938 -29.3866 0.259461 0.056091 -0.964123 0
-25.7552 6.05935 -29.9214 0.105827 -0.024898 -0.994073 0
-24.2266 25.4199 -28.7159 -0.259515 0.272298 -0.926556 0
-24.2266 -25.4199 -28.7159 -0.259515 -0.272298 -0.926556 0
-22.3195 26.598 -28.8703 -0.227627 0.271261 -0.935202 0
-22.3195 -26.598 -28.8703 -0.227627 -0.271261 -0.935202 0
-20.6357 -27.9021 -28.8771 -0.209964 -0.283898 -0.935584 0
-18.8883 -29.1233 -28.874 -0.192391 -0.296641 -0.935409 0
-15.5627 31.1774 -28.8229 -0.161249 0.323038 -0.932548 0
-13.1905 -32.1238 -28.8686 -0.134603 -0.327808 -0.935106 0
28.9042 5.78181 -29.9947 0.059167 0.011835 -0.998178 0
28.9631 -5.84691 -29.9902 0.063024 -0.012723 -0.997931 0
28.5117 7.58643 -29.993 0.05977 0.015904 -0.998085 0
28.539 -7.61589 -29.9909 0.061595 -0.016437 -0.997966 0
28.0347 9.39545 -29.989 0.062012 0.020783 -0.997859 0
28.0904 -9.41052 -29.9851 0.065073 -0.0218 -0.997642 0
29.6181 2.40076 -29.9786 0.073454 0.005954 -0.997281 0
27.5263 -11.1206 -29.9807 0.066903 -0.027029 -0.997393 0
26.8332 -12.7654 -29.9787 0.066529 -0.03165 -0.997282 0
24.9877 15.8834 -29.9862 0.057153 0.036329 -0.997704 0
23.8238 17.412 -29.9927 0.05015 0.036653 -0.998069 0
23.8135 -17.4186 -29.993 0.049936 -0.036526 -0.998084 0
21.4231 20.2151 -29.996 0.042998 0.040573 -0.998251 0
21.4182 -20.2188 -29.996 0.042951 -0.040546 -0.998254 0
20.1881 -21.4675 -29.9951 0.04103 -0.04363 -0.998205 0
18.8862 22.6396 -29.9943 0.03887 0.046595 -0.998157 0
17.4056 23.7487 -29.9966 0.034586 0.047189 -0.998287 0
17.4047 -23.7492 -29.9966 0.034581 -0.047187 -0.998287 0
15.8175 24.7765 -29.9994 0.030006 0.047001 -0.998444 0
15.8171 -24.7767 -29.9994 0.030004 -0.047 -0.998444 0
14.1897 -25.7294 -30.0001 0.026597 -0.048227 -0.998482 0
12.456 26.5434 -30.0034 0.021919 0.046708 -0.998668 0
12.4559 -26.5434 -30.0034 0.021918 -0.046708 -0.998668 0
10.7566 -27.1966 -30.0071 0.017449 -0.044118 -0.998874 0
9.10234 27.7427 -30.0093 0.01394 0.042486 -0.999 0
7.41525 28.1907 -30.0114 0.010688 0.040634 -0.999117 0
5.69075 -28.5261 -30.0139 0.007546 -0.037828 -0.999256 0
3.88676 28.7499 -30.0167 0.004592 0.033967 -0.999412 0
1.95399 -28.9083 -30.0179 0.002171 -0.032118 -0.999482 0
-1.91725 28.8028 -30.0211 -0.001737 0.0261 -0.999658 0
-1.91725 -28.8028 -30.0211 -0.001737 -0.0261 -0.999658 0
-3.79491 -28.6711 -30.0196 -0.003834 -0.028966 -0.999573 0
-7.44042 -28.1221 -30.0138 -0.009889 -0.037377 -0.999252 0
-12.5651 26.5014 -30.003 -0.02231 0.047054 -0.998643 0
-17.261 23.5895 -30.0079 -0.027475 0.037548 -0.998917 0
-20.0645 -21.3219 -30.0056 -0.033725 -0.035838 -0.998788 0
-21.2489 -20.0088 -30.0098 -0.032103 -0.03023 -0.999027 0
-23.7543 -17.8532 -29.9786 -0.058916 -0.04428 -0.99728 0
-34.7856 -3.11542 -28.792 -0.364019 -0.032602 -0.930821 0
-34.7856 3.11542 -28.792 -0.364019 0.032602 -0.930821 0
-30.7767 10.6423 -29.5345 -0.220481 0.07624 -0.972407 0
-30.7767 -10.6423 -29.5345 -0.220481 -0.07624 -0.972407 0
-22.7131 7.18156 -29.4303 0.244481 -0.077301 -0.966568 0
-23.3626 -3.12462 -29.3618 0.268071 0.035853 -0.962732 0
-23.3626 3.12462 -29.3618 0.268071 -0.035853 -0.962732 0
-27.1933 14.2521 -29.8781 -0.114211 0.059858 -0.991652 0
29.1714 -0.337125 -30.0104 0.043339 -0.000501 -0.99906 0
-19.1849 -11.4266 -28.9639 0.292064 0.173955 -0.940446 0
-15.2397 15.4923 -28.7354 0.261896 -0.266237 -0.927647 0
-14.0291 -16.6599 -28.7548 0.238809 0.283592 -0.928734 0
-14.0291 16.6599 -28.7548 0.238809 -0.283592 -0.928734 0
-13.0775 -17.6246 -28.8203 0.215366 0.29025 -0.932401 0
-13.0775 17.6246 -28.8203 0.215366 -0.29025 -0.932401 0
-12.0059 -18.443 -28.8434 0.195345 0.300081 -0.933698 0
-10.8589 -19.1752 -28.8548 0.175618 0.310116 -0.934337 0
-9.64477 19.8299 -28.8604 0.155522 -0.319757 -0.934649 0
-7.10447 20.8998 -28.8692 0.114018 -0.335417 -0.935145 0
-4.44782 21.6175 -28.8677 0.07144 -0.347215 -0.935061 0
-3.12993 -21.8262 -28.8598 0.050485 0.352052 -0.934618 0
-3.12993 21.8262 -28.8598 0.050485 -0.352052 -0.934618 0
-0.681457 21.893 -28.8036 0.011319 -0.363652 -0.931466 0
3.49583 -20.4418 -28.3001 -0.072328 0.422936 -0.903269 0
3.49584 20.4418 -28.3001 -0.072328 -0.422936 -0.903269 0
21.8828 -3.23585 -28.8868 -0.347883 0.051442 -0.936126 0
22.0245 3.30922 -28.9427 -0.339397 -0.050995 -0.93926 0
-32.6439 17.2388 -27.865 -0.421807 0.222751 -0.878898 0
7.6557 -19.6419 -28.4584 -0.148853 0.381906 -0.912135 0
7.65581 19.6419 -28.4584 -0.148855 -0.381905 -0.912135 0
5.12255 20.2918 -28.3889 -0.102421 -0.405717 -0.908242 0
-20.244 -15.9543 -29.8333 0.11544 0.090978 -0.989139 0
-20.244 15.9543 -29.8333 0.11544 -0.090978 -0.989139 0
-18.899 -17.3809 -29.8183 0.112269 0.103251 -0.988299 0
-18.899 17.3809 -29.8183 0.112269 -0.103251 -0.988299 0
-15.3618 20.257 -29.7774 0.100731 -0.132829 -0.986007 0
-13.9923 -20.9355 -29.7347 0.100168 0.149873 -0.983618 0
-12.6629 22.0808 -29.7826 0.082068 -0.143106 -0.986299 0
-9.81088 -23.5132 -29.7865 0.063012 0.151017 -0.986521 0
-6.86315 -24.6617 -29.8062 0.042054 0.151116 -0.987621 0
-6.86315 24.6617 -29.8062 0.042054 -0.151116 -0.987621 0
-5.19159 -24.7744 -29.7583 0.035461 0.169222 -0.98494 0
-5.19159 24.7744 -29.7583 0.035461 -0.169222 -0.98494 0
-3.59418 -25.1904 -29.7811 0.02337 0.163791 -0.986218 0
-1.99008 -25.0613 -29.7272 0.014451 0.181978 -0.983196 0
-1.99008 25.0613 -29.7272 0.014451 -0.181978 -0.983196 0
-0.391091 -25.1296 -29.7258 0.002847 0.182947 -0.983119 0
-0.391091 25.1296 -29.7258 0.002847 -0.182947 -0.983119 0
0.900564 -24.8171 -29.6674 -0.007243 0.199597 -0.979851 0
2.42055 -24.9569 -29.7148 -0.01798 0.185385 -0.982501 0
2.42056 24.9569 -29.7148 -0.01798 -0.185385 -0.982501 0
4.15495 24.6548 -29.7011 -0.031618 -0.187615 -0.981734 0
5.82 -24.9131 -29.8038 -0.035874 0.153562 -0.987488 0
7.33466 24.6897 -29.8304 -0.04216 -0.141919 -0.98898 0
8.79675 24.2616 -29.838 -0.049491 -0.136497 -0.989403 0
11.8682 23.1645 -29.869 -0.060568 -0.118217 -0.991139 0
13.3902 -22.4877 -29.8878 -0.063816 0.107173 -0.99219 0
13.391 22.4874 -29.8878 -0.063817 -0.107166 -0.992191 0
14.7369 21.754 -29.9004 -0.066713 -0.098479 -0.9929 0
17.3999 19.5568 -29.8883 -0.082749 -0.093007 -0.992221 0
18.503 -18.5387 -29.8903 -0.087324 0.087492 -0.99233 0
19.5416 -17.5654 -29.9004 -0.088462 0.079516 -0.992901 0
19.5572 17.5519 -29.9008 -0.088415 -0.079349 -0.992918 0
20.8758 16.2374 -29.9201 -0.08631 -0.067133 -0.994004 0
21.9363 14.8605 -29.9254 -0.088268 -0.059796 -0.9943 0
22.8403 13.2576 -29.9159 -0.096411 -0.055962 -0.993767 0
24.0175 -10.6339 -29.8993 -0.109244 0.048368 -0.992837 0
24.4674 -9.17555 -29.8825 -0.118948 0.044607 -0.991898 0
24.8756 -7.61579 -29.8673 -0.127683 0.039091 -0.991044 0
25.24 -5.92536 -29.8551 -0.134861 0.03166 -0.990359 0
25.3785 5.93462 -29.8737 -0.127415 -0.029795 -0.991402 0
25.6469 4.21632 -29.864 -0.1331 -0.021882 -0.990861 0
25.7106 2.56321 -29.8425 -0.142753 -0.014232 -0.989656 0
-21.6681 -14.885 -29.9019 0.097466 0.066954 -0.992984 0
-21.6681 14.885 -29.9019 0.097466 -0.066954 -0.992984 0
36.1817 -2.00455 -28.2149 0.438307 -0.024283 -0.898497 0
23.748 -27.9531 -27.9915 0.30024 -0.353403 -0.885981 0
21.9863 -29.2498 -28.0368 0.275694 -0.366773 -0.888521 0
20.0256 -30.501 -28.0902 0.248622 -0.378676 -0.891511 0
16.1301 -32.8079 -28.0538 0.201628 -0.410104 -0.889472 0
13.9851 33.6737 -28.1029 0.173207 0.417054 -0.892225 0
13.9851 -33.6737 -28.1029 0.173207 -0.417054 -0.892225 0
9.6026 35.2764 -28.0531 0.120049 0.441016 -0.889434 0
5.12538 36.2117 -28.0466 0.064153 0.45325 -0.889072 0
2.84594 36.4645 -28.0452 0.035631 0.456534 -0.888992 0
0.554261 36.5758 -28.0428 0.006942 0.458129 -0.888859 0
0.554261 -36.5758 -28.0428 0.006942 -0.458129 -0.888859 0
-4.02128 -36.3885 -28.0273 -0.050512 -0.45708 -0.88799 0
-6.21559 36.134 -27.9989 -0.078478 0.456226 -0.886397 0
-6.21559 -36.134 -27.9989 -0.078478 -0.456226 -0.886397 0
-30.1771 -1.31182 -29.9356 -0.101063 -0.004393 -0.99487 0
-30.1771 1.31182 -29.9356 -0.101063 0.004393 -0.99487 0
-26.7264 1.60817 -29.9531 0.090836 -0.005466 -0.995851 0
-28.7653 -21.8986 -28.2561 -0.345504 -0.263027 -0.900802 0
-27.7835 -23.7932 -28.0433 -0.347974 -0.297998 -0.888882 0
-29.5758 -18.091 -28.8898 -0.299604 -0.183262 -0.936297 0
-20.8284 25.3049 -29.4829 -0.155722 0.189191 -0.969514 0
-20.8284 -25.3049 -29.4829 -0.155722 -0.189191 -0.969514 0
-19.2136 26.6178 -29.4693 -0.145167 0.201109 -0.968753 0
-19.2136 -26.6178 -29.4693 -0.145167 -0.201109 -0.968753 0
-17.5589 27.7813 -29.4597 -0.133629 0.211424 -0.968216 0
-17.5589 -27.7813 -29.4597 -0.133629 -0.211424 -0.968216 0
-14.1384 -30.0814 -29.359 -0.115281 -0.245276 -0.962575 0
-12.2146 -30.6672 -29.4216 -0.095555 -0.239911 -0.966081 0
-24.5295 17.6811 -29.9323 -0.083519 0.060202 -0.994686 0
-23.552 18.9633 -29.9323 -0.080183 0.064561 -0.994687 0
-26.194 -20.1621 -29.4095 -0.206629 -0.159047 -0.965406 0
-24.4637 -20.967 -29.6138 -0.162449 -0.13923 -0.976845 0
-32.5032 -5.31677 -29.4415 -0.250709 -0.04101 -0.967193 0
-32.5032 5.31677 -29.4415 -0.250709 0.04101 -0.967193 0
-22.0893 20.6263 -29.9339 -0.074616 0.069674 -0.994775 0
-22.0893 -20.6263 -29.9339 -0.074616 -0.069674 -0.994775 0
-19.4324 23.4771 -29.906 -0.074162 0.089598 -0.993213 0
-19.4324 -23.4771 -29.906 -0.074162 -0.089598 -0.993213 0
-13.092 27.7244 -29.8835 -0.054066 0.114492 -0.991952 0
-7.68722 29.3879 -29.9174 -0.028025 0.107137 -0.993849 0
-3.86997 29.9627 -29.935 -0.013001 0.10066 -0.994836 0
-1.92463 -30.107 -29.9393 -0.006321 -0.098876 -0.99508 0
0.046691 30.1714 -29.939 0.000154 0.099244 -0.995063 0
2.02529 30.1773 -29.9315 0.006922 0.103144 -0.994642 0
2.02529 -30.1773 -29.9315 0.006922 -0.103144 -0.994642 0
4.06815 29.8952 -29.9391 0.013377 0.098301 -0.995067 0
4.06815 -29.8952 -29.9391 0.013377 -0.098301 -0.995067 0
5.88681 29.6921 -29.9289 0.020375 0.102769 -0.994497 0
9.46053 -28.8463 -29.9194 0.034185 -0.104235 -0.993965 0
12.9174 27.6733 -29.8985 0.050701 0.108619 -0.99279 0
14.7307 26.7373 -29.9 0.057492 0.104353 -0.992877 0
16.3754 25.7031 -29.906 0.062501 0.098102 -0.993212 0
19.5856 23.4875 -29.8933 0.078286 0.093882 -0.992501 0
20.9639 -22.2988 -29.8903 0.084648 -0.090038 -0.992335 0
23.512 19.5904 -29.8906 0.0948569 0.079036 -0.992348 0
23.5071 -19.594 -29.8908 0.094778 -0.079001 -0.992359 0
24.7443 18.1725 -29.8783 0.103873 0.076286 -0.991661 0
24.738 -18.1764 -29.8787 0.103731 -0.076217 -0.991681 0
25.9063 16.5358 -29.8739 0.11021 0.070346 -0.991416 0
25.8995 -16.5381 -29.8745 0.109982 -0.070229 -0.991449 0
27.8066 13.2604 -29.8642 0.121691 0.058032 -0.99087 0
27.8082 -13.2534 -29.8644 0.121624 -0.057966 -0.990882 0
28.5316 11.5383 -29.8683 0.123416 0.04991 -0.991099 0
28.547 -11.5317 -29.8667 0.124051 -0.050111 -0.99101 0
29.1579 -9.74931 -29.8725 0.124572 -0.041652 -0.991336 0
29.637 7.88264 -29.8826 0.122756 0.03265 -0.9919 0
30.0369 6.01052 -29.887 0.122633 0.024539 -0.992149 0
30.0607 -6.06077 -29.8828 0.12442 -0.025085 -0.991913 0
30.4705 4.30044 -29.8688 0.131607 0.018574 -0.991128 0
30.7289 -2.0326 -29.8656 0.133938 -0.008859 -0.99095 0
-18.3191 -12.2426 -28.8537 0.29645 0.198117 -0.934274 0
-34.9894 12.1849 -27.7914 -0.457577 0.15935 -0.874775 0
-34.9894 -12.1849 -27.7914 -0.457577 -0.15935 -0.874775 0
-23.5608 -11.2654 -29.8805 0.115407 0.055181 -0.991784 0
-32.3691 -1.99302 -29.5662 -0.225343 -0.013875 -0.974181 0
-32.3691 1.99302 -29.5662 -0.225343 0.013875 -0.974181 0
-29.3225 21.229 -28.2328 -0.353914 0.256227 -0.899496 0
-28.5006 -23.5403 -27.8383 -0.369899 -0.305521 -0.877401 0
-26.9601 25.1631 -27.8853 -0.34718 0.324039 -0.880037 0
36.7013 0.70312 -27.9762 0.465267 0.008914 -0.885125 0
36.6245 -2.90038 -27.9598 0.465638 -0.036875 -0.884207 0
36.384 5.23977 -27.9491 0.463449 0.066743 -0.883607 0
35.9875 -7.51431 -27.9468 0.45858 -0.095753 -0.883479 0
35.4553 9.74281 -27.9437 0.452045 0.124218 -0.883304 0
35.4543 -9.74639 -27.9437 0.452031 -0.124263 -0.883304 0
34.7804 11.9377 -27.9424 0.443539 0.152236 -0.883231 0
34.7809 -11.9396 -27.9417 0.443595 -0.152278 -0.883196 0
33.9698 14.0854 -27.9412 0.433291 0.179661 -0.883165 0
33.0241 16.1779 -27.9414 0.421215 0.206346 -0.883176 0
33.0247 -16.1782 -27.9411 0.421245 -0.20636 -0.883158 0
31.9422 18.21 -27.9443 0.407206 0.232145 -0.883342 0
31.9424 -18.2101 -27.9442 0.407216 -0.23215 -0.883336 0
30.7113 20.1871 -27.953 0.390922 0.25696 -0.883828 0
30.7113 -20.1872 -27.953 0.390922 -0.256962 -0.883827 0
29.2467 21.9774 -28.0409 0.36646 0.275376 -0.888749 0
28.1025 -23.8671 -27.89 0.361604 -0.307105 -0.880301 0
26.601 25.5787 -27.8718 0.343334 0.33014 -0.879278 0
24.9779 27.1904 -27.862 0.322912 0.351516 -0.878729 0
23.3089 28.6761 -27.8442 0.302221 0.371812 -0.877735 0
21.4629 29.9949 -27.883 0.2765 0.386415 -0.879904 0
21.4629 -29.995 -27.883 0.2765 -0.386416 -0.879904 0
19.4625 31.2697 -27.9105 0.249563 0.400963 -0.881446 0
17.534 32.4822 -27.867 0.22649 0.41958 -0.879008 0
13.2855 -34.3228 -27.9252 0.169928 -0.439005 -0.882269 0
11.0918 -35.1399 -27.9013 0.14245 -0.451294 -0.880932 0
8.87733 -35.7831 -27.8911 0.114207 -0.46035 -0.88036 0
6.62397 36.2727 -27.8886 0.085253 0.466845 -0.88022 0
2.03844 36.8203 -27.8864 0.026246 0.474071 -0.880095 0
2.03844 -36.8203 -27.8864 0.026246 -0.474071 -0.880095 0
-0.272261 36.8799 -27.8841 -0.003507 0.475023 -0.879966 0
-0.272261 -36.8799 -27.8841 -0.003507 -0.475023 -0.879966 0
-2.58111 -36.7996 -27.8792 -0.033273 -0.474379 -0.879692 0
-4.86684 -36.5912 -27.8665 -0.062871 -0.472695 -0.87898 0
-7.06007 36.2366 -27.864 -0.091241 0.468302 -0.878845 0
-7.06007 -36.2366 -27.864 -0.091241 -0.468302 -0.878845 0
-9.30566 -35.709 -27.8729 -0.120084 -0.460802 -0.879341 0
-11.4246 -34.946 -27.9455 -0.145612 -0.445405 -0.883409 0
-13.7152 34.0452 -27.9783 -0.173803 0.431431 -0.885246 0
-15.9137 -33.1272 -27.9534 -0.202552 -0.421647 -0.883847 0
-17.9964 32.1455 -27.9059 -0.230943 0.412514 -0.881191 0
-19.943 31.0047 -27.8928 -0.256495 0.398764 -0.880453 0
-21.8262 29.7132 -27.891 -0.2808 0.382268 -0.880353 0
-25.3251 -26.7909 -27.8921 -0.325755 -0.344609 -0.880414 0
-31.3474 9.83363 -29.4627 -0.238033 0.074671 -0.968382 0
-33.1975 13.3957 -28.422 -0.384292 0.155068 -0.910095 0
-33.1975 -13.3957 -28.422 -0.384292 -0.155068 -0.910095 0
2.51118 -20.1397 -28.0821 -0.056159 0.450397 -0.89106 0
0.999829 20.7424 -28.3133 -0.020583 -0.427018 -0.904009 0
-1.2943 -21.6436 -28.7154 0.022458 0.375553 -0.926529 0
-2.46909 -21.5854 -28.7332 0.042477 0.371344 -0.927523 0
-2.46909 21.5854 -28.7332 0.042477 -0.371344 -0.927523 0
-3.74099 21.4175 -28.7395 0.064161 -0.367329 -0.927875 0
-6.35681 -20.8058 -28.7449 0.108737 0.355894 -0.928179 0
-8.8929 19.8352 -28.7378 0.152648 -0.340474 -0.92778 0
-10.1072 -19.2356 -28.7345 0.173769 0.330712 -0.927596 0
-11.2686 -18.5497 -28.7243 0.194692 0.320492 -0.927028 0
-11.2686 18.5497 -28.7243 0.194692 -0.320492 -0.927028 0
-12.3614 -17.7976 -28.7102 0.215032 0.309596 -0.926235 0
-12.3614 17.7976 -28.7102 0.215032 -0.309596 -0.926235 0
-13.335 16.9581 -28.6707 0.236331 -0.300542 -0.924025 0
-15.7694 -14.5326 -28.6169 0.286448 0.263982 -0.921011 0
-17.6895 13.0416 -28.8322 0.289517 -0.213447 -0.93307 0
-30.9781 18.7075 -28.2386 -0.373445 0.225522 -0.899822 0
-30.9781 -18.7075 -28.2386 -0.373445 -0.225522 -0.899822 0
-33.8312 -1.59352 -29.1689 -0.305985 -0.014413 -0.951927 0
-33.8312 1.59352 -29.1689 -0.305985 0.014413 -0.951927 0
29.0796 1.51954 -30.0127 0.040258 0.002104 -0.999187 0
28.5098 4.78144 -30.0199 0.02809 0.004711 -0.999594 0
28.1572 -6.56697 -30.0198 0.028005 -0.006531 -0.999586 0
28.1084 6.53748 -30.0213 0.025046 0.005825 -0.999669 0
27.2448 -10.0819 -30.0153 0.034188 -0.012651 -0.999335 0
26.642 11.7406 -30.0129 0.036634 0.016144 -0.999198 0
25.9098 -13.2806 -30.0128 0.035669 -0.018283 -0.999196 0
-30.9514 16.6776 -28.6983 -0.333273 0.179579 -0.92557 0
25.0234 14.7738 -30.015 0.031817 0.018785 -0.999317 0
20.4044 -20.4561 -30.0204 0.019511 -0.01956 -0.999618 0
20.4093 20.4524 -30.0204 0.019547 0.019588 -0.999617 0
19.1722 -21.6233 -30.0202 0.018553 -0.020925 -0.999609 0
17.8292 -22.7182 -30.0208 0.016582 -0.021129 -0.999639 0
14.7058 -24.7436 -30.0231 0.010998 -0.018505 -0.999768 0
8.09978 -27.4074 -30.0263 0.002854 -0.009656 -0.999949 0
-34.2793 14.4748 -27.7018 -0.454607 0.191963 -0.86976 0
6.43461 -27.7853 -30.0268 0.001531 -0.006611 -0.999977 0
6.43461 27.7853 -30.0268 0.001531 0.006611 -0.999977 0
4.7343 28.0429 -30.0271 0.000375 0.002223 -0.999997 0
2.86373 28.2444 -30.0272 -5.8e-05 -0.000569 -1 0
0.945074 -28.2583 -30.0268 -0.000235 0.007016 -0.999975 0
0.945074 28.2583 -30.0268 -0.000235 -0.007016 -0.999975 0
-0.972053 28.1948 -30.0262 0.000363 -0.01052 -0.999945 0
-2.84456 28.1146 -30.0266 0.000797 -0.007877 -0.999969 0
-4.66477 27.9425 -30.0271 0.000648 -0.003881 -0.999992 0
-27.0155 21.0336 -29.0455 -0.258032 0.200897 -0.945018 0
-26.116 -22.7363 -28.9061 -0.263043 -0.229003 -0.937212 0
-6.45758 -27.6768 -30.0272 -0.000264 -0.001131 -0.999999 0
-6.45758 27.6768 -30.0272 -0.000264 0.001131 -0.999999 0
-8.17886 -27.3302 -30.0267 -0.002061 -0.006885 -0.999974 0
-13.1156 -25.4981 -30.0251 -0.007021 -0.01365 -0.999882 0
-13.1156 25.4981 -30.0251 -0.007021 0.01365 -0.999882 0
-16.1892 23.605 -30.0258 -0.007087 0.010333 -0.999921 0
-17.6535 22.5237 -30.0259 -0.007534 0.009612 -0.999925 0
-19.0389 -21.4396 -30.0251 -0.01017 -0.011452 -0.999883 0
-21.4257 -19.0193 -30.0254 -0.010472 -0.009296 -0.999902 0
-21.4257 19.0193 -30.0254 -0.010472 0.009296 -0.999902 0
-22.7902 17.9711 -30.0163 -0.027439 0.021636 -0.999389 0
-20.3251 -20.2835 -30.0244 -0.012495 -0.01247 -0.999844 0
-20.3251 20.2835 -30.0244 -0.012495 0.01247 -0.999844 0
-24.3205 -16.1654 -30.0091 -0.037474 -0.024908 -0.998987 0
-24.3205 16.1654 -30.0091 -0.037474 0.024908 -0.998987 0
28.7389 -1.27694 -30.0234 0.020581 -0.000914 -0.999788 0
-28.3415 18.6612 -29.1479 -0.258873 0.170453 -0.950753 0
-22.2088 12.7958 -29.8113 0.134338 -0.0774 -0.987908 0
-29.8452 -8.67497 -29.8248 -0.144186 -0.04191 -0.988663 0
-29.8452 8.67497 -29.8248 -0.144186 0.04191 -0.988663 0
-32.361 9.99368 -29.1688 -0.2927 0.090391 -0.951922 0
-32.361 -9.99368 -29.1688 -0.2927 -0.090391 -0.951922 0
34.302 -1.64278 -29.0095 0.332415 -0.01592 -0.942999 0
-24.2705 24.1971 -29.0339 -0.23292 0.232216 -0.944364 0
-13.6962 31.0807 -29.1377 -0.125692 0.285232 -0.950181 0
-13.6962 -31.0807 -29.1377 -0.125692 -0.285232 -0.950181 0
-12.002 31.6729 -29.1683 -0.108585 0.286551 -0.951892 0
34.238 3.91195 -28.9669 0.337291 0.038538 -0.940611 0
34.0028 6.032 -28.9403 0.338288 0.060011 -0.939127 0
33.9826 -6.04716 -28.9467 0.337304 -0.060023 -0.93948 0
32.995 10.2149 -28.938 0.328541 0.101713 -0.938997 0
32.9975 -10.223 -28.9363 0.328778 -0.101859 -0.938898 0
31.4877 14.2395 -28.9315 0.314279 0.142125 -0.938632 0
29.4395 18.0414 -28.9425 0.292661 0.179351 -0.939246 0
29.4392 -18.0416 -28.9425 0.292656 -0.179352 -0.939247 0
28.1717 19.8606 -28.964 0.277827 0.195863 -0.940452 0
-32.2809 -18.0818 -27.8191 -0.420272 -0.235411 -0.876329 0
-30.6358 -4.95044 -29.8319 -0.14562 -0.023531 -0.989061 0
-18.8871 -8.48417 -28.2842 0.393109 0.176586 -0.902376 0
-28.8411 8.79027 -29.9411 -0.093837 0.0286 -0.995177 0
-31.7313 18.9891 -27.8306 -0.412343 0.246761 -0.876973 0
-31.7313 -18.9891 -27.8306 -0.412343 -0.246761 -0.876973 0
-24.4504 -13.2414 -30.0173 0.029242 0.015837 -0.999447 0
-24.4504 13.2414 -30.0173 0.029242 -0.015837 -0.999447 0
-30.9833 -7.38679 -29.6903 -0.188081 -0.044841 -0.981129 0
-30.9833 7.38679 -29.6903 -0.188081 0.044841 -0.981129 0
-22.9529 12.077 -29.8565 0.122092 -0.06424 -0.990438 0
-32.1816 -4.13598 -29.5625 -0.224809 -0.028893 -0.973974 0
-32.1816 4.13598 -29.5625 -0.224809 0.028893 -0.973974 0
19.8225 -6.2755 -28.3254 -0.406208 0.128599 -0.904686 0
20.3909 -4.91424 -28.4102 -0.404276 0.097431 -0.909433 0
20.4324 4.69821 -28.406 -0.405772 -0.093303 -0.909199 0
19.7815 -3.70694 -27.9945 -0.45547 0.085353 -0.88615 0
20.8915 3.5056 -28.5041 -0.398582 -0.066882 -0.914691 0
20.2545 -2.69716 -28.1515 -0.442274 0.058895 -0.894944 0
20.3138 -1.55729 -28.1215 -0.448217 0.034361 -0.893264 0
-33.1831 16.6873 -27.7399 -0.437496 0.220011 -0.87189 0
-33.1831 -16.6873 -27.7399 -0.437496 -0.220011 -0.87189 0
-26.2701 -4.10388 -29.9351 0.100202 0.015653 -0.994844 0
-25.5819 -11.3419 -30.0223 0.021302 0.009444 -0.999728 0
-25.5819 11.3419 -30.0223 0.021302 -0.009444 -0.999728 0
-25.2829 19.1588 -29.7153 -0.148317 0.112391 -0.982533 0
-25.2829 -19.1588 -29.7153 -0.148317 -0.112391 -0.982533 0
-23.6257 20.7996 -29.76 -0.129373 0.113897 -0.985033 0
-23.6257 -20.7996 -29.76 -0.129373 -0.113897 -0.985033 0
-28.158 -6.89922 -30.0174 -0.032173 -0.007883 -0.999451 0
-28.158 6.89922 -30.0174 -0.032173 0.007883 -0.999451 0
-30.9573 -19.836 -27.945 -0.394605 -0.252845 -0.883378 0
-21.2141 13.4934 -29.7275 0.153955 -0.097924 -0.983213 0
31.6648 4.51875 -29.6633 0.19884 0.028376 -0.979621 0
31.632 -4.60416 -29.6675 0.197639 -0.028767 -0.979853 0
30.6768 -8.41572 -29.6984 0.184226 -0.05054 -0.981584 0
29.452 12.1549 -29.6883 0.179248 0.073976 -0.981019 0
27.734 -15.6718 -29.6895 0.168531 -0.095232 -0.981085 0
25.6192 18.915 -29.6915 0.155263 0.114633 -0.9812 0
25.6155 -18.9173 -29.6918 0.155177 -0.114599 -0.981217 0
24.4273 20.3406 -29.7028 0.145812 0.121418 -0.981833 0
24.4243 -20.3427 -29.703 0.145759 -0.121401 -0.981843 0
23.1482 21.7758 -29.7041 0.137942 0.129764 -0.981903 0
21.7743 -23.1499 -29.704 0.129766 -0.137963 -0.9819 0
20.1581 -24.5622 -29.7052 0.11994 -0.146143 -0.981966 0
18.4236 25.7634 -29.7245 0.10665 0.149138 -0.983048 0
13.3508 28.8435 -29.7036 0.079615 0.172002 -0.981874 0
13.3507 -28.8435 -29.7036 0.079614 -0.172002 -0.981874 0
11.5645 -29.3479 -29.7481 0.064572 -0.163868 -0.984367 0
9.8352 29.9708 -29.7482 0.054902 0.167303 -0.984376 0
9.8352 -29.9708 -29.7482 0.054902 -0.167303 -0.984376 0
8.01054 30.5059 -29.7488 0.044676 0.170135 -0.984408 0
4.0377 -31.0675 -29.7852 0.021145 -0.1627 -0.986449 0
2.10104 -31.4199 -29.7577 0.011549 -0.172716 -0.984904 0
0.093479 31.4681 -29.7615 0.000511 0.171878 -0.985118 0
-1.93372 -31.414 -29.7606 -0.010578 -0.171844 -0.985067 0
-3.94622 31.2634 -29.7539 -0.021828 0.172929 -0.984692 0
-7.98923 30.7541 -29.7052 -0.047534 0.182979 -0.981967 0
-9.87106 30.0245 -29.737 -0.056083 0.170587 -0.983745 0
-22.9284 -21.1495 -29.8073 -0.115012 -0.106088 -0.987683 0
-25.4479 8.18381 -29.9491 0.088936 -0.028601 -0.995627 0
-30.2453 -7.78709 -29.8011 -0.153619 -0.039551 -0.987338 0
-30.2453 7.78709 -29.8011 -0.153619 0.039551 -0.987338 0
-26.1383 14.3108 -29.9722 -0.068779 0.037657 -0.996921 0
-26.1383 -14.3108 -29.9722 -0.068779 -0.037657 -0.996921 0
-21.6071 22.1705 -29.8429 -0.100015 0.102623 -0.98968 0
-24.458 19.3606 -29.8072 -0.122696 0.097124 -0.98768 0
-24.458 -19.3606 -29.8072 -0.122696 -0.097124 -0.98768 0
-27.0972 -6.78242 -30.0211 0.025339 0.006342 -0.999659 0
-25.3052 18.084 -29.8213 -0.123189 0.088035 -0.988471 0
-25.3052 -18.084 -29.8213 -0.123189 -0.088035 -0.988471 0
31.2474 -0.833651 -29.7968 0.160076 -0.004271 -0.987095 0
-30.1869 -5.81942 -29.8728 -0.128868 -0.024843 -0.991351 0
-30.1869 5.81942 -29.8728 -0.128868 0.024843 -0.991351 0
-25.893 9.02619 -30.0004 0.051743 -0.018037 -0.998498 0
34.9492 0.41927 -28.7815 0.366956 0.004402 -0.930228 0
-28.9553 -18.2982 -29.0406 -0.277123 -0.175127 -0.94474 0
-28.8606 -6.57645 -29.9868 -0.065583 -0.014944 -0.997735 0
-25.0551 12.2738 -30.0202 0.025128 -0.01231 -0.999608 0
-28.7547 12.5686 -29.7764 -0.153041 0.066894 -0.985953 0
-28.7547 -12.5686 -29.7764 -0.153041 -0.066894 -0.985953 0
-34.2845 15.2959 -27.5089 -0.467625 0.208629 -0.858953 0
-34.2845 -15.2959 -27.5089 -0.467625 -0.208629 -0.858953 0
-25.1009 -27.5451 -27.6698 -0.334504 -0.367076 -0.867964 0
-23.3419 29.0455 -27.6721 -0.310955 0.386938 -0.868093 0
-21.4865 -30.4383 -27.6746 -0.286131 -0.405341 -0.868233 0
-17.5483 32.828 -27.694 -0.233 0.435878 -0.869322 0
-17.5483 -32.828 -27.694 -0.233 -0.435878 -0.869322 0
-13.2188 34.7292 -27.7303 -0.17454 0.458562 -0.871353 0
-13.2188 -34.7292 -27.7303 -0.17454 -0.458562 -0.871353 0
-10.9655 35.5811 -27.6892 -0.145703 0.472782 -0.86905 0
-8.77734 36.2293 -27.6635 -0.11708 0.483261 -0.867612 0
-8.77734 -36.2293 -27.6635 -0.11708 -0.483261 -0.867612 0
-6.50539 36.7318 -27.6485 -0.086969 0.491059 -0.866774 0
-6.50539 -36.7318 -27.6485 -0.086969 -0.491059 -0.866774 0
-4.2353 -37.046 -27.6578 -0.056543 -0.494576 -0.867293 0
-1.91426 37.2274 -27.6639 -0.025533 0.496543 -0.867637 0
-1.91426 -37.2274 -27.6639 -0.025533 -0.496543 -0.867637 0
36.8006 4.43043 -27.7826 0.481941 0.058021 -0.87428 0
0.418641 37.27 -27.6664 0.005582 0.496928 -0.867774 0
36.4556 6.73338 -27.7793 0.477669 0.0882261 -0.874099 0
36.4506 -6.737 -27.7817 0.477425 -0.08824 -0.874231 0
2.74997 -37.1686 -27.6676 0.036659 -0.495482 -0.867844 0
5.07003 36.9224 -27.6684 0.067579 0.492144 -0.867887 0
35.3358 11.227 -27.7769 0.46317 0.14716 -0.873967 0
7.36894 36.5319 -27.669 0.098213 0.486894 -0.867922 0
7.36894 -36.5319 -27.669 0.098213 -0.486894 -0.867922 0
34.5677 13.4115 -27.776 0.453173 0.175822 -0.873911 0
34.5683 -13.4124 -27.7755 0.453215 -0.175846 -0.873885 0
9.63612 -35.9956 -27.6717 0.128378 -0.479553 -0.868072 0
33.6637 15.5434 -27.7756 0.441347 0.203781 -0.873892 0
32.6246 17.6155 -27.7769 0.427636 0.2309 -0.873964 0
14.0755 -34.4622 -27.6929 0.18692 -0.457652 -0.869261 0
31.4474 -19.625 -27.7813 0.411916 -0.25706 -0.874211 0
30.052 21.6545 -27.7966 0.39268 0.282953 -0.875066 0
27.3501 -25.3372 -27.6604 0.364988 -0.338126 -0.867441 0
22.2134 29.9391 -27.6621 0.296366 0.39944 -0.867534 0
22.2134 -29.9391 -27.6621 0.296365 -0.39944 -0.867534 0
25.7308 26.9949 -27.6543 0.343694 0.360579 -0.867097 0
24.0314 28.5461 -27.642 0.32158 0.381994 -0.86641 0
3.08012 19.5473 -27.8135 -0.075069 -0.476412 -0.876012 0
1.50412 19.8971 -27.9034 -0.035657 -0.471683 -0.881047 0
-1.84146 21.004 -28.4599 0.035782 -0.408135 -0.91222 0
-17.0421 -12.0309 -28.3576 0.344936 0.243509 -0.906489 0
-5.53185 20.3536 -28.4633 0.107345 -0.394959 -0.912406 0
-6.78559 19.9678 -28.4621 0.131738 -0.387663 -0.912339 0
-9.20941 -18.9558 -28.4554 0.179282 0.369017 -0.911967 0
-10.3614 -18.3357 -28.4492 0.202219 0.357851 -0.91162 0
-11.4527 17.6453 -28.4381 0.224529 -0.345933 -0.910998 0
-12.4519 -16.8974 -28.4171 0.246195 0.33409 -0.90982 0
-12.4519 16.8974 -28.4171 0.246195 -0.33409 -0.90982 0
-13.2594 -16.1535 -28.3751 0.266551 0.324731 -0.907469 0
-14.4009 -14.3634 -28.1044 0.319626 0.318796 -0.892305 0
-15.3746 -13.254 -28.0838 0.34364 0.296241 -0.891153 0
-29.6877 -22.0499 -27.8299 -0.385833 -0.286569 -0.876933 0
-28.3573 24.2073 -27.6595 -0.378484 0.323094 -0.867387 0
-26.6188 -13.302 -29.9755 -0.068034 -0.033998 -0.997104 0
-34.9781 12.9767 -27.6461 -0.467781 0.173544 -0.866639 0
-28.4089 13.3232 -29.777 -0.151034 0.070832 -0.985988 0
-30.2257 12.7813 -29.4721 -0.227886 0.096364 -0.968908 0
-30.2257 -12.7813 -29.4721 -0.227886 -0.096364 -0.968908 0
-26.8725 10.2301 -30.0237 -0.01855 0.007062 -0.999803 0
-26.8725 -10.2301 -30.0237 -0.01855 -0.007062 -0.999803 0
-24.7812 -10.3483 -29.9603 0.079821 0.033332 -0.996252 0
-24.7812 10.3483 -29.9603 0.079821 -0.033332 -0.996252 0
-22.1295 10.3759 -29.5829 0.200728 -0.094116 -0.975116 0
-27.1171 12.366 -29.9719 -0.071554 0.03263 -0.996903 0
-29.2249 16.2629 -29.2994 -0.246944 0.137418 -0.959237 0
-22.5705 -11.1894 -29.7367 0.160961 0.079797 -0.98373 0
-22.5705 11.1894 -29.7367 0.160961 -0.079797 -0.98373 0
3.84303 -23.4281 -29.4088 -0.042234 0.257466 -0.965364 0
3.84304 23.4281 -29.4088 -0.042234 -0.257466 -0.965364 0
-2.05444 -24.1177 -29.5275 0.019939 0.234076 -0.972014 0
-5.08335 -23.8161 -29.5625 0.047314 0.221671 -0.973973 0
-5.08335 23.8161 -29.5625 0.047314 -0.221671 -0.973973 0
-8.08135 -22.9475 -29.557 0.07573 0.21504 -0.973665 0
-10.8614 21.7273 -29.548 0.102896 -0.205836 -0.973162 0
-13.4887 -20.1515 -29.5381 0.1293 0.193167 -0.972609 0
-13.4887 20.1515 -29.5381 0.1293 -0.193167 -0.972609 0
-15.9965 17.9911 -29.4954 0.160969 -0.18104 -0.970213 0
-27.486 9.81009 -30.0099 -0.041393 0.014774 -0.999034 0
-27.486 -9.81009 -30.0099 -0.041393 -0.014774 -0.999034 0
-30.7811 -12.5793 -29.355 -0.251602 -0.102822 -0.962353 0
-28.9536 -1.20402 -30.0178 -0.032408 -0.001348 -0.999474 0
-28.2311 -10.9968 -29.926 -0.099043 -0.03858 -0.994335 0
-29.576 -0.628614 -29.9879 -0.066254 -0.001408 -0.997802 0
4.14714 -19.6488 -27.9713 -0.096208 0.455827 -0.884853 0
5.30376 19.3182 -27.9456 -0.124061 -0.451873 -0.883414 0
7.66925 18.56 -27.9716 -0.177903 -0.430535 -0.884867 0
8.76928 -18.1009 -27.9879 -0.202345 0.417666 -0.885783 0
9.87745 -17.5521 -28.0021 -0.22686 0.403127 -0.88658 0
10.9508 -16.914 -28.0069 -0.251124 0.387871 -0.886844 0
10.9518 16.9136 -28.007 -0.251137 -0.387849 -0.88685 0
11.9845 -16.2107 -28.0122 -0.274349 0.371097 -0.887141 0
12.9806 15.4443 -28.02 -0.29639 -0.352645 -0.887578 0
13.9273 14.6127 -28.0262 -0.31736 -0.332977 -0.887924 0
14.8275 13.7172 -28.0327 -0.337134 -0.31189 -0.888294 0
16.4732 -11.7585 -28.0533 -0.371997 0.26553 -0.889445 0
16.6281 11.6724 -28.0925 -0.370564 -0.260124 -0.891638 0
19.5367 -2.05009 -27.733 -0.48771 0.051178 -0.871504 0
19.9989 2.45485 -28.0066 -0.458659 -0.0563 -0.886827 0
17.3706 -10.5908 -28.107 -0.385193 0.23485 -0.892453 0
19.7408 1.38275 -27.8138 -0.481075 -0.033697 -0.876031 0
19.002 -8.77344 -28.3895 -0.379845 0.175379 -0.908273 0
18.7524 -6.05567 -27.7677 -0.463356 0.149631 -0.873448 0
20.0125 -7.70051 -28.6162 -0.36364 0.139924 -0.920971 0
-24.1297 9.94176 -29.8782 0.119209 -0.049116 -0.991654 0
-27.2612 0.768194 -29.9916 0.063121 -0.001779 -0.998004 0
-31.0105 15.4432 -28.8999 -0.313028 0.155888 -0.936863 0
-27.6928 11.5826 -29.9537 -0.083606 0.034969 -0.995885 0
-27.6928 -11.5826 -29.9537 -0.083606 -0.034969 -0.995885 0
-27.6855 -4.84798 -30.0248 0.016149 0.002828 -0.999866 0
-34.7646 6.77321 -28.5897 -0.385861 0.075177 -0.919489 0
29.2639 -22.7768 -27.7732 0.38381 -0.298729 -0.873757 0
31.9834 18.9999 -27.7069 0.423832 0.25178 -0.870042 0
33.1149 -16.9622 -27.704 0.43902 -0.224876 -0.869881 0
34.9706 12.7024 -27.7041 0.463612 0.168398 -0.869889 0
34.971 -12.7033 -27.7037 0.463647 -0.168421 -0.869866 0
35.6938 -10.4956 -27.7048 0.473149 -0.139127 -0.869927 0
36.2784 8.24381 -27.7057 0.480833 0.109263 -0.869978 0
36.2764 -8.24658 -27.7065 0.48075 -0.109287 -0.870021 0
36.7195 5.95944 -27.7076 0.486537 0.078963 -0.870084 0
36.714 -5.96256 -27.7104 0.486256 -0.078971 -0.870241 0
-29.1543 10.3587 -29.8455 -0.134076 0.047638 -0.989825 0
-27.1038 8.53624 -30.0272 -0.000895 0.000282 -1 0
-27.1038 -8.53624 -30.0272 -0.000895 -0.000282 -1 0
-27.9945 -14.0447 -29.7867 -0.146208 -0.073352 -0.986531 0
-32.4896 10.9058 -29.0341 -0.311768 0.104651 -0.944378 0
-32.5291 16.2597 -28.1511 -0.399137 0.199509 -0.894922 0
-32.5291 -16.2597 -28.1511 -0.399137 -0.199509 -0.894922 0
-19.3213 4.2001 -27.8047 0.472158 -0.102639 -0.875518 0
22.4385 -2.51377 -29.0518 -0.32398 0.036295 -0.945368 0
22.8992 2.16733 -29.1916 -0.300989 -0.028488 -0.953202 0
22.6104 -3.90253 -29.1735 -0.301062 0.051963 -0.952188 0
22.4402 -5.3261 -29.2112 -0.290778 0.069015 -0.954298 0
22.0306 -6.7235 -29.2018 -0.287439 0.087723 -0.953773 0
21.2001 -9.39726 -29.2501 -0.26677 0.11825 -0.956478 0
-24.06 -10.6156 -29.9031 0.107696 0.047517 -0.993048 0
-24.06 10.6156 -29.9031 0.107696 -0.047517 -0.993048 0
-24.135 22.9805 -29.3342 -0.199818 0.190259 -0.961184 0
-24.135 -22.9805 -29.3342 -0.199818 -0.190259 -0.961184 0
-17.8817 -11.2076 -28.4685 0.346243 0.217012 -0.9127 0
-20.3896 11.1301 -29.2623 0.254158 -0.138737 -0.95716 0
26.3736 -1.29808 -29.9155 -0.111542 0.00549 -0.993745 0
-22.4184 18.9614 -30.0012 -0.041157 0.034811 -0.998546 0
-8.64365 33.9983 -28.7303 -0.0921929 0.362626 -0.927363 0
-8.64365 -33.9983 -28.7303 -0.0921929 -0.362626 -0.927363 0
-6.45376 34.642 -28.6656 -0.070149 0.376543 -0.923739 0
-6.45376 -34.642 -28.6656 -0.070149 -0.376543 -0.923739 0
-1.94158 35.0102 -28.7367 -0.020669 0.3727 -0.927722 0
0.268075 35.0466 -28.7433 0.002848 0.372343 -0.928091 0
2.47387 -34.9507 -28.7471 0.026253 -0.370897 -0.928303 0
4.66765 34.7189 -28.7498 0.049491 0.368127 -0.928457 0
6.83951 34.3575 -28.7497 0.072524 0.364314 -0.928448 0
6.83951 -34.3575 -28.7497 0.072524 -0.364314 -0.928448 0
8.96694 -33.8526 -28.7543 0.094947 -0.358451 -0.928708 0
11.0322 -33.1731 -28.7784 0.115945 -0.34864 -0.930057 0
13.0158 32.2149 -28.8616 0.133136 0.32952 -0.934715 0
14.8609 31.5448 -28.8134 0.154451 0.32785 -0.932019 0
16.8494 -30.7296 -28.744 0.178974 -0.326408 -0.928131 0
18.7863 29.2653 -28.8496 0.192937 0.300557 -0.934045 0
18.7863 -29.2653 -28.8496 0.192936 -0.300557 -0.934046 0
20.5111 28.2523 -28.7968 0.214318 0.295206 -0.931086 0
20.511 -28.2524 -28.7968 0.214318 -0.295206 -0.931086 0
24.1551 -25.5287 -28.7038 0.259673 -0.27444 -0.925879 0
26.9915 22.421 -28.7266 0.288212 0.239408 -0.927156 0
26.9911 -22.4213 -28.7267 0.288203 -0.239409 -0.927158 0
-21.2401 -12.2933 -29.6053 0.187033 0.108251 -0.976371 0
2.9407 22.9385 -29.2307 -0.037556 -0.292953 -0.955389 0
-0.50037 23.5384 -29.3542 0.00578 -0.271902 -0.962308 0
-1.73385 -23.5296 -29.3682 0.019782 0.268454 -0.963089 0
-4.63837 23.2777 -29.4072 0.051051 -0.256197 -0.965276 0
-6.30623 -22.982 -29.433 0.067701 0.246726 -0.966718 0
-7.55755 -22.5121 -29.4103 0.082934 0.24704 -0.96545 0
-7.55755 22.5121 -29.4103 0.082934 -0.24704 -0.96545 0
-9.12363 -21.9614 -29.4196 0.099236 0.238871 -0.965967 0
-10.2908 -21.3573 -29.3996 0.114078 0.236755 -0.964849 0
-11.7817 20.6203 -29.4108 0.129224 -0.226167 -0.965479 0
-12.8657 -19.8628 -29.3882 0.144143 0.222536 -0.96421 0
-14.2525 18.9009 -29.39 0.159407 -0.211398 -0.964313 0
-15.1886 17.9176 -29.3386 0.177842 -0.209796 -0.961435 0
-18.5405 15.2301 -29.4751 0.190668 -0.156624 -0.969079 0
-32.1024 -0.922662 -29.6362 -0.208053 -0.00598 -0.978099 0
26.649 -2.87872 -29.9558 -0.088844 0.009597 -0.995999 0
-27.6742 17.0689 -29.5465 -0.196177 0.120998 -0.973075 0
4.11779 -25.7058 -29.8697 -0.02096 0.130843 -0.991182 0
4.11779 25.7058 -29.8697 -0.02096 -0.130843 -0.991182 0
-17.4828 -10.0327 -28.0107 0.400407 0.229777 -0.887061 0
-22.0905 11.9187 -29.7198 0.162603 -0.087731 -0.982784 0
-17.5236 19.7429 -29.9147 0.07441 -0.083833 -0.993698 0
-14.7491 -21.7622 -29.9021 0.066306 0.097834 -0.992991 0
-14.7491 21.7622 -29.9021 0.066306 -0.097834 -0.992991 0
-11.8949 -23.4759 -29.9054 0.052707 0.104023 -0.993177 0
-11.8949 23.4759 -29.9054 0.052707 -0.104023 -0.993177 0
2.56584 -25.9066 -29.8697 -0.013061 0.131877 -0.99118 0
-7.25659 34.9086 -28.4866 -0.082704 0.397858 -0.913712 0
-9.09319 30.8562 -29.6249 -0.059668 0.202474 -0.977468 0
-9.09319 -30.8562 -29.6249 -0.059668 -0.202474 -0.977468 0
-6.99064 31.5076 -29.6018 -0.047002 0.211844 -0.976173 0
-6.99064 -31.5076 -29.6018 -0.047002 -0.211844 -0.976173 0
25.1748 -5.08005 -29.8192 -0.149181 0.030103 -0.988352 0
25.3993 5.05774 -29.8511 -0.13741 -0.027362 -0.990136 0
24.9528 -6.74701 -29.8441 -0.137904 0.037288 -0.989743 0
24.5197 -8.36778 -29.8525 -0.132055 0.045066 -0.990217 0
24.6546 8.40767 -29.8718 -0.124614 -0.042496 -0.991295 0
24.2102 9.92669 -29.887 -0.115728 -0.047451 -0.992147 0
23.0129 12.5799 -29.8945 -0.106774 -0.058368 -0.992569 0
18.9337 -17.9291 -29.8753 -0.094507 0.089492 -0.991494 0
18.9474 17.9179 -29.8756 -0.094478 -0.089344 -0.99151 0
17.8745 -18.9682 -29.8737 -0.089741 0.095232 -0.991402 0
17.8832 18.9618 -29.8739 -0.089729 -0.095141 -0.991412 0
11.0298 23.3544 -29.841 -0.061507 -0.130234 -0.989574 0
-2.96367 32.0062 -29.6303 -0.019333 0.208786 -0.97777 0
-2.96367 -32.0062 -29.6303 -0.019333 -0.208786 -0.97777 0
9.48121 23.8705 -29.8196 -0.056133 -0.141323 -0.988371 0
8.02612 -24.3723 -29.8157 -0.047996 0.145746 -0.988157 0
8.02616 24.3723 -29.8157 -0.047996 -0.145746 -0.988157 0
-0.909069 32.1068 -29.6353 -0.005897 0.208281 -0.978051 0
6.55805 24.6995 -29.7992 -0.04088 -0.153965 -0.98723 0
4.99085 24.742 -29.7455 -0.034986 -0.173443 -0.984222 0
1.14536 32.1009 -29.635 0.007433 0.208324 -0.978032 0
1.14536 -32.1009 -29.635 0.007433 -0.208324 -0.978032 0
3.16284 31.9422 -29.6398 0.020414 0.206163 -0.978305 0
3.16284 -31.9422 -29.6398 0.020414 -0.206163 -0.978305 0
5.20798 -31.6614 -29.6423 0.033521 -0.203787 -0.978441 0
7.20824 31.3307 -29.629 0.047089 0.204674 -0.977697 0
7.20824 -31.3307 -29.629 0.047089 -0.204674 -0.977697 0
9.1146 30.8388 -29.6272 0.059659 0.201855 -0.977597 0
9.1146 -30.8388 -29.6272 0.059659 -0.201855 -0.977597 0
-22.8317 -14.9124 -29.9914 0.052953 0.034586 -0.997998 0
-22.8317 14.9124 -29.9914 0.052953 -0.034586 -0.997998 0
10.9188 30.2128 -29.6341 0.070925 0.196253 -0.977985 0
12.5675 -29.5591 -29.6353 0.081529 -0.191758 -0.97805 0
14.4213 -28.8095 -29.6142 0.095719 -0.191219 -0.976869 0
16.307 27.7588 -29.6193 0.107656 0.183259 -0.977152 0
16.3069 -27.7589 -29.6193 0.107655 -0.183259 -0.977152 0
17.8078 -26.7066 -29.6397 0.114959 -0.172406 -0.978295 0
19.597 -25.5916 -29.6108 0.130543 -0.170476 -0.976676 0
21.4512 -24.2567 -29.5775 0.147737 -0.167059 -0.974815 0
22.9078 -22.8872 -29.5774 0.157794 -0.157652 -0.974806 0
-19.4593 5.20562 -28.0038 0.446695 -0.119497 -0.88667 0
26.7745 18.6244 -29.5224 0.193827 0.134826 -0.971727 0
26.7719 -18.6258 -29.5227 0.193755 -0.1348 -0.971745 0
27.924 16.9468 -29.5104 0.204194 0.123924 -0.971055 0
28.9499 15.191 -29.5032 0.212961 0.111748 -0.970649 0
28.9504 -15.1898 -29.5032 0.212962 -0.111737 -0.97065 0
29.8346 13.3772 -29.5024 0.219601 0.098465 -0.970608 0
30.5849 11.5035 -29.5073 0.224226 0.084335 -0.970881 0
30.5952 -11.5066 -29.5046 0.224794 -0.084543 -0.970732 0
31.2253 -9.58589 -29.5105 0.22831 -0.070089 -0.971062 0
31.7377 7.60069 -29.5175 0.230713 0.055252 -0.971452 0
32.3783 -3.74516 -29.5275 0.233383 -0.026995 -0.97201 0
-11.3345 33.4153 -28.646 -0.123885 0.365226 -0.922639 0
-13.7816 32.6447 -28.5827 -0.15325 0.363005 -0.919098 0
-13.7816 -32.6447 -28.5827 -0.15325 -0.363005 -0.919098 0
-24.934 25.6094 -28.4472 -0.286914 0.294687 -0.911504 0
-30.1579 -3.77957 -29.9155 -0.110836 -0.013891 -0.993742 0
-30.1579 3.77957 -29.9155 -0.110836 0.013891 -0.993742 0
21.2788 11.6907 -29.5452 -0.202277 -0.111132 -0.973002 0
15.3728 -18.4016 -29.4711 -0.158769 0.19005 -0.968852 0
11.6533 -20.8145 -29.4391 -0.124352 0.22211 -0.967059 0
10.1998 21.4278 -29.4062 -0.112369 -0.236066 -0.965218 0
8.68932 21.9096 -29.3616 -0.099726 -0.251452 -0.962718 0
5.45339 -22.7201 -29.3028 -0.065807 0.274167 -0.959428 0
5.45341 22.7201 -29.3028 -0.065807 -0.274166 -0.959428 0
-20.6673 12.7879 -29.5511 0.195078 -0.120705 -0.973332 0
30.2607 6.64604 -29.8394 0.141271 0.031027 -0.989485 0
29.8118 8.53733 -29.8353 0.140573 0.040256 -0.989252 0
29.8328 -8.55915 -29.8314 0.141964 -0.04073 -0.989034 0
29.2671 10.3966 -29.828 0.140357 0.04986 -0.988845 0
28.6195 12.1914 -29.8206 0.139567 0.059453 -0.988426 0
28.6294 -12.1851 -29.8195 0.139925 -0.059554 -0.98837 0
27.8377 13.915 -29.8184 0.136386 0.068174 -0.988307 0
27.8375 -13.9104 -29.8188 0.136279 -0.068099 -0.988327 0
26.9018 -15.5806 -29.8236 0.130306 -0.075469 -0.988597 0
25.8368 17.2079 -29.8304 0.12322 0.082067 -0.98898 0
25.8309 -17.2105 -29.831 0.123045 -0.081982 -0.989009 0
-10.3052 -29.0743 -29.8587 -0.045788 -0.129184 -0.990563 0
32.1131 -0.06586 -29.6367 0.208 -0.000427 -0.978129 0
-34.3587 5.99405 -28.8105 -0.357435 0.062356 -0.931854 0
17.6905 25.2774 -29.8578 0.078788 0.112579 -0.990514 0
17.6901 -25.2776 -29.8578 0.078786 -0.112578 -0.990514 0
16.0394 26.2722 -29.8676 0.069515 0.113863 -0.991062 0
16.0393 -26.2723 -29.8676 0.069514 -0.113863 -0.991062 0
-26.9536 4.58568 -29.9958 0.058447 -0.009944 -0.998241 0
-22.9194 21.9848 -29.7083 -0.13579 0.130252 -0.982138 0
-22.9194 -21.9848 -29.7083 -0.13579 -0.130252 -0.982138 0
25.2441 0.874644 -29.7489 -0.175774 -0.00609 -0.984412 0
25.7055 1.58897 -29.8302 -0.147854 -0.00914 -0.988967 0
-27.0792 -20.2924 -29.1785 -0.243793 -0.182691 -0.952465 0
-25.0407 22.0739 -29.3182 -0.209298 0.184501 -0.960288 0
-26.1303 -0.765347 -29.8838 0.126411 0.003703 -0.991971 0
-26.1303 0.765347 -29.8838 0.126411 -0.003703 -0.991971 0
-17.8334 -8.84194 -27.8771 0.426248 0.211337 -0.879573 0
-18.0061 29.6743 -28.8748 -0.183354 0.30217 -0.935454 0
-23.1129 -25.6312 -28.9478 -0.229315 -0.2543 -0.939546 0
-16.3101 30.6825 -28.8603 -0.166904 0.313978 -0.934645 0
18.6927 -7.27148 -27.9584 -0.435454 0.169392 -0.88413 0
16.3015 22.1372 -30.0041 -0.030147 -0.040939 -0.998707 0
-23.4674 24.7426 -29.0922 -0.219778 0.23172 -0.947631 0
-23.4674 -24.7426 -29.0922 -0.219778 -0.23172 -0.947631 0
22.309 16.2452 -30.0092 -0.036328 -0.026454 -0.99899 0
22.2893 -16.2598 -30.0088 -0.036641 0.026729 -0.998971 0
23.3893 14.7465 -30.0115 -0.035513 -0.02239 -0.999118 0
-30.757 0.700169 -29.8698 -0.132454 0.003015 -0.991185 0
-20.8892 15.3554 -29.855 0.111632 -0.082059 -0.990356 0
11.6143 24.7571 -29.9961 -0.025058 -0.053414 -0.998258 0
26.5614 7.10847 -30.0043 -0.048876 -0.01308 -0.998719 0
13.2582 24.0234 -30.0013 -0.025991 -0.047095 -0.998552 0
-16.6811 10.9908 -27.9154 0.393944 -0.259561 -0.881723 0
14.7963 -23.1828 -30.0046 -0.027036 0.04236 -0.998737 0
14.7971 23.1824 -30.0046 -0.027035 -0.042355 -0.998737 0
24.8097 -2.39062 -29.6858 -0.193727 0.018667 -0.980878 0
-5.83212 -19.1198 -27.9225 0.137428 0.450538 -0.882116 0
-5.83212 19.1198 -27.9225 0.137428 -0.450538 -0.882116 0
-4.63717 19.4465 -27.9237 0.109229 -0.458063 -0.882183 0
26.5261 -7.12017 -30.0027 -0.050547 0.013568 -0.99863 0
-7.00931 -18.7201 -27.9224 0.165172 0.441133 -0.882111 0
-7.00931 18.7201 -27.9224 0.165172 -0.441133 -0.882111 0
26.1602 -4.40857 -29.9289 -0.103304 0.017409 -0.994497 0
-8.15889 -18.2451 -27.9207 0.192361 0.430162 -0.882019 0
-8.15889 18.2451 -27.9207 0.192361 -0.430162 -0.882019 0
-3.4371 -19.6952 -27.9242 0.080946 0.463835 -0.882216 0
-3.4371 19.6952 -27.9242 0.080946 -0.463835 -0.882216 0
17.9872 8.55349 -27.8837 -0.429033 -0.204018 -0.879947 0
-15.8897 -12.1466 -27.9283 0.373727 0.285689 -0.882445 0
-15.8897 12.1466 -27.9283 0.373727 -0.285689 -0.882445 0
-2.25545 -19.8778 -27.9309 0.053006 0.467149 -0.882588 0
-22.4251 25.6268 -29.1084 -0.208528 0.238299 -0.948541 0
-10.3441 -17.081 -27.9115 0.244593 0.403891 -0.881502 0
-9.27414 -17.6994 -27.9184 0.218816 0.417602 -0.881889 0
0.601732 -19.8014 -27.8256 -0.014612 0.480831 -0.876691 0
-11.3588 16.4075 -27.9044 0.26919 -0.388838 -0.881103 0
-16.2485 11.5514 -27.8939 0.38634 -0.274657 -0.880514 0
4.49027 -22.8275 -29.273 -0.055505 0.282174 -0.957756 0
21.1269 -2.90928 -28.5664 -0.392458 0.054043 -0.918181 0
-12.302 -15.6982 -27.8982 0.292105 0.372748 -0.880757 0
-1.12984 -20.051 -27.9719 0.026206 0.46507 -0.884886 0
-18.0874 -7.93632 -27.7933 0.443524 0.194608 -0.87488 0
-18.0874 7.93632 -27.7933 0.443524 -0.194608 -0.87488 0
-13.2411 -15.0177 -27.9395 0.310332 0.35197 -0.883069 0
19.5957 11.1148 -29.0343 -0.28602 -0.162233 -0.94439 0
-14.61 11.2927 -22.2853 0.704755 -0.544734 0.454517 0
-15.0339 9.80983 -24.5102 0.837351 -0.546382 -0.017618 0
-15.0339 -9.80983 -24.5102 0.837351 0.546382 -0.017618 0
-15.845 -8.47613 -24.8503 0.878203 0.469785 -0.089786 0
-18.7327 -6.38957 -20.6901 0.576546 0.196655 0.793046 0
-18.7327 6.38957 -20.6901 0.576546 -0.196655 0.793046 0
-16.7442 6.91222 -25.6602 0.892134 -0.368285 -0.261655 0
-16.7442 -6.91222 -25.6602 0.892134 0.368285 -0.261655 0
-17.5028 -4.81507 -25.7934 0.922768 0.253856 -0.289923 0
-1.00315 18.0556 -23.3164 0.053911 -0.970327 0.235709 0
7.22981 16.5959 -23.2412 -0.386529 -0.887272 0.251682 0
7.22982 -16.596 -23.241 -0.386525 0.887264 0.251717 0
16.0384 8.35509 -23.3134 -0.861749 -0.448923 0.236341 0
16.0473 -8.36436 -23.2643 -0.859346 0.447918 0.246767 0
17.7421 3.53652 -23.2851 -0.951471 -0.189656 0.242348 0
11.4281 14.1154 -23.033 -0.601072 -0.742414 0.295861 0
11.4283 -14.1159 -23.0312 -0.600993 0.742326 0.296244 0
0.11098 -18.1246 -23.1573 -0.005897 0.962991 0.269468 0
-11.9182 13.4859 -23.7637 0.655616 -0.741854 0.140786 0
-11.9182 -13.4859 -23.7637 0.655616 0.741854 0.140786 0
15.4718 9.42888 -23.1806 -0.823503 -0.501862 0.264531 0
17.9682 -2.69106 -23.0106 -0.943227 0.141265 0.300612 0
-6.91554 -16.7749 -23.0894 0.365457 0.886484 0.283878 0
1.07744 18.1296 -23.0331 -0.05667 -0.953559 0.295827 0
1.07744 -18.1296 -23.0331 -0.05667 0.953559 0.295828 0
-10.8809 14.728 -22.6189 0.548723 -0.742734 0.383732 0
14.8743 -10.4402 -22.9981 -0.77996 0.54745 0.30325 0
3.94006 17.8047 -22.8138 -0.203008 -0.917371 0.342372 0
14.5075 -11.9783 -21.7092 -0.629929 0.52011 0.57678 0
-9.40384 -16.0855 -21.9853 0.431652 0.738353 0.518181 0
3.72086 -18.4143 -21.7479 -0.162932 0.80634 0.568568 0
2.86879 -18.106 -22.5704 -0.143832 0.907776 0.394025 0
-8.56541 16.1144 -22.7761 0.439602 -0.827037 0.350371 0
-8.56541 -16.1144 -22.7761 0.439602 0.827037 0.350371 0
13.6366 12.2891 -22.5129 -0.678801 -0.611725 0.406227 0
13.6383 -12.2912 -22.5069 -0.678363 0.611362 0.407504 0
18.3322 -0.887941 -22.5204 -0.913408 0.044242 0.404633 0
-10.1324 15.0531 -23.086 0.535304 -0.795266 0.284607 0
-11.2082 14.1695 -23.3886 0.60513 -0.765011 0.220399 0
10.4367 14.8865 -22.9732 -0.546047 -0.778863 0.308554 0
17.4609 4.78194 -23.2353 -0.933123 -0.25555 0.252933 0
17.501 -4.85923 -23.0282 -0.920107 0.255471 0.296879 0
-2.35648 -17.9278 -23.3222 0.126688 0.963832 0.234473 0
-3.76536 17.7048 -23.2473 0.201397 -0.946971 0.250371 0
9.42877 -15.4097 -23.3932 -0.509203 0.832207 0.219415 0
17.0523 5.82236 -23.6281 -0.93265 -0.318446 0.169574 0
17.0742 -5.84756 -23.4755 -0.926561 0.317329 0.201958 0
-17.9469 4.05666 -26.4347 0.882456 -0.199467 -0.42601 0
-17.9469 -4.05666 -26.4347 0.882456 0.199467 -0.42601 0
-18.3521 3.13261 -26.8439 0.846239 -0.144449 -0.512849 0
-18.3521 -3.13261 -26.8439 0.846239 0.144449 -0.512849 0
-19.7615 -2.71303 -20.5764 0.571038 0.078397 0.817172 0
-19.7615 2.71303 -20.5764 0.571038 -0.078397 0.817172 0
-19.9153 -1.38687 -20.5647 0.571474 0.039797 0.819655 0
-20.237 -0.640947 -20.3812 0.512413 0.016229 0.858586 0
-20.237 0.640947 -20.3812 0.512413 -0.016229 0.858586 0
-16.376 -7.91133 -22.9538 0.855288 0.413194 0.312655 0
-16.376 7.91133 -22.9538 0.855288 -0.413194 0.312655 0
-17.6129 -6.05077 -22.0008 0.81075 0.278526 0.514886 0
-17.6129 6.05077 -22.0008 0.81075 -0.278526 0.514886 0
-17.283 -4.90627 -24.0478 0.958867 0.272201 0.080499 0
-16.294 -9.87392 -21.3991 0.655293 0.397097 0.642576 0
-18.7016 -7.37985 -20.4695 0.504932 0.199252 0.839847 0
-18.7016 7.37985 -20.4695 0.504932 -0.199252 0.839847 0
-14.9718 12.4809 -20.9415 0.516907 -0.430909 0.739679 0
-18.8205 -4.30114 -21.1204 0.694539 0.158727 0.701727 0
-18.8205 4.30114 -21.1204 0.694539 -0.158727 0.701727 0
-13.1936 -13.4815 -21.64 0.56398 0.576289 0.591454 0
-13.1936 13.4815 -21.64 0.56398 -0.576289 0.591454 0
-17.6683 -9.22322 -20.5877 0.513982 0.268309 0.814759 0
-17.6683 9.22322 -20.5877 0.513982 -0.268309 0.814759 0
-13.6129 -11.7014 -24.4695 0.75831 0.651832 -0.008974 0
-13.5985 -11.9801 -25.6898 0.722908 0.636877 -0.267941 0
-14.0517 -13.0338 -21.2686 0.544093 0.50468 0.670269 0
-19.5493 3.92962 -20.581 0.566444 -0.113861 0.816197 0
-15.4347 9.73489 -26.0752 0.792409 -0.499785 -0.349718 0
-15.4347 -9.73489 -26.0752 0.792409 0.499785 -0.349718 0
13.4389 -11.9009 -24.4753 -0.748608 0.662934 -0.010221 0
2.96602 17.7166 -24.7701 -0.164679 -0.983659 -0.072767 0
-16.0819 -9.12064 -26.6129 0.770619 0.437046 -0.463828 0
-13.2968 -12.5138 -22.7499 0.680534 0.640461 0.355927 0
-13.2968 12.5138 -22.7499 0.680534 -0.640461 0.355927 0
-11.5788 -14.642 -21.9295 0.525987 0.665142 0.530022 0
-11.5788 14.642 -21.9295 0.525987 -0.665142 0.530022 0
2.57117 17.9525 -25.7348 -0.136206 -0.951021 -0.2775 0
2.57117 -17.9525 -25.7348 -0.136206 0.951022 -0.277499 0
13.479 -12.0218 -25.4418 -0.728791 0.649999 -0.215324 0
-10.1893 -16.0219 -21.4782 0.418565 0.658159 0.625803 0
14.5666 10.6069 -25.2282 -0.796627 -0.580077 -0.169988 0
4.7177 17.3974 -25.2648 -0.257553 -0.949776 -0.177743 0
4.7177 -17.3974 -25.2647 -0.257554 0.949777 -0.177737 0
-7.31049 16.4509 -25.1214 0.401661 -0.903862 -0.147316 0
-7.31049 -16.4509 -25.1214 0.401661 0.903862 -0.147316 0
15.9628 -10.6582 -21.2378 -0.612224 0.408776 0.67682 0
15.9565 10.6522 -21.2471 -0.61377 -0.40974 0.674832 0
5.67943 -18.3132 -21.2601 -0.219337 0.707247 0.672081 0
5.67942 18.3131 -21.2601 -0.219339 -0.707251 0.672076 0
0.581114 -19.2403 -21.1789 -0.021871 0.724136 0.68931 0
0.581114 19.2403 -21.1789 -0.021871 -0.724137 0.68931 0
15.207 9.70661 -25.3447 -0.826791 -0.527739 -0.1947 0
12.5763 -14.6155 -21.1452 -0.468044 0.543933 0.696471 0
12.5758 14.6147 -21.1462 -0.468182 -0.544088 0.696257 0
0.514621 -18.0257 -25.3045 -0.028039 0.982118 -0.186169 0
-6.35072 16.8764 -25.2975 0.346138 -0.919824 -0.184693 0
-6.35072 -16.8764 -25.2975 0.346138 0.919824 -0.184693 0
11.9756 13.5334 -25.4862 -0.645739 -0.729735 -0.224741 0
11.9753 -13.5331 -25.4844 -0.645795 0.729806 -0.224348 0
16.4936 -9.66213 -21.3255 -0.649585 0.380533 0.658205 0
17.8388 -2.89723 -25.4919 -0.961543 0.156166 -0.225936 0
6.75026 -17.8596 -21.3516 -0.267869 0.708718 0.65266 0
-6.09626 -18.138 -21.303 0.238512 0.709639 0.662967 0
-6.09626 18.138 -21.303 0.238512 -0.709639 0.662967 0
11.7089 15.1281 -21.3088 -0.458889 -0.592889 0.661743 0
-0.61098 18.0503 -25.4394 0.03304 -0.976097 -0.21481 0
-0.61098 -18.0503 -25.4394 0.03304 0.976097 -0.21481 0
-5.35401 17.2555 -25.4678 0.289026 -0.931503 -0.220829 0
-5.35401 -17.2555 -25.4678 0.289026 0.931503 -0.220829 0
18.6219 -4.27359 -21.3362 -0.735702 0.168838 0.655924 0
11.0425 -14.2413 -25.2377 -0.603631 0.77849 -0.171996 0
17.0014 -8.65527 -21.369 -0.67801 0.345169 0.648969 0
16.9853 8.64106 -21.3936 -0.682046 -0.346983 0.643752 0
17.5742 4.28235 -25.5582 -0.943172 -0.229826 -0.240014 0
17.5673 -4.02274 -25.2443 -0.960003 0.219831 -0.173401 0
-1.5089 18.8998 -21.5128 0.062539 -0.783333 0.618448 0
-5.08667 18.4043 -21.3498 0.201747 -0.729948 0.65305 0
-1.67303 -18.023 -25.6061 0.089491 0.964054 -0.250184 0
11.0773 -15.8476 -21.0906 -0.404566 0.578791 0.708045 0
11.077 15.8473 -21.091 -0.404617 -0.578862 0.707958 0
10.2302 -14.9402 -25.6313 -0.546226 0.797712 -0.255526 0
18.5768 -5.22203 -21.1294 -0.687671 0.193307 0.699815 0
18.5192 5.15053 -21.2075 -0.703497 -0.195656 0.683235 0
17.3933 5.18319 -25.7805 -0.917983 -0.273559 -0.28718 0
17.3737 -5.09283 -25.6224 -0.928241 0.2721 -0.253635 0
16.7439 7.06485 -25.8587 -0.8778 -0.370374 -0.303793 0
8.85994 -17.1325 -21.1386 -0.329002 0.636194 0.697865 0
8.85989 17.1324 -21.1387 -0.329013 -0.636215 0.69784 0
8.29569 16.0565 -25.4937 -0.447101 -0.865376 -0.22633 0
-4.12633 -18.6518 -21.3399 0.163196 0.737675 0.655136 0
10.3267 -16.1664 -21.2496 -0.397528 0.622326 0.674301 0
10.3266 16.1661 -21.25 -0.397563 -0.622379 0.674232 0
18.1785 -5.92564 -21.3202 -0.714846 0.233018 0.659317 0
18.1316 5.87433 -21.3906 -0.727472 -0.235688 0.644388 0
17.8102 -6.77381 -21.3961 -0.715669 0.272193 0.643217 0
9.52577 16.6309 -21.2687 -0.368858 -0.643984 0.670245 0
7.059 16.675 -25.6332 -0.376853 -0.890214 -0.25593 0
5.80898 17.0923 -25.4015 -0.31483 -0.926356 -0.206754 0
5.80897 -17.0923 -25.4014 -0.314831 0.926358 -0.206741 0
-11.0882 14.1196 -24.2779 0.617315 -0.786079 0.031668 0
-11.0882 -14.1196 -24.2779 0.617315 0.786079 0.031668 0
12.7565 -12.7062 -25.1403 -0.700341 0.69758 -0.151343 0
-8.27855 15.9821 -25.0998 0.455238 -0.878854 -0.142738 0
1.74699 17.9252 -25.1733 -0.095777 -0.982729 -0.158336 0
13.9553 11.3998 -25.2303 -0.763122 -0.623375 -0.170436 0
13.954 -11.3992 -25.2224 -0.763333 0.623574 -0.168757 0
-11.0283 15.4144 -21.5213 0.458066 -0.640248 0.61665 0
13.8583 -12.9576 -21.497 -0.572068 0.534889 0.621797 0
-8.56777 -16.7752 -21.6769 0.369344 0.723154 0.583638 0
-8.56777 16.7752 -21.6769 0.369344 -0.723154 0.583638 0
2.5961 -18.7668 -21.5313 -0.108102 0.78145 0.614532 0
2.5961 18.7667 -21.5313 -0.108102 -0.781451 0.614531 0
15.4436 -11.6445 -21.0843 -0.562771 0.42433 0.709389 0
15.4398 11.6407 -21.0896 -0.563691 -0.424989 0.708263 0
4.63803 -18.7562 -21.1047 -0.170234 0.688427 0.705046 0
4.63803 18.7562 -21.1048 -0.170234 -0.688429 0.705043 0
1.4774 -19.0247 -21.3641 -0.058836 0.757642 0.650014 0
-7.66815 -17.4218 -21.4203 0.310179 0.704717 0.638093 0
-7.66815 17.4218 -21.4203 0.310179 -0.704717 0.638093 0
13.1481 -13.8688 -21.3309 -0.518642 0.547074 0.657054 0
13.1471 13.8676 -21.3327 -0.518877 -0.547311 0.656672 0
18.9478 -2.40631 -21.3432 -0.750085 0.095258 0.654445 0
19.0875 1.84291 -21.2572 -0.73649 -0.071108 0.672701 0
16.9985 -6.10533 -25.4439 -0.918967 0.330065 -0.21577 0
-11.5706 -13.7367 -24.7306 0.642891 0.763247 -0.064382 0
-11.8052 13.6895 -25.5096 0.635602 -0.737051 -0.229709 0
-11.8052 -13.6895 -25.5096 0.635602 0.737051 -0.229709 0
-12.4566 13.0702 -25.4153 0.674572 -0.7078 -0.209693 0
-12.4566 -13.0702 -25.4153 0.674572 0.7078 -0.209693 0
3.54412 -19.3559 -20.781 -0.1141 0.623145 0.773739 0
3.54412 19.3559 -20.781 -0.1141 -0.623146 0.773738 0
14.9823 -12.7835 -20.767 -0.479147 0.408828 0.77671 0
14.9805 12.7815 -20.7692 -0.47959 -0.409192 0.776245 0
-18.449 -2.02388 -26.7443 0.865567 0.094954 -0.491709 0
-18.449 2.02388 -26.7443 0.865567 -0.094954 -0.491709 0
-14.8157 -10.2287 -23.7224 0.813673 0.561755 0.149561 0
-14.8157 10.2287 -23.7224 0.813673 -0.561755 0.149561 0
-18.0566 4.75847 -26.9345 0.818736 -0.215762 -0.532088 0
-17.0393 7.17275 -26.6114 0.816677 -0.343783 -0.463521 0
-18.262 -4.02435 -26.9771 0.821249 0.180977 -0.541108 0
-17.7027 5.27005 -26.5787 0.852705 -0.253848 -0.456568 0
-17.3537 -5.42387 -22.97 0.907688 0.283696 0.309223 0
-17.7746 -3.16177 -23.4474 0.963028 0.171304 0.207924 0
-17.7746 3.16177 -23.4474 0.963028 -0.171304 0.207924 0
-18.2532 -2.81286 -22.2792 0.879689 0.135562 0.455818 0
-18.2532 2.81286 -22.2792 0.879689 -0.135562 0.455818 0
-17.7619 -2.65481 -24.143 0.987214 0.147555 0.060304 0
-15.6613 -11.705 -20.8876 0.528797 0.395215 0.751118 0
-15.6613 11.705 -20.8876 0.528797 -0.395215 0.751118 0
-17.69 3.14951 -24.8332 0.980857 -0.174631 -0.086158 0
-18.6493 -2.42252 -21.7199 0.811679 0.105436 0.574509 0
-18.6493 2.42252 -21.7199 0.811679 -0.105436 0.574509 0
-17.3978 -8.29488 -21.1529 0.649165 0.309508 0.694831 0
-17.895 -2.44554 -25.4424 0.967524 0.132223 -0.21544 0
-15.2773 -9.95107 -22.8223 0.787832 0.513166 0.340561 0
-15.938 -8.31222 -23.945 0.882007 0.459996 0.102314 0
-16.2618 -7.78083 -25.2742 0.887367 0.424581 -0.17975 0
-15.9665 -10.8635 -21.1142 0.587962 0.400044 0.70304 0
-15.9665 10.8635 -21.1142 0.587962 -0.400044 0.70304 0
-16.409 11.4081 -20.5497 0.466603 -0.324398 0.822829 0
-14.1108 -11.2244 -25.2914 0.769329 0.611961 -0.183401 0
-16.9396 -10.279 -20.6733 0.516809 0.3136 0.796595 0
-15.4542 -9.25613 -23.6563 0.846339 0.506905 0.163577 0
-13.0049 -14.5454 -20.9238 0.445768 0.498569 0.743451 0
-13.0049 14.5454 -20.9238 0.445768 -0.498569 0.743451 0
-13.6602 -12.6868 -21.9686 0.625099 0.580554 0.521735 0
13.8883 -11.7782 -25.9695 -0.720658 0.611165 -0.327307 0
-9.38402 -15.3932 -25.2775 0.511979 0.83983 -0.18045 0
3.30489 17.8729 -25.8666 -0.173138 -0.93633 -0.305467 0
-17.2399 6.00611 -26.0964 0.883103 -0.307658 -0.354225 0
-17.2399 -6.00611 -26.0964 0.883103 0.307658 -0.354225 0
-15.9479 -9.45937 -22.1412 0.752106 0.446106 0.485105 0
-18.1554 1.70563 -26.0403 0.935461 -0.087883 -0.342329 0
-13.004 12.8416 -26.1476 0.662419 -0.654144 -0.3651 0
-13.004 -12.8416 -26.1476 0.662419 0.654144 -0.3651 0
-18.0892 -7.31518 -20.9229 0.619832 0.250657 0.743626 0
-13.9027 -11.6218 -23.1735 0.73959 0.618248 0.266039 0
-12.0303 -15.0026 -21.1987 0.455704 0.568293 0.685111 0
-12.0303 15.0026 -21.1987 0.455704 -0.568293 0.685111 0
-17.0635 5.69936 -25.0358 0.940547 -0.314152 -0.12915 0
-17.0635 -5.69936 -25.0358 0.940547 0.314152 -0.12915 0
-13.7021 13.8285 -20.964 0.477325 -0.48173 0.734913 0
-16.1977 -7.73971 -24.5327 0.90206 0.431029 -0.022406 0
-14.4893 -13.6602 -20.6003 0.424574 0.400279 0.812104 0
-14.2497 10.9886 -23.7855 0.784515 -0.604974 0.136174 0
-15.8865 8.72743 -25.7003 0.843857 -0.463583 -0.270178 0
-15.8865 -8.72743 -25.7003 0.843857 0.463583 -0.270178 0
-14.7769 10.4067 -25.4968 0.796255 -0.560763 -0.226987 0
-14.7769 -10.4067 -25.4968 0.796255 0.560763 -0.226987 0
-16.4301 7.98538 -26.1268 0.838862 -0.407706 -0.360675 0
-15.1555 -11.4837 -21.4443 0.61703 0.467538 0.632995 0
-16.6142 -8.91714 -21.6501 0.711846 0.382062 0.589326 0
-12.5888 13.3212 -22.5783 0.631771 -0.668527 0.392348 0
-12.5888 -13.3212 -22.5783 0.631771 0.668527 0.392348 0
-17.9677 -1.22598 -25.1692 0.985232 0.067225 -0.157474 0
-17.0507 7.00104 -22.3523 0.830556 -0.341028 0.440314 0
-16.3133 -8.63501 -22.3008 0.788724 0.41749 0.45124 0
-16.3133 8.63501 -22.3008 0.788724 -0.41749 0.45124 0
-14.3837 -12.1542 -21.6842 0.621083 0.524815 0.582087 0
-14.3837 12.1542 -21.6842 0.621083 -0.524815 0.582087 0
14.4085 11.2426 -26.1469 -0.734023 -0.572741 -0.364936 0
14.4065 -11.2414 -26.1411 -0.734394 0.573046 -0.363707 0
18.2701 0.394679 -26.1435 -0.931097 -0.020114 -0.364217 0
2.07298 18.1985 -26.2468 -0.1044 -0.916515 -0.386137 0
2.07298 -18.1984 -26.2468 -0.1044 0.916515 -0.386136 0
-10.5387 -14.6055 -23.6774 0.577682 0.800604 0.15911 0
1.77196 18.3591 -22.3273 -0.0860049 -0.891083 0.445616 0
-7.65593 16.7244 -22.4329 0.377121 -0.823823 0.423197 0
-7.65593 -16.7244 -22.4329 0.377121 0.823823 0.423197 0
18.3521 -2.0116 -22.2922 -0.886174 0.097135 0.453057 0
-12.6906 12.6957 -24.3841 0.706937 -0.707218 0.009147 0
-12.6906 -12.6957 -24.3841 0.706937 0.707218 0.009147 0
-9.4422 -15.532 -22.9846 0.494524 0.813472 0.30612 0
-9.74329 -15.1041 -23.9585 0.539389 0.836164 0.099447 0
-10.1585 15.4408 -22.2519 0.487556 -0.741079 0.461618 0
-11.095 14.2199 -25.321 0.603987 -0.774095 -0.189675 0
19.6947 -1.74729 -20.7058 -0.611089 0.054215 0.789703 0
2.23767 -19.6334 -20.7148 -0.069748 0.611969 0.7878 0
-3.18718 19.5568 -20.673 0.097219 -0.596544 0.79667 0
17.1879 6.71919 -26.5474 -0.831769 -0.32516 -0.449924 0
17.1732 -6.70087 -26.5065 -0.835994 0.326199 -0.441258 0
9.58318 -17.3883 -20.6434 -0.287702 0.522023 0.802945 0
9.58313 17.3882 -20.6435 -0.287712 -0.522041 0.802929 0
17.5423 5.70556 -26.5319 -0.850837 -0.276731 -0.446649 0
18.338 -7.39034 -20.7065 -0.569194 0.229389 0.789556 0
18.3184 7.37276 -20.7258 -0.574162 -0.231088 0.785453 0
9.99396 15.4699 -26.4717 -0.488906 -0.75679 -0.433866 0
9.99388 -15.4698 -26.4714 -0.48892 0.756812 -0.433812 0
18.9423 -5.89848 -20.6544 -0.572082 0.178141 0.800617 0
18.9096 5.86045 -20.6866 -0.580954 -0.18005 0.793772 0
-4.16245 -17.9525 -26.4954 0.202951 0.875321 -0.438889 0
-2.07136 -18.3291 -26.5298 0.100497 0.889278 -0.446189 0
10.9374 16.5932 -20.6291 -0.325768 -0.494227 0.805987 0
7.97677 16.6226 -26.513 -0.387951 -0.80844 -0.442628 0
7.97675 -16.6225 -26.5129 -0.387955 0.808447 -0.44261 0
8.68796 -17.8425 -20.65 -0.261766 0.537591 0.801545 0
8.68794 17.8425 -20.6501 -0.261772 -0.537602 0.801536 0
17.8382 4.67443 -26.5191 -0.866791 -0.22714 -0.443938 0
17.9431 -8.36998 -20.6848 -0.550728 0.2569 0.794167 0
10.9001 14.8191 -26.4272 -0.536503 -0.729399 -0.424431 0
10.8999 -14.819 -26.4268 -0.536528 0.729435 -0.424336 0
19.1961 4.90114 -20.6752 -0.586221 -0.149674 0.796205 0
7.10456 17.1051 -26.676 -0.33708 -0.811564 -0.477222 0
7.10455 -17.1051 -26.676 -0.337082 0.811568 -0.477213 0
11.753 -16.0441 -20.6183 -0.347955 0.474993 0.808276 0
11.7529 16.0438 -20.6185 -0.347997 -0.47505 0.808223 0
-5.69704 -18.9885 -20.6655 0.173087 0.576907 0.79826 0
-5.69704 18.9885 -20.6655 0.173087 -0.576907 0.79826 0
16.2743 8.63446 -26.4834 -0.794831 -0.421705 -0.436359 0
16.267 -8.6291 -26.465 -0.79653 0.422532 -0.432442 0
7.65092 -18.274 -20.6759 -0.233734 0.558266 0.796058 0
7.6509 18.274 -20.6759 -0.233737 -0.558273 0.796052 0
18.0519 -3.46377 -26.395 -0.892351 0.171223 -0.417602 0
11.7879 -14.1021 -26.3924 -0.582914 0.697348 -0.417033 0
17.4571 -9.38225 -20.6701 -0.531687 0.285753 0.797279 0
-6.1987 17.3042 -26.3944 0.306443 -0.85546 -0.417469 0
-6.1987 -17.3042 -26.3944 0.306443 0.85546 -0.417469 0
0.117432 18.381 -26.3955 -0.005805 -0.908571 -0.417689 0
0.117432 -18.381 -26.3955 -0.005805 0.908571 -0.417689 0
19.4245 3.80635 -20.6889 -0.597483 -0.117081 0.793288 0
6.19266 17.3496 -26.4807 -0.302563 -0.847672 -0.435785 0
6.19265 -17.3496 -26.4807 -0.302564 0.847675 -0.435777 0
12.58 15.3892 -20.6268 -0.374217 -0.457782 0.806472 0
15.6869 -9.58361 -26.3983 -0.775111 0.47354 -0.418285 0
-6.7065 -18.6861 -20.6442 0.201428 0.56123 0.802775 0
-6.7065 18.6861 -20.6442 0.201428 -0.56123 0.802775 0
0.054812 -19.8427 -20.6519 -0.001653 0.598463 0.801149 0
0.054812 19.8427 -20.6519 -0.001653 -0.598463 0.801149 0
18.211 2.48495 -26.3918 -0.900602 -0.12289 -0.416911 0
-10.7791 -16.4042 -20.8217 0.353591 0.538112 0.76512 0
6.57017 -18.7254 -20.6506 -0.198016 0.564359 0.801429 0
6.57017 18.7254 -20.6506 -0.198018 -0.564363 0.801426 0
15.8907 -12.1947 -20.5186 -0.443168 0.340093 0.829421 0
15.8887 12.1928 -20.5205 -0.44363 -0.340434 0.829034 0
16.9218 -10.389 -20.6417 -0.507548 0.311604 0.803304 0
20.0154 0.615692 -20.5225 -0.559571 -0.017213 0.828604 0
13.3814 -14.6723 -20.6406 -0.401114 0.439809 0.80354 0
13.3809 14.6716 -20.6412 -0.401237 -0.439939 0.803407 0
5.11192 17.6376 -26.3559 -0.253989 -0.876334 -0.409302 0
-7.65904 -18.2751 -20.6727 0.233587 0.55736 0.796735 0
-7.17132 -16.8732 -26.2887 0.359337 0.845475 -0.39503 0
1.22567 18.3105 -26.3291 -0.061107 -0.912889 -0.403608 0
1.22567 -18.3105 -26.3291 -0.061107 0.912889 -0.403607 0
5.51588 -19.1338 -20.6004 -0.161647 0.560733 0.812065 0
18.2961 1.3789 -26.3211 -0.91309 -0.068816 -0.40191 0
16.3671 11.3552 -20.5951 -0.478177 -0.331751 0.813196 0
-16.6652 8.25632 -26.8114 0.772911 -0.382917 -0.505947 0
7.69418 16.2186 -24.3599 -0.428574 -0.903394 0.014264 0
-2.25788 -18.4218 -22.11 0.105932 0.864287 0.491718 0
17.1323 7.05211 -22.1689 -0.811626 -0.334087 0.479217 0
8.66975 -16.5743 -21.87 -0.38932 0.744279 0.542659 0
-3.27303 -18.2963 -22.0628 0.152325 0.851501 0.501741 0
9.6159 15.8232 -22.1893 -0.45703 -0.752057 0.474904 0
9.61602 -15.8235 -22.1888 -0.457001 0.75201 0.475006 0
17.3826 6.0189 -22.4291 -0.85581 -0.296332 0.424001 0
-3.90036 -19.2968 -20.7734 0.125118 0.619012 0.775352 0
-3.90036 19.2968 -20.7734 0.125118 -0.619012 0.775352 0
10.1962 16.8738 -20.7507 -0.323518 -0.535395 0.780185 0
18.5185 -6.57669 -20.8025 -0.602179 0.213858 0.769185 0
-12.3034 -13.6457 -26.3777 0.609573 0.676079 -0.41393 0
-17.4904 7.17326 -21.585 0.737981 -0.302664 0.603141 0
17.9617 0.409737 -24.0421 -0.996396 -0.022729 0.081716 0
4.13114 17.4786 -24.1282 -0.229554 -0.971226 0.063438 0
4.13114 -17.4786 -24.1282 -0.229554 0.971226 0.063444 0
15.0737 10.9874 -21.9519 -0.687641 -0.501232 0.525277 0
15.0785 -10.9925 -21.9408 -0.68643 0.500418 0.527633 0
4.79854 18.007 -21.9808 -0.220078 -0.825865 0.519146 0
4.79854 -18.007 -21.9807 -0.220077 0.825862 0.519152 0
17.8807 1.65828 -24.1743 -0.994293 -0.092212 0.053656 0
14.9154 9.9988 -24.187 -0.82955 -0.556102 0.050967 0
14.9158 -10.0004 -24.1654 -0.829313 0.556018 0.055542 0
-6.62536 16.6942 -24.1181 0.368085 -0.927476 0.065591 0
-6.62536 -16.6942 -24.1181 0.368085 0.927476 0.065591 0
5.36899 17.1334 -24.2257 -0.298752 -0.953372 0.04276 0
17.7099 -2.95961 -24.2133 -0.985305 0.164661 0.04539 0
-2.44482 17.8008 -24.8295 0.13557 -0.987082 -0.085378 0
-2.44482 -17.8008 -24.8295 0.13557 0.987082 -0.085378 0
17.7336 2.7947 -24.2958 -0.987425 -0.155612 0.027874 0
16.5519 7.01276 -24.917 -0.915779 -0.388001 -0.103943 0
15.5307 -9.00465 -24.3004 -0.864795 0.501405 0.026891 0
17.1949 5.17389 -24.661 -0.95641 -0.28778 -0.049626 0
9.99075 14.9135 -24.4395 -0.556565 -0.8308 -0.002613 0
9.99071 -14.9135 -24.4386 -0.556563 0.830802 -0.002435 0
-0.248947 -17.9508 -24.2944 0.013861 0.999507 0.028164 0
-4.39715 17.4049 -24.5308 0.244883 -0.969303 -0.021985 0
-4.39715 -17.4049 -24.5308 0.244883 0.969303 -0.021984 0
-5.59335 -17.0589 -24.2974 0.311447 0.949864 0.027547 0
17.5121 3.94395 -24.4086 -0.975557 -0.219709 0.003946 0
17.4924 -4.11909 -23.9917 -0.969211 0.228229 0.092419 0
16.0864 -7.96609 -24.4665 -0.896108 0.443758 -0.008343 0
5.86858 17.5882 -22.1426 -0.276828 -0.829659 0.484802 0
0.582306 18.5807 -22.0575 -0.027075 -0.863938 0.502869 0
-6.67213 17.3459 -22.0659 0.310687 -0.807712 0.501073 0
-6.67213 -17.3459 -22.0659 0.310687 0.807712 0.501073 0
12.1491 -14.1163 -21.9989 -0.559045 0.649569 0.515294 0
18.3298 -3.21936 -22.0225 -0.847038 0.14877 0.510288 0
16.167 8.97454 -22.2362 -0.774075 -0.429699 0.464937 0
16.1794 -8.9861 -22.2051 -0.770925 0.428174 0.471531 0
6.92728 -17.1392 -22.2453 -0.332141 0.821769 0.46301 0
-0.612026 18.4593 -22.2777 0.029489 -0.889421 0.456136 0
-5.52745 17.6774 -22.1791 0.262286 -0.83882 0.477061 0
17.9462 5.00531 -21.9879 -0.82415 -0.229861 0.517629 0
11.2617 14.695 -22.1929 -0.53556 -0.698837 0.474133 0
11.262 -14.6956 -22.1917 -0.535473 0.698729 0.474392 0
17.9298 4.12726 -22.4217 -0.881863 -0.202997 0.425569 0
18.0073 -4.21119 -22.2319 -0.861618 0.201498 0.465846 0
-4.43997 17.9707 -22.1984 0.211332 -0.855359 0.472968 0
-4.43997 -17.9707 -22.1984 0.211332 0.855359 0.472968 0
-1.54492 18.3064 -22.4806 0.076584 -0.907474 0.413068 0
-1.54492 -18.3064 -22.4806 0.076584 0.907474 0.413068 0
16.6776 7.92385 -22.2877 -0.804781 -0.382367 0.454007 0
16.6974 -7.94194 -22.2382 -0.799708 0.380372 0.464526 0
7.81142 16.7002 -22.3427 -0.379983 -0.812372 0.44234 0
14.2 -11.8619 -26.6401 -0.677575 0.56601 -0.469602 0
-9.61341 15.7307 -26.5095 0.467786 -0.765453 -0.44188 0
-9.61341 -15.7307 -26.5095 0.467786 0.765453 -0.44188 0
3.56113 18.1682 -26.6612 -0.169359 -0.864038 -0.474084 0
-13.1726 -12.9882 -22.221 0.62922 0.62041 0.468161 0
-13.1726 12.9882 -22.221 0.62922 -0.62041 0.468161 0
-17.7417 3.5956 -25.6133 0.94852 -0.192231 -0.25171 0
-14.6208 10.7706 -23.0393 0.769414 -0.566796 0.294524 0
2.79441 18.2421 -26.5481 -0.135215 -0.882693 -0.450078 0
2.79441 -18.2421 -26.5481 -0.135215 0.882693 -0.450077 0
-8.75915 -16.1126 -26.3017 0.438194 0.806066 -0.397799 0
13.4958 12.4478 -26.3478 -0.671244 -0.619118 -0.407584 0
13.495 -12.4471 -26.3455 -0.671403 0.619272 -0.407089 0
18.3267 -1.10991 -26.3488 -0.911404 0.055197 -0.407793 0
-15.3948 9.35038 -25.1844 0.843591 -0.512375 -0.160702 0
-15.3948 -9.35038 -25.1844 0.843591 0.512375 -0.160702 0
-11.4887 14.3328 -26.3682 0.569919 -0.71101 -0.411894 0
-11.4887 -14.3328 -26.3682 0.569919 0.71101 -0.411894 0
2.05953 17.9004 -23.6306 -0.112656 -0.979151 0.16903 0
2.05953 -17.9004 -23.6306 -0.112656 0.979151 0.169032 0
12.8604 12.6378 -23.5626 -0.701147 -0.689008 0.183469 0
12.8609 -12.6386 -23.5577 -0.700996 0.688884 0.184509 0
-13.2167 12.2471 -23.6296 0.722918 -0.669884 0.16925 0
-12.716 12.8269 -23.4102 0.687442 -0.693436 0.215801 0
-12.716 -12.8269 -23.4102 0.687442 0.693436 0.215801 0
-11.7228 14.0482 -22.6542 0.593624 -0.711376 0.376237 0
-17.5178 6.22556 -26.7991 0.814199 -0.289355 -0.503342 0
-17.5178 -6.22556 -26.7991 0.814199 0.289355 -0.503342 0
-10.4753 17.2537 -20.4191 0.272938 -0.449549 0.850536 0
16.844 -6.20977 -24.3081 -0.937969 0.345796 0.025267 0
-18.1879 0.775561 -25.9528 0.945281 -0.040308 -0.323759 0
-15.5141 9.02981 -24.4292 0.864266 -0.503035 -0.000424 0
-15.5141 -9.02981 -24.4292 0.864266 0.503035 -0.000424 0
-12.0641 13.3085 -24.7634 0.669909 -0.739007 -0.071352 0
-12.0641 -13.3085 -24.7634 0.669909 0.739007 -0.071352 0
-18.0231 -2.5116 -22.9227 0.938597 0.130798 0.319262 0
-18.0231 2.5116 -22.9227 0.938597 -0.130798 0.319262 0
-17.8892 -2.23581 -23.5747 0.975911 0.12197 0.180891 0
-17.8892 2.23581 -23.5747 0.975911 -0.12197 0.180891 0
-18.3119 -1.85228 -22.4076 0.898926 0.090928 0.428561 0
-16.8728 6.66106 -23.1047 0.892762 -0.352446 0.280639 0
-17.8276 2.19 -24.7484 0.99023 -0.121643 -0.068171 0
-15.2993 13.0963 -20.4477 0.406882 -0.348294 0.844475 0
-17.9424 -4.72966 -22.1178 0.842895 0.222189 0.490061 0
-18.4143 3.65037 -21.7679 0.809801 -0.160531 0.564315 0
-15.8631 -8.96083 -22.8595 0.821097 0.463827 0.332663 0
-19.2201 1.94856 -21.1073 0.706081 -0.071583 0.704504 0
-16.8966 -6.13136 -23.9516 0.935224 0.339369 0.100919 0
-18.3719 -5.3713 -21.2965 0.717378 0.209737 0.664364 0
-18.3719 5.3713 -21.2965 0.717378 -0.209737 0.664364 0
-13.0454 -12.4307 -25.2301 0.71337 0.67976 -0.170381 0
-14.9759 10.6185 -22.5098 0.745173 -0.52836 0.406882 0
-17.2108 -6.27974 -22.5968 0.86566 0.315855 0.388418 0
-19.0544 -3.15777 -21.1117 0.701066 0.116184 0.703568 0
-15.8962 8.60488 -23.3484 0.856066 -0.463402 0.228932 0
-16.4513 7.26644 -23.8625 0.908151 -0.401125 0.119834 0
-16.4513 -7.26644 -23.8625 0.908151 0.401125 0.119834 0
-13.7347 12.4404 -26.693 0.649863 -0.588623 -0.480834 0
-13.7347 -12.4404 -26.693 0.649863 0.588623 -0.480834 0
-12.5764 -15.4726 -20.5819 0.364597 0.448559 0.816005 0
-18.0502 -1.37842 -23.2394 0.964906 0.073686 0.252045 0
-18.0502 1.37842 -23.2394 0.964906 -0.073686 0.252045 0
-17.9338 -3.65047 -22.6428 0.906936 0.184609 0.378665 0
-17.582 -4.22415 -23.3211 0.945168 0.227081 0.234716 0
-17.582 4.22415 -23.3211 0.945168 -0.227081 0.234716 0
-18.2978 -0.870538 -22.6019 0.920901 0.043813 0.387327 0
-18.484 -0.94894 -26.6509 0.880496 0.045203 -0.471893 0
-18.484 0.94894 -26.6509 0.880496 -0.045203 -0.471893 0
-18.2282 -8.22398 -20.5411 0.515585 0.232615 0.824659 0
-18.3779 4.50981 -21.5601 0.770755 -0.189138 0.60841 0
13.6442 -11.8216 -23.4501 -0.739357 0.640595 0.207339 0
13.6432 11.8201 -23.4583 -0.739653 -0.640813 0.205602 0
3.18323 17.7461 -23.5697 -0.173611 -0.967857 0.181968 0
-19.3119 -0.89376 -21.0934 0.705998 0.032674 0.707459 0
-17.9828 0.714842 -23.7678 0.989381 -0.039329 0.139922 0
9.41497 3.72058 -20.1636 0 0 -1 0
-4.19487 -9.33795 -20.1636 0 0 -1 0
12.3771 -3.77643 -20.1636 0 0 -1 0
8.27212 10.7275 -20.1636 0 0 -1 0
-13.508 4.66946 -20.1636 0 0 -1 0
-4.37945 13.5227 -20.1636 0 0 -1 0
3.77601 4.71423 -20.1636 0 0 -1 0
-5.46818 2.69713 -20.1636 0 0 -1 0
-14.8619 -3.65703 -20.1636 0 0 -1 0
-8.81914 -12.5634 -20.1636 0 0 -1 0
-1.28865 5.74646 -20.1636 0 0 -1 0
-9.12938 12.8997 -20.1636 0 0 -1 0
-3.79271 9.29513 -20.1636 0 0 -1 0
15.0268 -6.82985 -20.1636 0 0 -1 0
-9.534 3.20636 -20.1636 0 0 -1 0
9.774 -0.232715 -20.1636 0 0 -1 0
8.3374 -5.06001 -20.1636 0 0 -1 0
-8.80746 -4.53224 -20.1636 0 0 -1 0
-0.388751 -9.88242 -20.1636 0 0 -1 0
7.16486 6.90795 -20.1636 0 0 -1 0
15.8515 5.31799 -20.1636 0 0 -1 0
10.5027 -12.9691 -20.1636 0 0 -1 0
12.002 11.769 -20.1636 0 0 -1 0
3.89839 -16.3743 -20.1636 0 0 -1 0
-1.02462 -16.8383 -20.1636 0 0 -1 0
-15.0131 -7.57593 -20.1636 0 0 -1 0
-12.2933 -11.6226 -20.1636 0 0 -1 0
4.17944 -5.38617 -20.1636 0 0 -1 0
-7.6674 -7.91612 -20.1636 0 0 -1 0
-6.83636 -0.52947 -20.1636 0 0 -1 0
-2.88348 -6.22277 -20.1636 0 0 -1 0
-4.89218 6.04449 -20.1636 0 0 -1 0
-3.62376 16.8436 -20.1636 0 0 -1 0
-6.91329 15.782 -20.1636 0 0 -1 0
-3.42661 -0.155889 -20.1636 0 0 -1 0
-7.39999 -15.5915 -20.1636 0 0 -1 0
2.70383 -2.07745 -20.1636 0 0 -1 0
-12.8235 1.4352 -20.1636 0 0 -1 0
-10.8511 6.80009 -20.1636 0 0 -1 0
-6.54891 11.055 -20.1636 0 0 -1 0
-1.87496 2.60989 -20.1636 0 0 -1 0
1.47373 7.11049 -20.1636 0 0 -1 0
-17.2779 -1.85941 -20.1636 0 0 -1 0
-1.96344 -12.8537 -20.1636 0 0 -1 0
-12.0582 12.6131 -20.1636 0 0 -1 0
14.7175 -9.81433 -20.1636 0 0 -1 0
1.96948 13.2882 -20.1636 0 0 -1 0
11.3406 -6.4071 -20.1636 0 0 -1 0
-13.3832 -1.29925 -20.1636 0 0 -1 0
9.01475 -15.4138 -20.1636 0 0 -1 0
-3.67981 -17.4148 -20.1636 0 0 -1 0
-1.10281 8.63727 -20.1636 0 0 -1 0
5.65314 12.2956 -20.1636 0 0 -1 0
-7.79428 5.35243 -20.1636 0 0 -1 0
4.00995 -13.0913 -20.1636 0 0 -1 0
17.3788 -5.18937 -20.1636 0 0 -1 0
-9.5367 -9.9517 -20.1636 0 0 -1 0
9.06706 -7.84189 -20.1636 0 0 -1 0
9.78013 -2.97471 -20.1636 0 0 -1 0
-15.0599 10.1095 -20.1636 0 0 -1 0
-1.22416 18.1643 -20.1636 0 0 -1 0
14.6282 -4.3102 -20.1636 0 0 -1 0
-2.32202 14.7526 -20.1636 0 0 -1 0
-3.61714 4.21637 -20.1636 0 0 -1 0
-7.29813 -9.94521 -20.1636 0 0 -1 0
8.57696 1.65069 -20.1636 0 0 -1 0
-9.61532 -15.6028 -20.1636 0 0 -1 0
-5.75808 -17.5051 -20.1636 0 0 -1 0
-3.11003 11.5416 -20.1636 0 0 -1 0
-12.9736 6.80267 -20.1636 0 0 -1 0
-5.66029 17.49 -20.1636 0 0 -1 0
-17.2785 6.29835 -20.1636 0 0 -1 0
-3.05165 7.05595 -20.1636 0 0 -1 0
9.41211 12.7101 -20.1636 0 0 -1 0
-10.7185 -5.64987 -20.1636 0 0 -1 0
1.8725 -15.7261 -20.1636 0 0 -1 0
7.64554 -0.41067 -20.1636 0 0 -1 0
-13.1958 -8.77532 -20.1636 0 0 -1 0
0.848869 18.5685 -20.1636 0 0 -1 0
-1.75218 -14.8713 -20.1636 0 0 -1 0
18.4016 -1.82629 -20.1636 0 0 -1 0
13.6619 5.66895 -20.1636 0 0 -1 0
1.18734 -11.3751 -20.1636 0 0 -1 0
13.0442 -7.59472 -20.1636 0 0 -1 0
0.905352 -7.93101 -20.1636 0 0 -1 0
17.3454 6.76096 -20.1636 0 0 -1 0
-6.72032 -4.33257 -20.1636 0 0 -1 0
4.52579 2.89242 -20.1636 0 0 -1 0
8.38397 16.6991 -20.1636 0 0 -1 0
1.00997 1.78114 -20.1636 0 0 -1 0
6.78138 9.41195 -20.1636 0 0 -1 0
-1.71052 -18.5655 -20.1636 0 0 -1 0
-7.0808 -13.6974 -20.1636 0 0 -1 0
13.8136 12.4785 -20.1636 0 0 -1 0
-10.6454 1.54051 -20.1636 0 0 -1 0
1.98575 -0.213785 -20.1636 0 0 -1 0
-5.06263 -1.38408 -20.1636 0 0 -1 0
-5.23624 0.642972 -20.1636 0 0 -1 0
-1.16449 -5.10018 -20.1636 0 0 -1 0
11.0253 5.12713 -20.1636 0 0 -1 0
5.08965 -14.8046 -20.1636 0 0 -1 0
8.73218 5.37054 -20.1636 0 0 -1 0
12.6305 9.9313 -20.1636 0 0 -1 0
18.0378 4.94775 -20.1636 0 0 -1 0
2.20048 -5.03605 -20.1636 0 0 -1 0
4.68866 -7.01081 -20.1636 0 0 -1 0
-10.5186 -11.5731 -20.1636 0 0 -1 0
8.01037 -2.25698 -20.1636 0 0 -1 0
12.5558 -13.8975 -20.1636 0 0 -1 0
-5.74247 -7.99826 -20.1636 0 0 -1 0
-15.1205 -5.7016 -20.1636 0 0 -1 0
0.769611 -1.72578 -20.1636 0 0 -1 0
4.2631 -8.92637 -20.1636 0 0 -1 0
11.3009 -1.85964 -20.1636 0 0 -1 0
-9.76643 8.3292 -20.1636 0 0 -1 0
-6.93419 1.46394 -20.1636 0 0 -1 0
-5.94633 4.46434 -20.1636 0 0 -1 0
10.1353 15.9016 -20.1636 0 0 -1 0
0.149494 14.1275 -20.1636 0 0 -1 0
-6.56325 -2.48832 -20.1636 0 0 -1 0
-14.1164 0.389196 -20.1636 0 0 -1 0
18.7019 1.66537 -20.1636 0 0 -1 0
-8.09719 9.92228 -20.1636 0 0 -1 0
-2.17205 -10.2935 -20.1636 0 0 -1 0
12.8375 13.9646 -20.1636 0 0 -1 0
-18.542 3.7602 -20.1636 0 0 -1 0
-11.4385 10.9979 -20.1636 0 0 -1 0
2.60619 3.28128 -20.1636 0 0 -1 0
-10.1047 -2.86806 -20.1636 0 0 -1 0
-12.1239 -0.192499 -20.1636 0 0 -1 0
3.34795 -18.6324 -20.1636 0 0 -1 0
0.497662 12.059 -20.1636 0 0 -1 0
7.62236 12.6845 -20.1636 0 0 -1 0
13.3726 2.39396 -20.1636 0 0 -1 0
-4.92431 11.8388 -20.1636 0 0 -1 0
16.0675 9.854 -20.1636 0 0 -1 0
1.69186 -9.56955 -20.1636 0 0 -1 0
-0.773325 3.90782 -20.1636 0 0 -1 0
10.3534 11.1607 -20.1636 0 0 -1 0
-11.7797 -1.96256 -20.1636 0 0 -1 0
-14.0582 8.68555 -20.1636 0 0 -1 0
-9.51474 -8.21339 -20.1636 0 0 -1 0
4.14792 16.2883 -20.1636 0 0 -1 0
7.43935 -9.07023 -20.1636 0 0 -1 0
16.6704 1.69739 -20.1636 0 0 -1 0
-16.3824 -3.57901 -20.1636 0 0 -1 0
12.989 -10.4222 -20.1636 0 0 -1 0
-8.25247 14.554 -20.1636 0 0 -1 0
-4.25716 -13.0422 -20.1636 0 0 -1 0
-13.3025 -2.97372 -20.1636 0 0 -1 0
3.06888 6.36831 -20.1636 0 0 -1 0
11.2296 3.3881 -20.1636 0 0 -1 0
-8.50573 -14.2184 -20.1636 0 0 -1 0
2.46634 -12.3 -20.1636 0 0 -1 0
-0.591102 -11.4732 -20.1636 0 0 -1 0
-5.58118 -10.607 -20.1636 0 0 -1 0
14.3492 8.91872 -20.1636 0 0 -1 0
7.52356 -7.12784 -20.1636 0 0 -1 0
-19.0026 -1.77212 -20.1636 0 0 -1 0
7.34963 -15.2313 -20.1636 0 0 -1 0
3.20226 13.413 -20.1636 0 0 -1 0
-12.948 14.036 -20.1636 0 0 -1 0
5.95348 7.9899 -20.1636 0 0 -1 0
9.94808 1.94464 -20.1636 0 0 -1 0
16.0296 -9.78647 -20.1636 0 0 -1 0
15.1827 6.74488 -20.1636 0 0 -1 0
-0.370388 -13.498 -20.1636 0 0 -1 0
3.19829 -3.58187 -20.1636 0 0 -1 0
-3.00911 5.83527 -20.1636 0 0 -1 0
14.6197 -8.26719 -20.1636 0 0 -1 0
9.10704 -14.1138 -20.1636 0 0 -1 0
7.42754 -11.3671 -20.1636 0 0 -1 0
-17.449 7.83378 -20.1636 0 0 -1 0
6.50941 0.347778 -20.1636 0 0 -1 0
-2.81214 -13.6533 -20.1636 0 0 -1 0
-4.6722 18.6814 -20.1636 0 0 -1 0
-7.17335 17.7475 -20.1636 0 0 -1 0
-10.0393 -4.28593 -20.1636 0 0 -1 0
-18.4008 5.27347 -20.1636 0 0 -1 0
6.23259 18.4346 -20.1636 0 0 -1 0
-13.6347 -4.56983 -20.1636 0 0 -1 0
-8.73386 -11.0495 -20.1636 0 0 -1 0
10.1315 -16.0333 -20.1636 0 0 -1 0
11.1856 12.601 -20.1636 0 0 -1 0
1.89861 -6.48658 -20.1636 0 0 -1 0
-0.584764 -8.84752 -20.1636 0 0 -1 0
6.51128 -9.76229 -20.1636 0 0 -1 0
-10.1039 14.0723 -20.1636 0 0 -1 0
-13.4826 -10.352 -20.1636 0 0 -1 0
-6.74083 9.23542 -20.1636 0 0 -1 0
4.92178 11.1325 -20.1636 0 0 -1 0
-7.13116 -17.8056 -20.1636 0 0 -1 0
7.30802 15.3678 -20.1636 0 0 -1 0
5.65807 15.3933 -20.1636 0 0 -1 0
-0.370846 19.0961 -20.1636 0 0 -1 0
4.88566 13.0686 -20.1636 0 0 -1 0
-14.6312 -2.45597 -20.1636 0 0 -1 0
-12.5694 -14.5475 -20.1636 0 0 -1 0
-3.74014 14.9521 -20.1636 0 0 -1 0
15.9358 0.395817 -20.1636 0 0 -1 0
-9.86908 -13.4658 -20.1636 0 0 -1 0
-4.51367 7.37063 -20.1636 0 0 -1 0
-11.6462 -12.5882 -20.1636 0 0 -1 0
5.36135 -16.0597 -20.1636 0 0 -1 0
-2.0849 -17.1109 -20.1636 0 0 -1 0
2.90157 -9.00351 -20.1636 0 0 -1 0
-10.8595 15.894 -20.1636 0 0 -1 0
-15.4237 11.4252 -20.1636 0 0 -1 0
-4.01234 -16.4915 -20.1636 0 0 -1 0
-8.4504 2.31554 -20.1636 0 0 -1 0
-8.50143 4.10398 -20.1636 0 0 -1 0
-9.65167 11.7641 -20.1636 0 0 -1 0
2.19165 -19.185 -20.1636 0 0 -1 0
-6.57794 -9.01372 -20.1636 0 0 -1 0
-2.45568 4.33287 -20.1636 0 0 -1 0
9.5619 13.9144 -20.1636 0 0 -1 0
-2.21421 8.13598 -20.1636 0 0 -1 0
-11.9619 -5.02258 -20.1636 0 0 -1 0
2.6807 -16.8204 -20.1636 0 0 -1 0
-18.0867 -6.71659 -20.1636 0 0 -1 0
4.14166 8.43734 -20.1636 0 0 -1 0
-17.405 1.10654 -20.1636 0 0 -1 0
3.40245 15.3772 -20.1636 0 0 -1 0
-16.0664 -11.0125 -20.1636 0 0 -1 0
-0.484218 -2.12823 -20.1636 0 0 -1 0
-14.0868 6.04536 -20.1636 0 0 -1 0
-11.0125 9.78354 -20.1636 0 0 -1 0
2.23526 19.2364 -20.1636 0 0 -1 0
-0.979552 14.7813 -20.1636 0 0 -1 0
-15.9763 -4.78185 -20.1636 0 0 -1 0
-9.82837 0.436906 -20.1636 0 0 -1 0
7.37323 1.27616 -20.1636 0 0 -1 0
11.9201 -4.79187 -20.1636 0 0 -1 0
-10.0945 -6.70443 -20.1636 0 0 -1 0
7.36232 8.2194 -20.1636 0 0 -1 0
-19.36 -2.82686 -20.1636 0 0 -1 0
-16.3496 10.3433 -20.1636 0 0 -1 0
-4.14941 3.01276 -20.1636 0 0 -1 0
-11.8376 -6.22847 -20.1636 0 0 -1 0
6.82982 5.59549 -20.1636 0 0 -1 0
-1.90616 19.2736 -20.1636 0 0 -1 0
6.89051 2.976 -20.1636 0 0 -1 0
5.84665 6.8306 -20.1636 0 0 -1 0
13.393 -4.31283 -20.1636 0 0 -1 0
15.7174 2.50568 -20.1636 0 0 -1 0
-13.65 3.50089 -20.1636 0 0 -1 0
17.5433 -2.79401 -20.1636 0 0 -1 0
16.2716 -7.16268 -20.1636 0 0 -1 0
11.8385 -10.5178 -20.1636 0 0 -1 0
4.28313 5.8997 -20.1636 0 0 -1 0
-2.87874 -9.56086 -20.1636 0 0 -1 0
7.18799 -5.09044 -20.1636 0 0 -1 0
17.7057 -8.1427 -20.1636 0 0 -1 0
-8.08046 12.8427 -20.1636 0 0 -1 0
6.71942 -12.622 -20.1636 0 0 -1 0
-6.07578 12.1675 -20.1636 0 0 -1 0
10.0243 5.49578 -20.1636 0 0 -1 0
-9.07386 -3.37185 -20.1636 0 0 -1 0
2.62109 -13.8069 -20.1636 0 0 -1 0
12.2938 -15.0524 -20.1636 0 0 -1 0
-8.31127 15.6369 -20.1636 0 0 -1 0
2.57444 14.3287 -20.1636 0 0 -1 0
-16.0493 6.41199 -20.1636 0 0 -1 0
-5.79165 16.2778 -20.1636 0 0 -1 0
-10.5028 -8.99773 -20.1636 0 0 -1 0
-7.61063 0.431635 -20.1636 0 0 -1 0
-2.85676 3.06379 -20.1636 0 0 -1 0
-9.87791 4.54419 -20.1636 0 0 -1 0
5.82845 -3.00465 -20.1636 0 0 -1 0
1.21101 0.553063 -20.1636 0 0 -1 0
5.2432 -5.96479 -20.1636 0 0 -1 0
5.8698 -7.19745 -20.1636 0 0 -1 0
-0.974316 -19.4488 -20.1636 0 0 -1 0
-2.26006 -7.32244 -20.1636 0 0 -1 0
6.20089 -15.1453 -20.1636 0 0 -1 0
1.6248 -2.63826 -20.1636 0 0 -1 0
-7.36756 -1.6688 -20.1636 0 0 -1 0
-11.9726 7.28609 -20.1636 0 0 -1 0
-11.1174 13.1542 -20.1636 0 0 -1 0
13.9632 13.6847 -20.1636 0 0 -1 0
4.41545 -19.004 -20.1636 0 0 -1 0
11.3789 -13.9864 -20.1636 0 0 -1 0
-2.99992 15.7475 -20.1636 0 0 -1 0
-4.5979 -11.1394 -20.1636 0 0 -1 0
12.2027 13.0863 -20.1636 0 0 -1 0
-6.76374 -16.7056 -20.1636 0 0 -1 0
-6.32727 -14.6622 -20.1636 0 0 -1 0
-3.87153 6.28606 -20.1636 0 0 -1 0
8.40283 4.36907 -20.1636 0 0 -1 0
4.34044 19.118 -20.1636 0 0 -1 0
-19.5581 -0.674248 -20.1636 0 0 -1 0
-9.41671 -1.65863 -20.1636 0 0 -1 0
0.704801 15.0577 -20.1636 0 0 -1 0
-8.48908 -16.0305 -20.1636 0 0 -1 0
-9.51246 -5.56172 -20.1636 0 0 -1 0
3.83269 -17.6544 -20.1636 0 0 -1 0
9.10434 15.6796 -20.1636 0 0 -1 0
-15.6476 3.61122 -20.1636 0 0 -1 0
19.5738 0.615618 -20.1636 0 0 -1 0
-5.53686 -4.40606 -20.1636 0 0 -1 0
-5.85499 -18.5836 -20.1636 0 0 -1 0
-5.40852 -9.35181 -20.1636 0 0 -1 0
-17.2802 -8.91035 -20.1636 0 0 -1 0
-3.25816 -12.6191 -20.1636 0 0 -1 0
3.12495 -1.13192 -20.1636 0 0 -1 0
-6.71035 14.5569 -20.1636 0 0 -1 0
-14.1747 -13.3245 -20.1636 0 0 -1 0
-11.9438 -8.77766 -20.1636 0 0 -1 0
19.0402 -4.7469 -20.1636 0 0 -1 0
-14.3295 7.09249 -20.1636 0 0 -1 0
16.1612 -11.1213 -20.1636 0 0 -1 0
-3.73097 -3.22537 -20.1636 0 0 -1 0
1.86902 -8.41178 -20.1636 0 0 -1 0
11.9855 -8.47481 -20.1636 0 0 -1 0
-9.50914 1.81823 -20.1636 0 0 -1 0
-7.83886 6.43169 -20.1636 0 0 -1 0
-15.131 -0.136671 -20.1636 0 0 -1 0
-2.99888 0.831439 -20.1636 0 0 -1 0
-3.91662 -1.27389 -20.1636 0 0 -1 0
16.6539 -5.97147 -20.1636 0 0 -1 0
-16.0575 -8.28293 -20.1636 0 0 -1 0
0.964281 -19.6253 -20.1636 0 0 -1 0
-7.14925 4.36539 -20.1636 0 0 -1 0
-2.37285 -5.18499 -20.1636 0 0 -1 0
19.4132 2.69783 -20.1636 0 0 -1 0
-17.296 -4.57219 -20.1636 0 0 -1 0
1.12055 -14.8205 -20.1636 0 0 -1 0
-13.4222 -12.1485 -20.1636 0 0 -1 0
-1.49429 -9.35561 -20.1636 0 0 -1 0
12.0545 0.847118 -20.1636 0 0 -1 0
-10.5669 -10.4706 -20.1636 0 0 -1 0
0.709282 -10.43 -20.1636 0 0 -1 0
12.2778 2.9059 -20.1636 0 0 -1 0
17.2926 -9.27353 -20.1636 0 0 -1 0
19.56 -1.54815 -20.1636 0 0 -1 0
11.7989 9.17297 -20.1636 0 0 -1 0
14.7893 0.527454 -20.1636 0 0 -1 0
14.9749 -12.7274 -20.1636 0 0 -1 0
2.33008 -11.2629 -20.1636 0 0 -1 0
13.1298 6.76464 -20.1636 0 0 -1 0
17.6702 -0.836585 -20.1636 0 0 -1 0
-3.58717 8.27088 -20.1636 0 0 -1 0
0.589253 -8.9988 -20.1636 0 0 -1 0
13.9374 -10.9762 -20.1636 0 0 -1 0
1.76961 17.7871 -20.1636 0 0 -1 0
-12.3751 4.42112 -20.1636 0 0 -1 0
-11.9596 2.06644 -20.1636 0 0 -1 0
15.255 -8.86348 -20.1636 0 0 -1 0
-5.65647 7.07309 -20.1636 0 0 -1 0
9.94178 -14.9162 -20.1636 0 0 -1 0
-6.35794 0.493113 -20.1636 0 0 -1 0
-6.69698 8.09075 -20.1636 0 0 -1 0
4.41364 4.02745 -20.1636 0 0 -1 0
5.51198 -9.21871 -20.1636 0 0 -1 0
2.97544 -15.6977 -20.1636 0 0 -1 0
7.54555 -10.1908 -20.1636 0 0 -1 0
-15.6007 -11.9928 -20.1636 0 0 -1 0
-1.10275 -0.134718 -20.1636 0 0 -1 0
0.864238 19.6581 -20.1636 0 0 -1 0
5.76092 2.81616 -20.1636 0 0 -1 0
-1.96576 -2.166 -20.1636 0 0 -1 0
-5.15729 -7.10429 -20.1636 0 0 -1 0
2.60112 16.1468 -20.1636 0 0 -1 0
2.71656 12.3078 -20.1636 0 0 -1 0
-13.2062 2.45287 -20.1636 0 0 -1 0
-0.567496 11.7249 -20.1636 0 0 -1 0
0.265252 10.6999 -20.1636 0 0 -1 0
3.67961 9.52325 -20.1636 0 0 -1 0
0.513827 -17.9224 -20.1636 0 0 -1 0
-4.75838 8.83524 -20.1636 0 0 -1 0
-10.693 -16.5062 -20.1636 0 0 -1 0
-8.71062 10.9082 -20.1636 0 0 -1 0
1.765 5.97834 -20.1636 0 0 -1 0
1.74171 9.43653 -20.1636 0 0 -1 0
-14.2793 -1.04358 -20.1636 0 0 -1 0
14.6961 5.58385 -20.1636 0 0 -1 0
-18.0612 -1.14715 -20.1636 0 0 -1 0
10.7633 -9.92074 -20.1636 0 0 -1 0
5.5682 8.92148 -20.1636 0 0 -1 0
12.4221 -12.8576 -20.1636 0 0 -1 0
-7.63509 -14.5273 -20.1636 0 0 -1 0
-5.85673 1.64363 -20.1636 0 0 -1 0
7.60981 2.22213 -20.1636 0 0 -1 0
-0.227483 -0.962268 -20.1636 0 0 -1 0
-5.9824 -3.41099 -20.1636 0 0 -1 0
3.79448 10.5793 -20.1636 0 0 -1 0
5.01232 -1.93277 -20.1636 0 0 -1 0
8.58343 -11.611 -20.1636 0 0 -1 0
5.0369 -8.06095 -20.1636 0 0 -1 0
-0.497154 5.12118 -20.1636 0 0 -1 0
4.2549 -4.34142 -20.1636 0 0 -1 0
13.0679 8.96303 -20.1636 0 0 -1 0
-14.3531 10.9428 -20.1636 0 0 -1 0
2.08272 -3.90239 -20.1636 0 0 -1 0
-17.4197 -3.0959 -20.1636 0 0 -1 0
-2.09801 -16.0121 -20.1636 0 0 -1 0
6.69837 11.9385 -20.1636 0 0 -1 0
-14.088 -11.1958 -20.1636 0 0 -1 0
-8.37458 -5.72558 -20.1636 0 0 -1 0
-6.4049 -5.32946 -20.1636 0 0 -1 0
18.3106 7.27178 -20.1636 0 0 -1 0
-6.14916 -13.1981 -20.1636 0 0 -1 0
-0.069056 -5.20154 -20.1636 0 0 -1 0
9.25963 2.73413 -20.1636 0 0 -1 0
7.81347 -16.1097 -20.1636 0 0 -1 0
4.10086 -15.2954 -20.1636 0 0 -1 0
3.45882 -11.7972 -20.1636 0 0 -1 0
-3.78165 17.9277 -20.1636 0 0 -1 0
-15.0846 12.7212 -20.1636 0 0 -1 0
10.9926 6.0996 -20.1636 0 0 -1 0
14.9422 9.78291 -20.1636 0 0 -1 0
-12.6761 -9.6306 -20.1636 0 0 -1 0
-10.964 0.052942 -20.1636 0 0 -1 0
-7.16423 12.0561 -20.1636 0 0 -1 0
11.7585 4.379 -20.1636 0 0 -1 0
-2.46872 1.80235 -20.1636 0 0 -1 0
-4.02402 15.8995 -20.1636 0 0 -1 0
15.3403 -7.81703 -20.1636 0 0 -1 0
3.92719 1.07223 -20.1636 0 0 -1 0
-13.5336 -14.2691 -20.1636 0 0 -1 0
7.41036 16.469 -20.1636 0 0 -1 0
10.4922 4.24022 -20.1636 0 0 -1 0
-15.7348 4.59488 -20.1636 0 0 -1 0
-9.84729 7.33549 -20.1636 0 0 -1 0
-12.8128 -2.0823 -20.1636 0 0 -1 0
5.63528 -17.1614 -20.1636 0 0 -1 0
-8.65236 -7.63057 -20.1636 0 0 -1 0
13.3157 -14.5494 -20.1636 0 0 -1 0
-2.16377 6.34402 -20.1636 0 0 -1 0
2.17816 -14.7203 -20.1636 0 0 -1 0
0.242477 1.00275 -20.1636 0 0 -1 0
1.1759 -7.11317 -20.1636 0 0 -1 0
12.8661 12.3158 -20.1636 0 0 -1 0
-11.1868 -2.77308 -20.1636 0 0 -1 0
3.88069 -14.0428 -20.1636 0 0 -1 0
-2.66181 -18.0901 -20.1636 0 0 -1 0
-18.0567 -7.73357 -20.1636 0 0 -1 0
-12.0845 -13.5498 -20.1636 0 0 -1 0
12.0611 -0.99032 -20.1636 0 0 -1 0
-1.3096 9.65609 -20.1636 0 0 -1 0
-8.82884 5.90679 -20.1636 0 0 -1 0
0.644386 6.60145 -20.1636 0 0 -1 0
-5.99217 15.2402 -20.1636 0 0 -1 0
13.7131 9.95195 -20.1636 0 0 -1 0
18.4502 -7.18858 -20.1636 0 0 -1 0
-7.52796 10.8615 -20.1636 0 0 -1 0
-19.122 4.57757 -20.1636 0 0 -1 0
1.09603 4.78252 -20.1636 0 0 -1 0
-0 -19.843 -20.1636 0 0 -1 0
6.23764 4.68758 -20.1636 0 0 -1 0
15.1635 -10.6739 -20.1636 0 0 -1 0
10.6812 16.6462 -20.1636 0 0 -1 0
-3.45877 13.8971 -20.1636 0 0 -1 0
11.0795 7.38483 -20.1636 0 0 -1 0
-12.2351 11.6503 -20.1636 0 0 -1 0
2.25313 2.23343 -20.1636 0 0 -1 0
-16.3821 -1.33561 -20.1636 0 0 -1 0
0.703503 7.60837 -20.1636 0 0 -1 0
2.82873 4.28193 -20.1636 0 0 -1 0
19.4336 -3.88351 -20.1636 0 0 -1 0
-10.543 14.9961 -20.1636 0 0 -1 0
6.93983 -8.0041 -20.1636 0 0 -1 0
-8.81274 7.88232 -20.1636 0 0 -1 0
-7.8495 1.51643 -20.1636 0 0 -1 0
19.7776 1.71242 -20.1636 0 0 -1 0
7.72403 -4.25153 -20.1636 0 0 -1 0
-0.201863 8.14234 -20.1636 0 0 -1 0
-0.687693 -14.5197 -20.1636 0 0 -1 0
-14.7304 -4.57641 -20.1636 0 0 -1 0
0.463436 -14.0624 -20.1636 0 0 -1 0
15.7619 -12.1473 -20.1636 0 0 -1 0
11.7426 -7.28141 -20.1636 0 0 -1 0
6.68943 -0.604984 -20.1636 0 0 -1 0
-5.39017 -16.4636 -20.1636 0 0 -1 0
-12.1823 -15.4968 -20.1636 0 0 -1 0
-15.0707 6.49005 -20.1636 0 0 -1 0
-18.1871 0.848595 -20.1636 0 0 -1 0
1.40085 12.3113 -20.1636 0 0 -1 0
9.43609 -13.0918 -20.1636 0 0 -1 0
9.51482 -5.3601 -20.1636 0 0 -1 0
-1.72047 3.55549 -20.1636 0 0 -1 0
-4.65069 14.4515 -20.1636 0 0 -1 0
14.1706 -12.1687 -20.1636 0 0 -1 0
11.3989 -3.80269 -20.1636 0 0 -1 0
10.4689 -3.68014 -20.1636 0 0 -1 0
13.4675 14.6304 -20.1636 0 0 -1 0
9.88593 -8.37928 -20.1636 0 0 -1 0
-7.45157 -2.69526 -20.1636 0 0 -1 0
1.23867 11.2701 -20.1636 0 0 -1 0
5.05243 7.98146 -20.1636 0 0 -1 0
-2.18181 12.4718 -20.1636 0 0 -1 0
-0.722117 0.894633 -20.1636 0 0 -1 0
-6.23536 10.0716 -20.1636 0 0 -1 0
-6.29694 -9.97521 -20.1636 0 0 -1 0
4.66242 15.5488 -20.1636 0 0 -1 0
-3.27887 -7.11751 -20.1636 0 0 -1 0
0.134745 4.34188 -20.1636 0 0 -1 0
-4.55843 -13.9331 -20.1636 0 0 -1 0
-8.12148 -17.9891 -20.1636 0 0 -1 0
18.1022 -4.70147 -20.1636 0 0 -1 0
10.8494 -8.89431 -20.1636 0 0 -1 0
-16.3418 1.53578 -20.1636 0 0 -1 0
10.3015 12.1696 -20.1636 0 0 -1 0
-12.2337 10.4704 -20.1636 0 0 -1 0
-0.847489 16.5342 -20.1636 0 0 -1 0
-4.70922 17.6806 -20.1636 0 0 -1 0
10.3322 -13.9985 -20.1636 0 0 -1 0
2.04847 10.6406 -20.1636 0 0 -1 0
-7.4806 2.23936 -20.1636 0 0 -1 0
5.56063 0.635083 -20.1636 0 0 -1 0
0.993803 16.0992 -20.1636 0 0 -1 0
16.7681 0.771296 -20.1636 0 0 -1 0
-6.91797 -3.30689 -20.1636 0 0 -1 0
11.9211 14.3302 -20.1636 0 0 -1 0
-14.2388 5.11885 -20.1636 0 0 -1 0
-9.18595 -9.06371 -20.1636 0 0 -1 0
12.6913 1.69871 -20.1636 0 0 -1 0
-18.8072 -5.92262 -20.1636 0 0 -1 0
12.1732 7.5337 -20.1636 0 0 -1 0
16.9911 10.305 -20.1636 0 0 -1 0
-8.25139 -10.265 -20.1636 0 0 -1 0
-4.21835 -4.06803 -20.1636 0 0 -1 0
-1.78231 10.5804 -20.1636 0 0 -1 0
-0.70818 13.5874 -20.1636 0 0 -1 0
-14.899 0.828503 -20.1636 0 0 -1 0
1.10203 -18.6729 -20.1636 0 0 -1 0
-10.1829 2.53802 -20.1636 0 0 -1 0
-13.6946 7.87281 -20.1636 0 0 -1 0
-7.86205 -0.624748 -20.1636 0 0 -1 0
11.0523 11.6814 -20.1636 0 0 -1 0
1.67886 -10.5022 -20.1636 0 0 -1 0
-2.80372 19.5238 -20.1636 0 0 -1 0
1.55685 -5.63947 -20.1636 0 0 -1 0
-8.5607 3.22211 -20.1636 0 0 -1 0
-9.17226 17.4645 -20.1636 0 0 -1 0
-12.5096 -12.5703 -20.1636 0 0 -1 0
-16.3824 11.3191 -20.1636 0 0 -1 0
-12.1315 13.4208 -20.1636 0 0 -1 0
13.6581 -9.76299 -20.1636 0 0 -1 0
-13.1604 5.6023 -20.1636 0 0 -1 0
7.4467 10.3146 -20.1636 0 0 -1 0
12.56 -9.56216 -20.1636 0 0 -1 0
-19.3833 3.57681 -20.1636 0 0 -1 0
-16.075 -0.412974 -20.1636 0 0 -1 0
-6.36272 -15.8513 -20.1636 0 0 -1 0
-10.7676 7.74923 -20.1636 0 0 -1 0
-13.7931 -9.5095 -20.1636 0 0 -1 0
-4.713 -10.1543 -20.1636 0 0 -1 0
-7.64727 -16.4615 -20.1636 0 0 -1 0
-13.9497 -3.69903 -20.1636 0 0 -1 0
5.24564 -11.734 -20.1636 0 0 -1 0
-7.60555 13.8416 -20.1636 0 0 -1 0
2.50537 -9.93911 -20.1636 0 0 -1 0
-2.15776 18.4018 -20.1636 0 0 -1 0
5.76762 -10.2162 -20.1636 0 0 -1 0
-7.64667 7.34326 -20.1636 0 0 -1 0
8.20585 -14.9402 -20.1636 0 0 -1 0
11.9566 -5.80016 -20.1636 0 0 -1 0
0.616529 17.6013 -20.1636 0 0 -1 0
0.709191 9.64492 -20.1636 0 0 -1 0
-18.4111 2.88627 -20.1636 0 0 -1 0
-9.47318 -7.31586 -20.1636 0 0 -1 0
-0.99174 2.73221 -20.1636 0 0 -1 0
3.98519 1.93004 -20.1636 0 0 -1 0
-8.89497 5.02809 -20.1636 0 0 -1 0
-19.8695 -1.72835 -20.1636 0 0 -1 0
7.02651 18.4864 -20.1636 0 0 -1 0
19.8373 -0.51028 -20.1636 0 0 -1 0
16.9692 -10.3012 -20.1636 0 0 -1 0
2.8644 11.1766 -20.1636 0 0 -1 0
15.8037 -6.30666 -20.1636 0 0 -1 0
-9.29198 -14.3875 -20.1636 0 0 -1 0
4.77245 -0.919484 -20.1636 0 0 -1 0
-5.83617 9.08276 -20.1636 0 0 -1 0
8.12856 -1.32582 -20.1636 0 0 -1 0
3.39097 19.6309 -20.1636 0 0 -1 0
14.2043 6.5451 -20.1636 0 0 -1 0
6.70973 17.5443 -20.1636 0 0 -1 0
3.97858 -10.7416 -20.1636 0 0 -1 0
-0.17526 -10.7799 -20.1636 0 0 -1 0
17.5041 -5.99657 -20.1636 0 0 -1 0
-10.8284 -3.61171 -20.1636 0 0 -1 0
3.72486 6.95641 -20.1636 0 0 -1 0
-14.4055 9.44046 -20.1636 0 0 -1 0
-1.36298 17.2177 -20.1636 0 0 -1 0
0.663343 2.64196 -20.1636 0 0 -1 0
13.0907 -1.51782 -20.1636 0 0 -1 0
-3.88215 -18.3248 -20.1636 0 0 -1 0
3.06757 -13.0145 -20.1636 0 0 -1 0
16.4419 -4.84478 -20.1636 0 0 -1 0
-8.94926 -13.4874 -20.1636 0 0 -1 0
7.78533 -12.2422 -20.1636 0 0 -1 0
6.79978 -14.522 -20.1636 0 0 -1 0
-9.0089 9.84315 -20.1636 0 0 -1 0
3.86776 12.6573 -20.1636 0 0 -1 0
-17.6269 0.037997 -20.1636 0 0 -1 0
-7.51928 14.9256 -20.1636 0 0 -1 0
1.96799 -7.44882 -20.1636 0 0 -1 0
-13.5224 14.6711 -20.1636 0 0 -1 0
2.55977 -2.91805 -20.1636 0 0 -1 0
-0.136586 -7.96141 -20.1636 0 0 -1 0
-11.6678 6.47185 -20.1636 0 0 -1 0
4.20283 13.7171 -20.1636 0 0 -1 0
6.26441 -11.6969 -20.1636 0 0 -1 0
13.2854 4.89894 -20.1636 0 0 -1 0
0.599648 -2.61945 -20.1636 0 0 -1 0
16.9938 -7.65805 -20.1636 0 0 -1 0
-17.2043 2.06231 -20.1636 0 0 -1 0
-11.1307 -6.95667 -20.1636 0 0 -1 0
6.74906 -6.85195 -20.1636 0 0 -1 0
11.342 13.5352 -20.1636 0 0 -1 0
-8.25645 -1.43635 -20.1636 0 0 -1 0
3.33296 16.5108 -20.1636 0 0 -1 0
11.6972 5.57513 -20.1636 0 0 -1 0
-8.60918 0.066673 -20.1636 0 0 -1 0
5.04782 6.3574 -20.1636 0 0 -1 0
-3.712 -13.7087 -20.1636 0 0 -1 0
15.5219 -4.52497 -20.1636 0 0 -1 0
-15.8564 12.2271 -20.1636 0 0 -1 0
-13.1528 -11.1754 -20.1636 0 0 -1 0
0.224137 16.745 -20.1636 0 0 -1 0
15.8323 -0.454069 -20.1636 0 0 -1 0
-7.12955 10.0341 -20.1636 0 0 -1 0
5.04676 -5.04456 -20.1636 0 0 -1 0
-7.50254 -8.79101 -20.1636 0 0 -1 0
-11.697 -16.1984 -20.1636 0 0 -1 0
9.14035 14.6527 -20.1636 0 0 -1 0
10.8187 8.57498 -20.1636 0 0 -1 0
12.5579 -0.054335 -20.1636 0 0 -1 0
-16.7147 0.367732 -20.1636 0 0 -1 0
14.0404 -4.86092 -20.1636 0 0 -1 0
10.7099 -6.8415 -20.1636 0 0 -1 0
-2.22858 5.28372 -20.1636 0 0 -1 0
15.4163 8.94503 -20.1636 0 0 -1 0
3.66517 -6.93667 -20.1636 0 0 -1 0
6.36606 3.75298 -20.1636 0 0 -1 0
-4.65738 -15.6096 -20.1636 0 0 -1 0
13.7509 8.32518 -20.1636 0 0 -1 0
-13.5128 0.990275 -20.1636 0 0 -1 0
6.50506 8.46665 -20.1636 0 0 -1 0
-3.08276 12.3697 -20.1636 0 0 -1 0
6.39279 14.986 -20.1636 0 0 -1 0
-15.566 -3.9524 -20.1636 0 0 -1 0
-1.18468 6.7067 -20.1636 0 0 -1 0
2.0882 -13.0212 -20.1636 0 0 -1 0
-5.25382 -19.1517 -20.1636 0 0 -1 0
10.5813 0.1005 -20.1636 0 0 -1 0
2.7327 -6.75515 -20.1636 0 0 -1 0
10.8178 1.58058 -20.1636 0 0 -1 0
-8.78229 26.2772 -11.9228 -0.20962 0.778945 0.59102 0
-7.96996 26.0705 -6.03115 -0.354169 0.815712 -0.45736 0
-10.3115 26.0484 -11.8015 0.062502 0.819652 0.569442 0
-7.07612 27.5639 -12.3041 -0.513222 0.549984 0.658879 0
-10.5243 26.4857 -12.3274 0.100353 0.741839 0.663027 0
-6.65378 26.1235 -8.94382 -0.588375 0.806289 0.060933 0
-9.95355 25.3267 -10.3888 -0.001201 0.948073 0.318052 0
-9.5336 25.7065 -11.2312 -0.075928 0.880484 0.467956 0
-6.98377 27.0258 -11.6923 -0.529654 0.645724 0.550007 0
-7.57341 26.698 -5.40307 -0.424732 0.704061 -0.569123 0
-5.88417 26.7873 -8.4987 -0.725322 0.688167 -0.018275 0
-7.52227 25.5922 -8.50736 -0.433833 0.900838 -0.016734 0
-9.5463 26.5414 -12.4082 -0.073668 0.73192 0.677397 0
-10.5303 26.3352 -5.05193 0.101428 0.768626 -0.631606 0
-8.33939 25.8807 -11.0841 -0.288431 0.849488 0.441789 0
-8.79932 26.7701 -12.4929 -0.206588 0.691238 0.692468 0
-5.96039 26.8263 -9.56395 -0.711759 0.681222 0.17128 0
-10.9158 25.6056 -10.8765 0.170023 0.898443 0.404837 0
-6.14378 27.1262 -10.7383 -0.679126 0.627857 0.380241 0
-6.01021 27.3912 -6.29308 -0.702894 0.58071 -0.410751 0
-6.65079 27.2014 -5.65121 -0.588906 0.614491 -0.524967 0
-11.6489 25.4441 -9.85853 0.300477 0.927185 0.2237 0
-5.44998 27.6132 -10.0114 -0.802583 0.54121 0.250902 0
-12.0832 25.4684 -9.02273 0.377765 0.922861 0.074974 0
-9.53967 26.1027 -11.8701 -0.074847 0.809988 0.581651 0
-9.3416 25.1877 -7.45647 -0.110094 0.972817 -0.203733 0
-8.4524 25.263 -8.11395 -0.268321 0.959417 -0.086737 0
21.5908 15.8018 -7.34524 0.798179 0.559416 -0.223525 0
21.431 15.8459 -9.22879 0.82662 0.551576 0.111641 0
22.1608 15.2787 -6.9269 0.696752 0.652497 -0.297967 0
22.3317 15.6361 -6.03115 0.666344 0.588903 -0.45736 0
21.9522 16.5375 -5.63941 0.733879 0.42851 -0.527068 0
21.5871 17.8563 -11.8015 0.798849 0.193843 0.569442 0
23.369 15.9566 -4.68766 0.481769 0.531876 -0.696424 0
24.0282 15.2475 -12.3041 0.364472 0.658057 0.658879 0
22.7888 14.4007 -8.94382 0.585009 0.808735 0.060933 0
22.8187 14.581 -9.9867 0.579696 0.776651 0.246507 0
20.7088 17.7821 -7.41093 0.955125 0.207032 -0.211837 0
23.0747 14.7473 -6.37749 0.534137 0.747058 -0.395729 0
21.1693 17.3212 -6.39618 0.873193 0.289054 -0.392405 0
23.545 14.9934 -11.6923 0.450448 0.703271 0.550007 0
21.6092 17.5023 -5.51225 0.794905 0.256832 -0.549694 0
22.0151 15.0625 -8.50736 0.722686 0.690974 -0.016734 0
23.1838 15.9431 -12.3696 0.514722 0.534273 0.670532 0
22.2924 17.2808 -12.4082 0.673332 0.296238 0.677397 0
21.7922 18.1529 -5.05193 0.76235 0.141054 -0.631606 0
22.037 15.9288 -11.0841 0.718781 0.53682 0.441789 0
22.7407 16.6411 -12.4929 0.593567 0.410081 0.692468 0
20.9792 18.2941 -10.8765 0.90701 0.115933 0.404837 0
23.9001 14.2256 -10.7383 0.387266 0.839906 0.380241 0
20.5773 18.9452 -7.44307 0.978527 7.3e-05 -0.206118 0
20.5991 18.9414 -9.85853 0.974658 0.000745 0.2237 0
24.5776 13.7162 -10.0114 0.26671 0.930545 0.250902 0
20.4844 19.3626 -8.23051 0.995057 -0.074207 -0.065998 0
21.8772 17.139 -11.8701 0.747215 0.321484 0.581651 0
22.1554 14.9962 -9.38221 0.697718 0.70277 0.138941 0
24.583 13.5546 -8.06388 0.265735 0.95929 -0.095647 0
24.575 13.5521 -9.08859 0.267158 0.959745 0.086694 0
22.7137 15.628 -11.6457 0.598367 0.590344 0.541711 0
21.4146 15.8454 -8.11395 0.829544 0.551664 -0.086737 0
15.8018 -21.5908 -7.34524 0.559416 -0.798179 -0.223525 0
16.4725 -22.2772 -11.9228 0.440067 -0.676044 0.59102 0
16.5375 -21.9522 -5.63941 0.42851 -0.733879 -0.527068 0
17.8563 -21.5871 -11.8015 0.193843 -0.798849 0.569442 0
15.9566 -23.369 -4.68766 0.531876 -0.481769 -0.696424 0
17.1897 -22.2748 -4.85362 0.312459 -0.676477 -0.666894 0
15.2475 -24.0282 -12.3041 0.658057 -0.364472 0.658879 0
18.1937 -21.9372 -12.3274 0.1338 -0.736541 0.663027 0
16.7579 -20.9012 -8.49067 0.389294 -0.920903 -0.019703 0
14.4007 -22.7888 -8.94382 0.808735 -0.585009 0.060933 0
14.1409 -23.6379 -7.00457 0.854971 -0.433919 -0.284144 0
17.3212 -21.1693 -6.39618 0.289054 -0.873193 -0.392405 0
15.2443 -21.9441 -7.70361 0.658623 -0.735319 -0.159756 0
15.9288 -22.037 -11.0841 0.53682 -0.718781 0.441789 0
14.2256 -23.9001 -10.7383 0.839906 -0.387266 0.380241 0
14.731 -23.8148 -5.65121 0.749971 -0.402434 -0.524967 0
15.628 -22.7137 -11.6457 0.590344 -0.598367 0.541711 0
15.8454 -21.4146 -8.11395 0.551664 -0.829544 -0.086737 0
17.3147 -20.7328 -7.99471 0.290203 -0.950856 -0.107956 0
-15.4854 -21.6929 -9.22879 -0.615716 -0.780019 0.111641 0
-16.1877 -21.4431 -10.185 -0.490756 -0.82447 0.281793 0
-16.0966 -22.5504 -11.9228 -0.506968 -0.627438 0.59102 0
-16.4069 -21.7717 -6.03115 -0.45175 -0.765992 -0.45736 0
-15.7674 -22.5117 -5.63941 -0.565543 -0.634319 -0.527068 0
-16.5459 -22.5185 -4.97314 -0.427011 -0.633111 -0.645626 0
-15.8727 -23.2316 -4.85362 -0.546813 -0.506209 -0.666894 0
-18.1404 -21.9263 -12.3041 -0.143283 -0.738478 0.658879 0
-15.2414 -24.0822 -12.3274 -0.659146 -0.354855 0.663027 0
-14.6997 -22.3965 -8.49067 -0.755532 -0.654815 -0.019703 0
-17.2234 -20.738 -8.94382 -0.306464 -0.94993 0.060933 0
-17.196 -20.9187 -9.9867 -0.311325 -0.917775 0.246507 0
-14.1523 -23.4361 -9.87997 -0.852936 -0.469827 0.227515 0
-18.1112 -20.7533 -7.00457 -0.148481 -0.947215 -0.284144 0
-14.6392 -22.9393 -10.3888 -0.766301 -0.558234 0.318052 0
-17.0083 -21.3461 -10.9364 -0.344737 -0.841736 0.415496 0
-14.7806 -23.0151 -6.39618 -0.741133 -0.544738 -0.392405 0
-17.7594 -21.5354 -11.6923 -0.211078 -0.808046 0.550007 0
-14.4705 -24.0706 -5.857 -0.796315 -0.356927 -0.488349 0
-17.1476 -21.8197 -5.40307 -0.319946 -0.757452 -0.569123 0
-15.1431 -23.3233 -5.51225 -0.676634 -0.489901 -0.549694 0
-18.2128 -20.5056 -8.4987 -0.130405 -0.991292 -0.018275 0
-16.283 -21.1283 -8.50736 -0.473793 -0.880477 -0.016734 0
-17.1224 -22.327 -12.3696 -0.32443 -0.667182 0.670532 0
-18.056 -21.8791 -4.972 -0.158303 -0.74689 -0.645829 0
-15.116 -23.9986 -5.05193 -0.68145 -0.36973 -0.631606 0
-18.346 -20.5683 -7.66183 -0.106689 -0.980135 -0.167189 0
-18.1995 -20.5902 -9.56395 -0.132759 -0.976237 0.17128 0
-18.0971 -21.3692 -5.65121 -0.150984 -0.837624 -0.524967 0
-13.7158 -24.3767 -7.44307 -0.930612 -0.302451 -0.206118 0
-15.5103 -23.0605 -11.8701 -0.611299 -0.536652 0.581651 0
-19.1912 -20.4878 -8.06388 0.043708 -0.994455 -0.095647 0
-16.7727 -21.8821 -11.6457 -0.386655 -0.746356 0.541711 0
-14.8864 -22.3624 -7.45647 -0.722314 -0.660875 -0.203733 0
-15.47 -21.6873 -8.11395 -0.61847 -0.781007 -0.086737 0
29.0341 0.450363 -4.05163 0 0.098505 0.995137 0
-0.000112 1.55005 -11.3723 0 -0.488204 0.872729 0
-6.09016 1.45109 -11.4254 0 -0.457037 0.889448 0
-0.042583 -3.17496 -8.58484 0 0.999986 -0.005214 0
-1.08205 -0.176494 -5.43131 0 0.055589 -0.998454 0
-0.59737 1.66614 -5.89869 0 -0.524768 -0.851245 0
-0.583637 2.83773 -7.17734 0 -0.893772 -0.448522 0
-0.001645 -2.50374 -6.64898 0 0.788579 -0.614933 0
-0.273163 -2.99558 -7.54918 0 0.943488 -0.331406 0
0.074204 -2.09827 -10.9842 0 0.660873 0.750498 0
-9.19407 -1.52781 -11.3846 0 0.4812 0.876611 0
5.31723 0.712291 -11.6955 0 -0.224344 0.97451 0
-29.6888 -0.708554 -11.6963 0 0.223167 0.97478 0
7.14936 1.3612 -11.4698 0 -0.428726 0.903435 0
-5.63364 2.6021 -10.4207 0 -0.81956 0.572994 0
11.5111 2.75261 -10.1837 0 -0.866964 0.498371 0
-10.3981 3.03057 -9.54813 0 -0.954509 0.298182 0
10.8926 -3.09289 -9.31881 0 0.974137 0.225957 0
14.7257 -2.26646 -10.8249 0 0.713846 0.700303 0
-18.1529 3.16085 -8.30197 0 -0.995543 -0.094307 0
-16.487 -1.2448 -11.5222 0 0.392062 0.919939 0
-10.1206 2.65335 -6.85774 0 -0.835703 -0.549182 0
-14.4051 2.51234 -6.66006 0 -0.791287 -0.611445 0
-15.6229 0.607601 -5.48508 0 -0.19137 -0.981518 0
-14.9243 -2.65777 -6.86447 0 0.837092 -0.547062 0
-14.9367 -3.1474 -8.18368 0 0.991308 -0.131565 0
-19.0518 -0.683785 -11.7019 0 0.215365 0.976534 0
16.6455 -1.21664 -11.534 0 0.383194 0.923668 0
-18.9139 1.26892 -11.5118 0 -0.399661 0.916663 0
-8.61604 -0.810629 -11.6712 0 0.255316 0.966858 0
-11.0603 -0.786558 -11.6774 0 0.247735 0.968828 0
19.7591 1.19101 -11.5445 0 -0.375122 0.926976 0
19.9415 3.0172 -9.58989 0 -0.9503 0.311335 0
18.5696 -3.14916 -9.00562 0 0.991863 0.127313 0
18.7326 -3.06553 -7.77485 0 0.96552 -0.260328 0
18.4456 -2.76151 -7.03465 0 0.869766 -0.493464 0
18.4684 0.005816 -5.4264 0 -0.001832 -0.999998 0
18.2165 2.13433 -6.25081 0 -0.67223 -0.740342 0
-18.6146 -1.96173 -11.0978 0 0.617867 0.786282 0
-18.637 -2.72984 -10.2227 0 0.859793 0.510643 0
-18.4093 -3.15147 -8.98721 0 0.992589 0.121517 0
-18.6459 -3.04033 -7.6865 0 0.957584 -0.288156 0
-18.7856 -2.51016 -6.65724 0 0.790601 -0.612332 0
-18.5708 -1.59905 -5.85847 0 0.503639 -0.863914 0
-18.5505 -0.316629 -5.44222 0 0.099726 -0.995015 0
-18.5814 3.00394 -7.57331 0 -0.946124 -0.323806 0
-18.0449 2.55742 -10.4829 0 -0.805486 0.592614 0
19.1059 -2.15392 -10.934 0 0.6784 0.734693 0
-9.95323 3.12354 -8.0321 0 -0.983793 -0.179307 0
-9.39113 2.42396 -10.652 0 -0.763453 0.645863 0
-20.9036 -1.85652 -11.177 0 0.584732 0.811227 0
21.5077 -2.35616 -10.7296 0 0.742096 0.670294 0
-21.7648 3.14537 -8.16865 0 -0.990668 -0.136299 0
-23.7315 1.87517 -11.1635 0 -0.590605 0.806961 0
24.4994 1.58745 -11.3511 0 -0.499985 0.866034 0
21.9857 2.55348 -6.7145 0 -0.804244 -0.594299 0
21.6524 1.67769 -5.90585 0 -0.528408 -0.848991 0
21.5252 0.571404 -5.47824 0 -0.17997 -0.983672 0
22.2096 -3.16707 -8.37709 0 0.997501 -0.070647 0
23.3391 -2.51046 -10.5452 0 0.790696 0.612208 0
10.2322 3.08536 -7.85227 0 -0.971766 -0.235946 0
7.18427 -2.85213 -7.20642 0 0.89831 -0.439363 0
7.89415 -2.51021 -6.65731 0 0.790617 -0.612311 0
7.23036 0.981568 -5.58193 0 -0.309155 -0.951012 0
7.19389 1.83766 -6.01226 0 -0.57879 -0.815477 0
-6.8576 -2.61781 -6.80482 0 0.824507 -0.565852 0
-7.2561 -0.934804 -5.56713 0 0.294427 -0.955674 0
-7.07162 0.37562 -5.44869 0 -0.118305 -0.992977 0
-7.06783 1.52035 -5.81408 0 -0.478851 -0.877896 0
-8.81822 -1.79975 -5.98577 0 0.566851 -0.82382 0
-10.5296 -2.61454 -10.4027 0 0.823477 0.56735 0
-22.8876 2.55527 -6.71693 0 -0.804809 -0.593534 0
-22.7451 1.4872 -5.79624 0 -0.468408 -0.883512 0
-22.6453 0.183361 -5.4317 0 -0.057751 -0.998331 0
-22.5213 -2.87318 -7.2503 0 0.904938 -0.425543 0
-22.5481 -3.17399 -8.52132 0 0.999682 -0.025222 0
-22.3357 -2.26918 -10.8221 0 0.714701 0.69943 0
8.63132 -2.0309 -11.0419 0 0.639652 0.768665 0
-9.09928 2.29729 -6.40981 0 -0.723557 -0.690265 0
-9.37464 0.314883 -5.44205 0 -0.099176 -0.99507 0
-13.0411 1.20659 -11.5382 0 -0.380029 0.924975 0
-5.18485 2.62544 -6.81599 0 -0.826911 -0.562333 0
-4.82678 1.98871 -6.12639 0 -0.626364 -0.779531 0
-5.42886 0.861583 -5.54553 0 -0.271365 -0.962477 0
-4.8003 -3.16814 -8.39277 0 0.997839 -0.065709 0
-5.36357 -0.164732 -5.43067 0 0.051884 -0.998653 0
-5.3221 -1.45431 -5.77905 0 0.45805 -0.888926 0
-4.65653 -2.18962 -6.30223 0 0.689645 -0.724148 0
26.0347 2.87996 -9.93798 0 -0.907074 0.420971 0
-23.8075 -0.846838 -11.6614 0 0.266721 0.963774 0
-8.39015 3.10106 -9.28262 0 -0.976711 0.21456 0
12.6768 2.77431 -10.1454 0 -0.873799 0.486287 0
24.4005 -0.877089 -11.6528 0 0.276248 0.961086 0
-4.2436 -0.717412 -11.6943 0 0.225956 0.974137 0
26.244 0.686699 -11.7012 0 -0.216283 0.976331 0
16.0768 0.884904 -11.6506 0 -0.27871 0.960375 0
5.26049 -0.824184 -11.6676 0 0.259586 0.96572 0
7.83399 -0.787304 -11.6772 0 0.24797 0.968768 0
9.01041 -0.651865 -11.7088 0 0.205312 0.978697 0
9.97365 -0.517743 -11.7339 0 0.163069 0.986615 0
10.293 2.7836 -10.1286 0 -0.876723 0.480995 0
-2.90268 1.39866 -11.4517 0 -0.440522 0.897742 0
15.9411 -0.714391 -11.695 0 0.225005 0.974358 0
22.9656 0.452574 -11.744 0 -0.142543 0.989789 0
20.28 0.630389 -11.7132 0 -0.198548 0.980091 0
23.5269 1.42405 -11.4391 0 -0.44852 0.893773 0
24.2247 2.82339 -10.0537 0 -0.889256 0.45741 0
23.2084 -3.16284 -8.87897 0 0.996171 0.087425 0
22.8099 -2.77815 -7.06435 0 0.875008 -0.484108 0
22.7355 -2.13154 -6.24827 0 0.67135 -0.741141 0
23.0362 2.70173 -6.93368 0 -0.850938 -0.525267 0
23.5719 -2.89608 -9.90267 0 0.912153 0.409851 0
-22.8534 -1.62773 -11.3274 0 0.512672 0.858585 0
-22.744 -2.62251 -10.3911 0 0.825988 0.563687 0
-23.1355 -3.10612 -9.25916 0 0.978305 0.207169 0
-23.1035 -3.08836 -7.86475 0 0.972713 -0.232013 0
-23.0442 -2.56022 -6.72366 0 0.806368 -0.591414 0
-23.0654 -1.67754 -5.90575 0 0.528359 -0.849021 0
-22.865 2.30614 -10.7837 0 -0.726342 0.687334 0
-1.92074 1.27374 -11.5097 0 -0.401177 0.916001 0
-5.88489 2.13427 -10.952 0 -0.672211 0.74036 0
2.52004 -2.67937 -10.3048 0 0.843896 0.536507 0
-5.53037 -2.05758 -11.0194 0 0.648058 0.761591 0
6.48771 -2.39982 -10.6802 0 0.755849 0.654745 0
5.76808 2.7827 -7.0726 0 -0.876441 -0.481509 0
25.7215 1.36909 -11.466 0 -0.431211 0.902251 0
11.3367 -2.80571 -10.0875 0 0.883688 0.468077 0
5.24559 -3.02125 -7.62536 0 0.951576 -0.307413 0
-0.622369 2.75792 -10.1745 0 -0.868636 0.49545 0
-5.08968 -2.99572 -7.54959 0 0.943533 -0.331277 0
-14.9804 3.1483 -9.0123 0 -0.99159 0.129418 0
-13.3238 2.40397 -10.6754 0 -0.757155 0.653235 0
15.5899 2.98567 -9.68141 0 -0.940367 0.340162 0
0.211806 -1.22236 -11.5317 0 0.384997 0.922918 0
-14.3735 3.1271 -8.05198 0 -0.984914 -0.173044 0
14.7964 2.69196 -10.2848 0 -0.84786 0.53022 0
3.96311 2.63192 -6.82556 0 -0.828953 -0.559318 0
-3.7117 -3.04336 -7.69663 0 0.958538 -0.284966 0
26.3915 -0.696351 -5.5037 0 0.219323 -0.975652 0
-4.51297 0.466411 -5.46084 0 -0.146901 -0.989151 0
4.12125 -1.99825 -6.13409 0 0.629372 -0.777104 0
-25.6215 0.615868 -5.4867 0 -0.193974 -0.981007 0
-25.3564 -0.743319 -5.51463 0 0.234116 -0.972209 0
-25.0902 -1.82237 -6.00148 0 0.573975 -0.818873 0
-25.5444 -3.13937 -9.07575 0 0.988776 0.149404 0
-25.6124 -1.70067 -11.2825 0 0.535645 0.844443 0
3.76428 -2.65464 -10.3431 0 0.836108 0.548564 0
12.5404 -2.83519 -7.17231 0 0.892975 -0.450107 0
-9.55591 3.15026 -8.997 0 -0.992207 0.1246 0
-13.9928 1.43782 -5.77062 0 -0.452857 -0.891583 0
14.3516 2.86681 -7.23684 0 -0.902933 -0.429782 0
14.1242 -2.09183 -6.21291 0 0.658844 -0.752279 0
13.5367 -0.030651 -5.42654 0 0.009654 -0.999953 0
7.92333 2.54018 -10.5062 0 -0.800057 0.599924 0
-11.6914 3.02006 -9.58112 0 -0.9512 0.308574 0
-26.5782 2.6459 -10.3563 0 -0.833353 0.552741 0
10.7296 -2.23424 -6.34556 0 0.703699 -0.710499 0
26.4623 -2.44492 -10.627 0 0.770054 0.637979 0
-8.69173 -2.14093 -10.946 0 0.67431 0.738448 0
-26.2737 -2.37603 -10.7074 0 0.748357 0.663296 0
-25.4536 -2.27168 -6.38326 0 0.715489 -0.698624 0
-26.1149 -0.1921 -5.43221 0 0.060504 -0.998168 0
-26.264 1.28227 -5.69685 0 -0.403865 -0.914819 0
-26.424 2.79597 -7.09701 0 -0.880621 -0.473822 0
-26.3214 -0.87364 -11.6538 0 0.275162 0.961398 0
7.5251 3.17121 -8.44625 0 -0.998805 -0.048864 0
-19.8428 1.81469 -11.2067 0 -0.571557 0.820562 0
3.55881 1.40504 -5.7542 0 -0.442531 -0.896753 0
19.6225 3.12516 -8.04104 0 -0.984302 -0.176491 0
19.7953 0.615829 -5.48669 0 -0.193962 -0.981009 0
19.8436 -2.19102 -6.30356 0 0.690084 -0.723729 0
-3.50275 1.92135 -6.07374 0 -0.605149 -0.796112 0
-7.1175 1.20547 -11.5387 0 -0.379674 0.92512 0
-20.2434 -2.3222 -10.7666 0 0.731403 0.681946 0
-20.3423 1.58489 -5.85026 0 -0.499177 -0.8665 0
-20.3156 0.292545 -5.4399 0 -0.09214 -0.995746 0
-20.2935 -1.00832 -5.59076 0 0.31758 -0.948231 0
-20.3073 -2.1052 -6.22469 0 0.663055 -0.74857 0
-20.2864 -2.84672 -7.19541 0 0.896605 -0.44283 0
-20.2225 -3.16917 -8.40911 0 0.998164 -0.060561 0
-11.0499 -2.04042 -11.0339 0 0.642652 0.766158 0
-3.59744 -3.06751 -9.42056 0 0.966144 0.258003 0
11.6428 -3.17454 -8.65537 0 0.999856 0.016999 0
-12.2351 -1.53083 -5.81982 0 0.482152 -0.876087 0
-27.102 3.17394 -8.68341 0 -0.999666 0.02583 0
-12.03 0.646979 -5.49301 0 -0.203773 -0.979018 0
15.9802 2.53535 -10.5126 0 -0.798535 0.601948 0
-12.6753 -2.86767 -9.96414 0 0.903204 0.429211 0
17.9386 -2.36389 -6.48181 0 0.744533 -0.667585 0
-12.3749 2.10204 -10.9809 0 -0.662061 0.74945 0
-24.9341 0.729556 -11.6914 0 -0.229781 0.973242 0
-17.6212 -3.1501 -8.20454 0 0.992158 -0.124993 0
-17.7394 -2.77653 -7.06143 0 0.874498 -0.48503 0
-18.078 -2.18022 -6.29331 0 0.686684 -0.726956 0
-17.9432 -0.966376 -5.57704 0 0.30437 -0.952554 0
-18.0129 0.369444 -5.44796 0 -0.11636 -0.993207 0
-17.8933 1.57312 -5.84351 0 -0.495471 -0.868624 0
-7.97505 -2.2737 -6.38534 0 0.716126 -0.697971 0
8.26977 1.35405 -5.72961 0 -0.426472 -0.904501 0
-7.69888 -1.64005 -5.88278 0 0.516551 -0.856257 0
11.8937 -2.28607 -10.8047 0 0.720023 0.69395 0
-7.97389 -0.150705 -5.42997 0 0.047466 -0.998873 0
-6.28294 0.814227 -11.6702 0 -0.256449 0.966558 0
13.9067 3.17207 -8.73769 0 -0.999078 0.042927 0
-7.76813 3.16363 -8.86987 0 -0.996419 0.084558 0
-15.144 2.92261 -7.36084 0 -0.920507 -0.390726 0
-12.0516 2.58065 -10.451 0 -0.812802 0.582539 0
-19.4052 2.53555 -10.5123 0 -0.798597 0.601866 0
-15.7561 0.652342 -11.7087 0 -0.205462 0.978665 0
-15.6285 2.37846 -10.7046 0 -0.749122 0.662432 0
15.2358 1.11234 -5.62762 0 -0.350343 -0.936622 0
14.88 0.02075 -5.42646 0 -0.006536 -0.999979 0
15.0082 -0.987903 -5.584 0 0.311151 -0.950361 0
14.9337 -1.70708 -5.92436 0 0.537663 -0.84316 0
16.0542 -2.33107 -10.757 0 0.734195 0.678939 0
15.8003 3.14575 -8.1714 0 -0.990787 -0.135431 0
-16.056 -1.60475 -5.8618 0 0.505433 -0.862866 0
-15.6062 2.15116 -6.2662 0 -0.67753 -0.735495 0
-15.5146 -2.98472 -7.51878 0 0.94007 -0.340982 0
-15.5287 -3.16355 -8.87081 0 0.996393 0.084855 0
-15.2315 -2.74463 -10.1975 0 0.864451 0.502718 0
-1.1123 3.05238 -9.47523 0 -0.961381 0.275222 0
-7.04228 0.529909 -11.7319 0 -0.166901 0.985974 0
8.01975 -3.17435 -8.53691 0 0.999794 -0.02031 0
9.03703 0.747938 -5.51575 0 -0.235571 -0.971857 0
8.74379 -1.34375 -5.72477 0 0.423229 -0.906023 0
-12.225 -3.10245 -9.27626 0 0.977149 0.212556 0
-9.00034 2.89249 -7.29216 0 -0.911022 -0.412358 0
5.04023 2.88768 -9.92121 0 -0.909506 0.415691 0
10.7564 2.22988 -6.34125 0 -0.702326 -0.711856 0
10.3104 0.716497 -5.5083 0 -0.225668 -0.974204 0
10.4178 -0.445443 -5.4578 0 0.140297 -0.990109 0
11.0327 2.8549 -7.21209 0 -0.899181 -0.437577 0
-18.0632 -0.455967 -11.7435 0 0.143612 0.989634 0
-9.8672 -0.782499 -11.6785 0 0.246456 0.969154 0
-3.6839 -2.54639 -10.4979 0 0.802011 0.597309 0
23.2231 -0.668703 -11.7052 0 0.210615 0.977569 0
-15.1639 1.17759 -11.5499 0 -0.370894 0.928675 0
-14.922 -0.856671 -11.6586 0 0.269818 0.962911 0
24.9629 0.764309 -11.683 0 -0.240727 0.970593 0
20.6294 -0.879108 -11.6523 0 0.276885 0.960903 0
12.2069 -0.716785 -11.6944 0 0.225759 0.974183 0
-12.1594 3.17438 -8.53879 0 -0.999806 -0.019719 0
21.8298 -0.704202 -11.6973 0 0.221796 0.975093 0
9.69364 -1.87904 -11.1607 0 0.591824 0.806067 0
-4.78808 2.8088 -10.0817 0 -0.884662 0.466232 0
9.72856 2.20055 -6.31268 0 -0.693087 -0.720854 0
9.52637 1.56062 -5.83642 0 -0.491534 -0.870858 0
9.17394 -0.603624 -5.4843 0 0.190118 -0.981761 0
15.0824 -3.17428 -8.53392 0 0.999774 -0.021252 0
15.1706 -2.98534 -7.52048 0 0.940264 -0.340447 0
15.5171 -2.38598 -6.50671 0 0.751491 -0.659744 0
22.0752 0.744295 -11.6879 0 -0.234424 0.972134 0
8.7723 2.17701 -10.9125 0 -0.685674 0.727909 0
9.69465 2.89162 -7.29024 0 -0.910748 -0.412963 0
-25.0695 -0.872373 -11.6542 0 0.274763 0.961512 0
-14.2511 -2.97217 -7.48479 0 0.936118 -0.351687 0
9.75327 -1.21198 -5.66682 0 0.381725 -0.924276 0
-13.969 -2.80849 -10.0823 0 0.884564 0.466419 0
-9.95944 2.93346 -7.38673 0 -0.923926 -0.382572 0
26.8658 -2.73958 -6.99661 0 0.862859 -0.505444 0
27.3442 -1.22609 -5.67269 0 0.386171 -0.922427 0
27.4779 -0.368803 -5.44789 0 0.116159 -0.993231 0
26.8606 2.00903 -6.14286 0 -0.632767 -0.774343 0
27.2162 -1.87902 -6.04212 0 0.591818 -0.806072 0
27.5733 1.98643 -11.0782 0 -0.625647 0.780106 0
27.3616 2.57391 -6.74247 0 -0.81068 -0.58549 0
27.588 -2.37666 -6.49614 0 0.748555 -0.663073 0
27.4445 -3.17481 -8.56674 0 0.99994 -0.010916 0
3.0133 2.30744 -10.7823 0 -0.726752 0.6869 0
2.97445 -2.34216 -10.745 0 0.737688 0.675142 0
-27.0351 -2.82438 -10.0517 0 0.88957 0.456799 0
-26.8414 0.490575 -5.46453 0 -0.154512 -0.987991 0
-25.6327 -2.52904 -6.68187 0 0.796549 -0.604575 0
-25.9244 -1.94358 -6.09079 0 0.612151 -0.790741 0
27.1677 3.16239 -8.88406 0 -0.996029 0.089029 0
-2.96749 -2.11585 -10.9686 0 0.66641 0.745586 0
-2.23265 -2.24002 -6.3513 0 0.705519 -0.708691 0
2.16619 2.55629 -6.71831 0 -0.805131 -0.593097 0
20.7129 2.07983 -11.0003 0 -0.655066 0.755572 0
3.54022 3.07664 -7.81723 0 -0.96902 -0.246982 0
-2.48672 -3.11151 -9.23318 0 0.980002 0.198988 0
-3.14205 2.8968 -7.30171 0 -0.912377 -0.409351 0
14.0366 2.3521 -10.7341 0 -0.74082 0.671703 0
3.08666 -3.0001 -9.64065 0 0.944912 0.327324 0
-3.2031 -2.63678 -6.83278 0 0.830483 -0.557044 0
20.5745 1.12834 -11.5691 0 -0.355382 0.934721 0
20.5882 -2.64851 -10.3524 0 0.834175 0.5515 0
20.4313 -2.57565 -6.74489 0 0.81123 -0.584728 0
3.03258 -2.41486 -6.54006 0 0.760584 -0.649239 0
-20.8595 -2.53158 -6.68522 0 0.797348 -0.60352 0
-20.9834 2.14053 -6.25646 0 -0.674184 -0.738563 0
-2.8001 -1.51462 -5.81096 0 0.477047 -0.878878 0
12.0856 3.05567 -9.46365 0 -0.962417 0.271577 0
-2.68539 -2.58246 -10.4484 0 0.813373 0.581743 0
-7.0719 3.17007 -8.42459 0 -0.998448 -0.055688 0
-2.78672 1.30579 -5.70734 0 -0.411271 -0.911513 0
-3.4743 0.52915 -5.4708 0 -0.166662 -0.986014 0
8.04923 3.12191 -9.17958 0 -0.983279 0.182106 0
4.95787 -2.3402 -10.7471 0 0.737072 0.675814 0
-22.5865 -0.77298 -11.6809 0 0.243458 0.969911 0
-0.127621 -2.67326 -10.3144 0 0.841973 0.53952 0
-12.8387 3.10739 -9.25314 0 -0.978705 0.205273 0
9.71482 2.44655 -10.625 0 -0.770567 0.637359 0
2.95441 2.81121 -7.12568 0 -0.885419 -0.464794 0
-28.2282 -1.64523 -11.3169 0 0.518183 0.85527 0
-7.01416 -2.07206 -6.19573 0 0.652616 -0.757689 0
11.619 1.56759 -11.3624 0 -0.493728 0.869616 0
8.17979 3.11747 -7.99972 0 -0.98188 -0.189504 0
1.93077 1.92623 -11.1253 0 -0.606687 0.794941 0
3.59572 3.16425 -8.86251 0 -0.996613 0.082239 0
18.641 2.23225 -10.8592 0 -0.703071 0.711119 0
-15.077 -0.059381 -5.42695 0 0.018703 -0.999825 0
-15.0521 1.37448 -5.73933 0 -0.432908 -0.901438 0
-2.71058 0.718539 -11.694 0 -0.226311 0.974055 0
18.6869 3.16248 -8.31971 0 -0.996057 -0.088719 0
4.69566 -3.17479 -8.56526 0 0.999935 -0.011382 0
28.2232 3.12044 -9.18747 0 -0.982816 0.18459 0
13.2059 2.47386 -10.5915 0 -0.77917 0.626813 0
19.0183 -2.9718 -9.71898 0 0.936001 0.351996 0
19.1818 -3.16953 -8.41517 0 0.998278 -0.058653 0
18.901 0.598395 -5.4833 0 -0.188471 -0.982079 0
18.8204 1.70288 -5.92169 0 -0.53634 -0.844002 0
-19.2059 -2.10993 -6.22888 0 0.664545 -0.747248 0
-28.0542 3.159 -8.28305 0 -0.994961 -0.100266 0
-19.1531 -2.82517 -7.15258 0 0.889816 -0.45632 0
-19.0338 -3.16434 -8.34142 0 0.996642 -0.081881 0
-19.152 0.328298 -5.44341 0 -0.103401 -0.99464 0
-19.1401 2.65987 -6.8677 0 -0.837755 -0.546047 0
7.03514 -2.88807 -9.92037 0 0.909627 0.415426 0
-3.07086 -0.146021 -5.42976 0 0.045991 -0.998942 0
-2.65319 1.87743 -6.04095 0 -0.591318 -0.806438 0
-19.1121 -2.35338 -10.7327 0 0.741221 0.671261 0
2.08109 -1.66095 -5.8955 0 0.523135 -0.85225 0
14.7563 0.860457 -11.6576 0 -0.27101 0.962577 0
-9.82662 -2.12508 -10.9603 0 0.669317 0.742977 0
3.37823 -1.41901 -11.4416 0 0.446932 0.894568 0
27.8494 -3.08442 -9.35437 0 0.971471 0.237158 0
27.9123 1.99968 -6.13525 0 -0.629821 -0.77674 0
28.3606 2.9516 -7.4315 0 -0.929639 -0.368472 0
-19.7079 -1.79234 -11.2221 0 0.564515 0.825423 0
22.9451 3.09032 -7.87299 0 -0.973328 -0.229418 0
-28.1569 -2.77334 -10.1471 0 0.873493 0.486837 0
-5.11344 1.44452 -5.77403 0 -0.454968 -0.890508 0
-13.6815 -2.58523 -6.75824 0 0.814246 -0.580521 0
-13.7166 -3.15639 -8.25816 0 0.994139 -0.108107 0
-13.4676 -3.11744 -9.20323 0 0.98187 0.189555 0
-20.5436 3.06494 -9.43009 0 -0.965337 0.261008 0
3.66092 2.91009 -9.87104 0 -0.916564 0.399889 0
7.56211 2.05284 -11.0235 0 -0.646564 0.762859 0
-1.75826 1.16908 -5.64947 0 -0.368213 -0.929741 0
-23.1665 3.1489 -8.19513 0 -0.991779 -0.127959 0
-16.44 3.05025 -9.48264 0 -0.960709 0.277557 0
-17.5043 1.48535 -11.4075 0 -0.467826 0.88382 0
1.42035 -3.16716 -8.82446 0 0.997529 0.070255 0
-10.0687 -1.81544 -5.99663 0 0.571792 -0.820399 0
-5.59724 2.998 -7.55611 0 -0.944252 -0.329223 0
16.6731 -2.89404 -9.9072 0 0.91151 0.411278 0
6.51436 -3.06711 -7.78073 0 0.966017 -0.258477 0
5.6289 -2.87366 -9.95147 0 0.90509 0.42522 0
13.0709 -1.75802 -5.95754 0 0.553706 -0.832712 0
-16.3431 2.72819 -6.97732 0 -0.859272 -0.511519 0
-16.1662 -3.15022 -8.20551 0 0.992196 -0.124688 0
-6.13501 -2.93441 -7.38901 0 0.924223 -0.381853 0
-11.6299 -0.697207 -5.50389 0 0.219593 -0.975592 0
-10.4185 2.01336 -6.1464 0 -0.634129 -0.773227 0
7.13351 -0.789962 -5.52624 0 0.248807 -0.968553 0
6.44065 2.39294 -6.51466 0 -0.753681 -0.65724 0
12.4695 1.60365 -5.86115 0 -0.505087 -0.863069 0
12.5125 -0.146309 -5.42977 0 0.046082 -0.998938 0
-6.5592 -1.54312 -5.82662 0 0.486022 -0.873946 0
-15.3023 -1.77596 -11.2332 0 0.559357 0.828927 0
-6.66152 -0.235941 -5.43518 0 0.074312 -0.997235 0
-6.61026 0.958187 -5.57443 0 -0.301791 -0.953374 0
-6.87237 2.12686 -6.24405 0 -0.669878 -0.742471 0
10.2762 -3.17335 -8.49919 0 0.999482 -0.032192 0
4.04352 -0.770398 -11.6815 0 0.242645 0.970115 0
-7.76677 -1.6608 -11.3074 0 0.523087 0.852279 0
10.1211 -2.56296 -6.7274 0 0.807231 -0.590236 0
-16.5619 -2.06267 -11.0151 0 0.649659 0.760226 0
-29.5076 3.08766 -9.34096 0 -0.972493 0.232933 0
6.95152 2.83903 -7.17995 0 -0.894184 -0.4477 0
2.6885 -1.89898 -11.1459 0 0.598104 0.801418 0
2.77172 1.35463 -11.4729 0 -0.426656 0.904414 0
7.11838 -2.03768 -6.16655 0 0.641789 -0.766881 0
1.12341 2.09419 -6.21498 0 -0.659587 -0.751628 0
-17.6113 3.15074 -8.99311 0 -0.99236 0.123376 0
9.79838 1.99674 -11.0699 0 -0.628895 0.77749 0
-1.86912 2.86114 -7.22498 0 -0.901145 -0.433518 0
25.247 -2.49826 -10.5608 0 0.786855 0.617138 0
-5.98579 3.1601 -8.90863 0 -0.995307 0.096767 0
-24.6432 -2.85174 -7.20562 0 0.898187 -0.439613 0
-24.9354 -0.01778 -5.42645 0 0.0056 -0.999984 0
-25.0847 1.34513 -5.72542 0 -0.423662 -0.90582 0
5.25318 1.92208 -11.1285 0 -0.60538 0.795937 0
19.6207 1.81039 -11.2097 0 -0.570201 0.821505 0
-13.1651 -2.38311 -10.6993 0 0.750586 0.660773 0
1.57423 -0.823588 -11.6677 0 0.259398 0.965771 0
13.3076 -2.26575 -10.8256 0 0.713624 0.700529 0
25.6268 0.753654 -5.51714 0 -0.237371 -0.971419 0
25.3825 -0.087038 -5.42759 0 0.027414 -0.999624 0
25.0052 -2.80424 -7.11249 0 0.883226 -0.468947 0
24.5641 -3.11476 -9.21692 0 0.981028 0.193865 0
4.03528 0.83335 -11.6651 0 -0.262472 0.96494 0
-10.6312 2.65821 -10.3376 0 -0.837231 0.546849 0
22.3276 3.00914 -9.61418 0 -0.947759 0.318986 0
-21.7041 -1.37438 -11.4635 0 0.432875 0.901454 0
-20.7743 2.29649 -10.7938 0 -0.723303 0.690531 0
-24.4647 3.09366 -7.88732 0 -0.974381 -0.224905 0
20.7707 1.73166 -5.9402 0 -0.545405 -0.838173 0
20.6826 0.600508 -5.4837 0 -0.189136 -0.981951 0
20.5339 -0.452079 -5.45875 0 0.142387 -0.989811 0
21.2407 -3.1685 -8.39841 0 0.997954 -0.063934 0
20.89 -2.85298 -7.20815 0 0.898577 -0.438816 0
-11.33 2.11958 -10.9653 0 -0.667585 0.744533 0
20.7438 -2.16195 -6.27619 0 0.680929 -0.732349 0
-9.24717 -2.43005 -6.558 0 0.76537 -0.643591 0
14.2554 2.48403 -6.62397 0 -0.782371 -0.622812 0
-21.4144 -2.12148 -6.23921 0 0.668184 -0.743996 0
-21.4343 -1.04219 -5.60232 0 0.328248 -0.944592 0
-21.484 0.246985 -5.43602 0 -0.077791 -0.99697 0
-21.3815 -3.17223 -8.46883 0 0.999128 -0.041754 0
-21.3225 -2.96209 -9.74448 0 0.932942 0.360026 0
-21.6561 2.60085 -6.78035 0 -0.819164 -0.573559 0
-13.5259 0.659473 -11.7072 0 -0.207708 0.978191 0
-21.3149 -2.31337 -10.776 0 0.728619 0.684919 0
-19.9626 3.16268 -8.88077 0 -0.996121 0.087993 0
-13.1557 1.7802 -11.2304 0 -0.560694 0.828023 0
8.88945 -3.1057 -7.94166 0 0.978173 -0.207791 0
9.05756 -2.68981 -6.91452 0 0.847185 -0.531299 0
-9.63178 -2.94668 -7.41915 0 0.928088 -0.37236 0
-9.87257 -3.17146 -8.45161 0 0.998886 -0.047178 0
2.10582 0.639685 -11.7113 0 -0.201476 0.979493 0
7.97609 -2.53032 -10.5192 0 0.79695 0.604045 0
17.3426 -3.16758 -8.81838 0 0.997662 0.068343 0
17.5366 -3.04989 -7.71891 0 0.960596 -0.277949 0
17.3026 -2.65837 -6.8654 0 0.837282 -0.546771 0
17.2427 1.95742 -6.10157 0 -0.61651 -0.787347 0
11.4863 3.17281 -8.71933 0 -0.99931 0.037144 0
16.9626 -2.11219 -6.23089 0 0.665255 -0.746616 0
-16.8218 -2.22749 -6.3389 0 0.701573 -0.712598 0
6.55169 -0.853869 -11.6594 0 0.268935 0.963158 0
-14.5024 -2.32446 -10.7642 0 0.732113 0.681184 0
-16.6465 -3.00066 -7.56376 0 0.945088 -0.326815 0
-17.3612 -1.61328 -5.86681 0 0.508119 -0.861287 0
-16.7606 -3.15789 -8.9306 0 0.99461 0.103687 0
7.48292 2.8997 -9.89459 0 -0.913293 0.407304 0
25.7767 2.43342 -10.6408 0 -0.766431 0.642326 0
5.92207 1.35616 -11.4722 0 -0.427137 0.904187 0
29.463 2.81493 -10.07 0 -0.886593 0.46255 0
10.9983 3.13009 -8.0693 0 -0.985857 -0.16759 0
-2.29796 3.02523 -9.56503 0 -0.952829 0.303506 0
0.551391 2.66006 -10.3348 0 -0.837815 0.545955 0
18.6638 3.0188 -9.58499 0 -0.950804 0.309793 0
-12.2694 -1.85821 -11.1758 0 0.585265 0.810842 0
-17.26 3.05884 -7.75042 0 -0.963413 -0.268022 0
16.5061 1.9701 -11.0912 0 -0.620503 0.784204 0
1.4574 2.95976 -9.7505 0 -0.932208 0.361922 0
21.1516 3.00838 -9.61642 0 -0.947522 0.319691 0
4.52507 3.10698 -9.2551 0 -0.978575 0.205891 0
23.1021 2.64498 -10.3577 0 -0.833065 0.553175 0
-8.18372 2.29366 -10.7968 0 -0.722413 0.691462 0
13.7268 2.77023 -10.1527 0 -0.872513 0.48859 0
-5.30457 0.832258 -11.6654 0 -0.262128 0.965033 0
-25.4054 2.5232 -10.5286 0 -0.794708 0.606992 0
6.79827 -2.51464 -6.66304 0 0.792013 -0.610505 0
-0.871954 1.08744 -11.5844 0 -0.342502 0.939517 0
-5.77076 -0.641092 -11.711 0 0.201919 0.979402 0
-26.7201 1.56104 -11.3661 0 -0.491666 0.870784 0
-17.3689 3.16747 -8.38288 0 -0.997629 -0.068824 0
-6.55182 3.05042 -7.72074 0 -0.960762 -0.277373 0
25.4158 -0.675615 -11.7037 0 0.212792 0.977098 0
6.44291 -1.38301 -5.74344 0 0.435594 -0.900143 0
8.1305 -2.89513 -7.298 0 0.911852 -0.410518 0
-0.703439 0.489997 -11.7384 0 -0.15433 0.988019 0
-5.98686 -2.12819 -6.24525 0 0.670298 -0.742092 0
-4.2016 -2.88493 -9.92722 0 0.90864 0.417581 0
21.2573 2.41467 -10.6629 0 -0.760526 0.649308 0
-3.64679 2.99119 -9.66602 0 -0.942106 0.335314 0
13.3899 1.35213 -5.7287 0 -0.425868 -0.904785 0
13.0222 -0.89614 -5.55549 0 0.282249 -0.959341 0
12.4201 -3.13032 -8.0706 0 0.985926 -0.16718 0
12.8304 -3.16886 -8.79872 0 0.998067 0.062148 0
-13.4616 -1.95616 -6.10059 0 0.616115 -0.787657 0
-8.74801 2.63305 -10.3756 0 -0.829306 0.558794 0
1.28467 1.21399 -11.5351 0 -0.38236 0.924013 0
16.5316 3.02586 -7.63974 0 -0.953027 -0.302885 0
28.295 2.80353 -10.0916 0 -0.883002 0.46937 0
8.90649 2.84929 -10.0022 0 -0.897413 0.441192 0
27.3492 0.705557 -11.697 0 -0.222223 0.974996 0
27.7213 3.15692 -8.26302 0 -0.994305 -0.106575 0
28.4383 1.68687 -11.2912 0 -0.531298 0.847185 0
-28.6808 2.18632 -10.9037 0 -0.688604 0.725137 0
28.4048 -3.17122 -8.75622 0 0.99881 0.048763 0
28.3681 -0.871782 -5.54843 0 0.274577 -0.961565 0
28.2926 -1.79964 -5.98569 0 0.566815 -0.823845 0
28.2533 1.21571 -5.66836 0 -0.3829 -0.92379 0
-27.6187 -2.33641 -10.7512 0 0.735876 0.677117 0
-27.5335 -3.16665 -8.3713 0 0.997371 -0.07247 0
-27.4737 1.24386 -5.68019 0 -0.391767 -0.920065 0
2.17763 -2.28604 -10.8047 0 0.720012 0.693962 0
24.6706 -2.83625 -10.0284 0 0.893306 0.449448 0
25.8407 2.91104 -7.33393 0 -0.916863 -0.399203 0
-24.2638 -1.67443 -11.299 0 0.527381 0.849629 0
-24.0715 -2.56448 -6.72948 0 0.807709 -0.589581 0
-24.106 -1.73725 -5.94384 0 0.547165 -0.837025 0
-24.5557 1.97172 -6.11284 0 -0.621015 -0.783798 0
-24.4393 0.723303 -5.50988 0 -0.227812 -0.973705 0
-24.2673 -0.607695 -5.4851 0 0.1914 -0.981512 0
-24.2202 -3.0822 -7.83939 0 0.970772 -0.240002 0
-24.4661 -3.08576 -9.34885 0 0.971894 0.235417 0
-20.594 2.80427 -10.0903 0 -0.883234 0.468933 0
28.2501 -2.82436 -10.0518 0 0.889562 0.456815 0
-27.9869 0.492814 -5.46488 0 -0.155217 -0.98788 0
-27.5684 -0.56196 -5.47652 0 0.176995 -0.984212 0
-27.7878 -2.86883 -7.24108 0 0.903568 -0.428445 0
-27.4524 2.55509 -6.71669 0 -0.804753 -0.59361 0
25.0861 2.75764 -10.1749 0 -0.868548 0.495605 0
0.838944 2.7977 -7.10023 0 -0.881166 -0.472807 0
29.2324 2.04637 -11.0289 0 -0.644528 0.764581 0
0.592093 -2.82306 -7.14848 0 0.889152 -0.457612 0
-28.7269 -0.806683 -11.6722 0 0.254073 0.967185 0
-24.9881 3.11696 -9.20567 0 -0.981721 0.190324 0
21.3498 1.44199 -11.43 0 -0.454171 0.890914 0
16.8646 -1.82889 -11.1967 0 0.576027 0.81743 0
-1.13674 1.78003 -11.2305 0 -0.560641 0.828059 0
-1.39428 -2.71144 -6.94952 0 0.853998 -0.520276 0
1.46502 -2.56263 -6.72695 0 0.807128 -0.590377 0
-3.64333 3.13882 -8.12343 0 -0.988604 -0.150542 0
19.682 -3.08059 -7.83288 0 0.970263 -0.242054 0
19.2234 2.25363 -6.36493 0 -0.709805 -0.704398 0
19.5358 -1.0796 -5.61558 0 0.340033 -0.940414 0
19.4857 -2.63422 -6.82896 0 0.829674 -0.558248 0
18.5895 3.01482 -7.60567 0 -0.94955 -0.313616 0
19.2105 -1.71359 -5.92853 0 0.539714 -0.841848 0
-21.1787 1.6139 -11.3356 0 -0.508315 0.861171 0
-2.16118 -2.84311 -10.0147 0 0.895467 0.445127 0
9.17706 3.12988 -8.06804 0 -0.98579 -0.167985 0
-19.7663 -2.51814 -6.66759 0 0.793115 -0.609072 0
-19.7288 -1.59069 -5.85361 0 0.501006 -0.865444 0
-19.721 -0.351826 -5.44595 0 0.110811 -0.993841 0
1.18148 -0.686673 -5.50154 0 0.216275 -0.976333 0
-2.17326 0.418193 -5.45406 0 -0.131714 -0.991288 0
-1.73627 1.81326 -5.99511 0 -0.571104 -0.820878 0
20.5567 2.65452 -10.3433 0 -0.83607 0.548622 0
-2.17602 -0.667633 -5.49738 0 0.210278 -0.977642 0
-1.38518 -3.175 -8.5985 0 1 -0.000913 0
-29.7004 1.88796 -11.1541 0 -0.594633 0.803997 0
21.893 -3.14246 -9.05479 0 0.989751 0.142802 0
21.757 -3.01797 -7.61525 0 0.950542 -0.310596 0
21.0839 -0.024357 -5.42649 0 0.007671 -0.999971 0
21.383 2.1949 -6.30727 0 -0.691308 -0.72256 0
21.245 -0.87094 -5.54819 0 0.274312 -0.961641 0
21.5583 -2.53334 -6.68755 0 0.797903 -0.602786 0
21.5403 -1.78578 -5.97621 0 0.562451 -0.826831 0
-1.41933 -1.48958 -5.79751 0 0.46916 -0.883113 0
-21.9741 -1.63481 -5.87963 0 0.5149 -0.85725 0
-21.9648 -3.08383 -7.84602 0 0.971286 -0.237915 0
-21.8223 -1.9078 -11.1393 0 0.600882 0.799337 0
-21.8198 -2.66362 -10.3293 0 0.838937 0.544229 0
-22.3648 2.94426 -7.41313 0 -0.927325 -0.374256 0
-4.2626 -2.05813 -11.019 0 0.648229 0.761445 0
20.2888 -2.21553 -10.8756 0 0.697806 0.716287 0
22.7102 -2.1276 -10.9581 0 0.670109 0.742263 0
-1.31878 2.42043 -6.54661 0 -0.76234 -0.647177 0
-10.7676 2.94291 -7.40981 0 -0.926902 -0.375304 0
15.0378 2.19887 -10.8917 0 -0.692558 0.721362 0
1.2233 -2.57127 -10.464 0 0.80985 0.586637 0
-1.48311 -2.3798 -10.7031 0 0.749542 0.661956 0
-29.4478 -1.51867 -11.3896 0 0.478322 0.878184 0
4.85975 2.97905 -7.50326 0 -0.938282 -0.34587 0
-21.8425 2.11201 -10.9721 0 -0.665201 0.746665 0
13.3234 3.07365 -7.80561 0 -0.96808 -0.250642 0
10.141 -2.95395 -7.43742 0 0.930377 -0.366605 0
11.0792 0.795506 -11.6751 0 -0.250553 0.968103 0
-26.0488 3.14943 -9.00353 0 -0.991947 0.126657 0
6.85763 3.13382 -9.11109 0 -0.98703 0.160534 0
-11.1799 -3.16209 -8.88744 0 0.995933 0.090094 0
3.50256 -1.3211 -5.7143 0 0.416093 -0.909322 0
17.3749 2.50523 -10.5519 0 -0.78905 0.614329 0
-10.774 -2.56477 -6.72988 0 0.807801 -0.589455 0
26.5386 1.87917 -11.1606 0 -0.591865 0.806037 0
8.63326 0.808693 -11.6717 0 -0.254706 0.967019 0
5.87376 -1.66004 -11.3079 0 0.522846 0.852427 0
2.60491 3.17139 -8.44996 0 -0.998862 -0.047696 0
18.2726 -3.16445 -8.34282 0 0.996678 -0.08144 0
17.972 1.62443 -5.87342 0 -0.511632 -0.859205 0
18.0607 0.569612 -5.47791 0 -0.179405 -0.983775 0
-29.2617 3.16629 -8.36637 0 -0.997256 -0.074024 0
26.1815 3.13917 -9.07702 0 -0.988716 0.149804 0
23.17 0.95906 -11.6281 0 -0.302066 0.953287 0
5.88429 -3.17245 -8.47423 0 0.999198 -0.040052 0
-5.86988 2.25407 -6.36537 0 -0.709943 -0.704259 0
-6.08402 -0.87641 -5.54975 0 0.276035 -0.961148 0
24.2622 2.9518 -7.43199 0 -0.929701 -0.368316 0
29.1356 -1.67025 -11.3016 0 0.526062 0.850446 0
-7.97173 1.61328 -11.336 0 -0.50812 0.861286 0
24.1919 -2.52893 -10.5211 0 0.796514 0.604621 0
-24.0687 2.49197 -6.63399 0 -0.784874 -0.619656 0
-23.5587 -2.17372 -6.28719 0 0.684637 -0.728884 0
-23.7874 0.098532 -5.42793 0 -0.031034 -0.999518 0
-23.6433 -1.16252 -5.64688 0 0.366147 -0.930557 0
-23.6006 -2.8738 -7.25163 0 0.905135 -0.425124 0
29.4635 -2.14067 -6.25658 0 0.674226 -0.738525 0
25.908 1.95662 -6.10094 0 -0.616257 -0.787545 0
26.3268 -1.59263 -5.85473 0 0.501615 -0.865091 0
25.9418 -2.63067 -6.8237 0 0.828556 -0.559906 0
25.6581 -3.15428 -8.96358 0 0.993472 0.114073 0
-24.0489 3.08587 -9.34843 0 -0.971926 0.235286 0
16.5749 3.154 -8.23682 0 -0.993386 -0.114827 0
26.3052 -1.1986 -11.5415 0 0.377512 0.926005 0
7.4442 -1.71752 -11.2717 0 0.540951 0.841054 0
-6.70638 -2.95275 -9.7684 0 0.93 0.36756 0
-8.07282 -2.97509 -9.71022 0 0.937035 0.349235 0
29.5392 3.05976 -7.75375 0 -0.963704 -0.266974 0
-6.02742 3.14733 -8.18312 0 -0.991284 -0.131739 0
21.0762 0.798585 -11.6743 0 -0.251523 0.967851 0
-25.6575 2.72881 -6.97837 0 -0.859468 -0.511189 0
-25.6251 -2.90019 -9.89349 0 0.913446 0.406959 0
26.3185 -3.16564 -8.35775 0 0.997051 -0.07674 0
-0.196607 -1.80299 -5.988 0 0.56787 -0.823118 0
26.63 2.75702 -7.02676 0 -0.868352 -0.495948 0
-26.1655 0.820218 -11.6686 0 -0.258336 0.966055 0
-0.791006 -3.13913 -8.12547 0 0.988701 -0.1499 0
-10.6547 1.53158 -11.3826 0 -0.482387 0.875958 0
-24.2207 3.17393 -8.68401 0 -0.999661 0.026021 0
4.37181 -2.67174 -6.88605 0 0.841494 -0.540266 0
-29.1524 -2.97883 -9.70012 0 0.938214 0.346056 0
-29.1349 -1.94691 -6.09338 0 0.613201 -0.789927 0
-29.1514 -1.07569 -5.61417 0 0.3388 -0.940858 0
-29.101 0.014363 -5.42643 0 -0.004524 -0.99999 0
-29.0715 2.32429 -6.43845 0 -0.732059 -0.681242 0
27.9434 -1.61037 -11.3377 0 0.507203 0.861827 0
22.585 1.47334 -11.4139 0 -0.464042 0.885813 0
28.9554 3.16934 -8.41196 0 -0.998218 -0.059666 0
-29.067 2.79792 -10.1022 0 -0.881234 0.47268 0
-28.8231 -3.16317 -8.87517 0 0.996275 0.086228 0
29.5143 0.392945 -5.45081 0 -0.123762 -0.992312 0
29.4604 -2.56648 -6.73222 0 0.80834 -0.588716 0
-14.5422 2.99304 -9.6608 0 -0.94269 0.333671 0
6.12658 -2.78037 -7.06837 0 0.875707 -0.482842 0
14.2291 1.49332 -5.7995 0 -0.470337 -0.882487 0
13.997 0.791942 -5.52675 0 -0.249431 -0.968393 0
14.098 -0.664252 -5.49666 0 0.209213 -0.97787 0
-7.64824 0.332959 -11.7589 0 -0.104869 0.994486 0
-25.2793 3.17128 -8.44776 0 -0.998829 -0.048389 0
-0.95776 2.06646 -6.19093 0 -0.650854 -0.759203 0
11.7547 -0.720187 -5.50915 0 0.22683 -0.973934 0
15.9766 -1.52519 -5.81672 0 0.480375 -0.877063 0
11.5388 0.213503 -5.43358 0 -0.067245 -0.997736 0
7.89075 1.0983 -11.5804 0 -0.345921 0.938264 0
12.2785 0.814637 -11.6701 0 -0.256578 0.966523 0
16.2731 -3.1381 -8.11877 0 0.988379 -0.152008 0
19.8378 -1.59576 -11.3462 0 0.502601 0.864519 0
26.345 -0.509393 -11.7353 0 0.160439 0.987046 0
-11.2759 -1.97957 -6.11907 0 0.623487 -0.781833 0
23.9465 -1.64112 -5.88343 0 0.516889 -0.856053 0
23.9095 -0.421989 -5.45456 0 0.13291 -0.991128 0
23.9465 -2.48234 -6.62185 0 0.781839 -0.623481 0
-17.5962 -3.15456 -8.96106 0 0.993563 0.113281 0
-8.98033 -2.99458 -9.65642 0 0.943177 0.332292 0
29.5577 -0.749832 -11.6866 0 0.236167 0.971712 0
20.783 3.04663 -7.70772 0 -0.959569 -0.281473 0
3.42897 -2.80517 -7.11423 0 0.883517 -0.468399 0
16.1956 1.67869 -5.90647 0 -0.528721 -0.848796 0
21.4684 -1.18513 -11.5469 0 0.373269 0.927723 0
-1.92174 -0.631352 -11.713 0 0.198851 0.98003 0
15.7584 2.10314 -10.9799 0 -0.662407 0.749144 0
11.6924 -1.16865 -11.5535 0 0.36808 0.929794 0
28.5552 0.849963 -11.6605 0 -0.267705 0.963501 0
23.8272 -3.15179 -8.21819 0 0.99269 -0.120696 0
16.2813 1.48453 -11.408 0 -0.467568 0.883957 0
-24.6376 -2.84757 -10.0057 0 0.896874 0.442287 0
10.0316 -3.11301 -9.22571 0 0.980477 0.196633 0
-3.91434 2.59115 -10.4362 0 -0.816111 0.577895 0
-11.0399 -1.39098 -5.74731 0 0.438105 -0.898924 0
-29.4838 3.03477 -7.66824 0 -0.955834 -0.293907 0
-8.98006 -0.430388 -5.4557 0 0.135555 -0.99077 0
1.09607 3.08198 -7.83848 0 -0.970702 -0.240287 0
-9.36465 -1.3861 -5.74494 0 0.436567 -0.899672 0
-12.4223 2.27417 -6.38582 0 -0.716273 -0.69782 0
-29.8356 -2.23891 -6.3502 0 0.705169 -0.709039 0
-15.3746 2.61025 -6.79384 0 -0.822125 -0.569308 0
23.9452 2.60716 -6.7894 0 -0.821154 -0.570706 0
-28.1338 -1.52571 -5.81701 0 0.48054 -0.876973 0
-11.8575 -0.03793 -5.42662 0 0.011946 -0.999929 0
